ISO-10303-21;
HEADER;
FILE_DESCRIPTION(('FreeCAD Model'),'2;1');
FILE_NAME('Open CASCADE Shape Model','2026-09-23T01:01:59',('FreeCAD'),(
    'FreeCAD'),'Open CASCADE STEP processor 7.8','FreeCAD','Unknown');
FILE_SCHEMA(('AUTOMOTIVE_DESIGN { 1 0 10303 214 1 1 1 1 }'));
ENDSEC;
DATA;
#1 = APPLICATION_PROTOCOL_DEFINITION('international standard',
  'automotive_design',2000,#2);
#2 = APPLICATION_CONTEXT(
  'core data for automotive mechanical design processes');
#3 = SHAPE_DEFINITION_REPRESENTATION(#4,#10);
#4 = PRODUCT_DEFINITION_SHAPE('','',#5);
#5 = PRODUCT_DEFINITION('design','',#6,#9);
#6 = PRODUCT_DEFINITION_FORMATION('','',#7);
#7 = PRODUCT('Open CASCADE STEP translator 7.8 1',
  'Open CASCADE STEP translator 7.8 1','',(#8));
#8 = PRODUCT_CONTEXT('',#2,'mechanical');
#9 = PRODUCT_DEFINITION_CONTEXT('part definition',#2,'design');
#10 = SHAPE_REPRESENTATION('',(#11,#15,#726),#2707);
#11 = AXIS2_PLACEMENT_3D('',#12,#13,#14);
#12 = CARTESIAN_POINT('',(0.,0.,0.));
#13 = DIRECTION('',(0.,0.,1.));
#14 = DIRECTION('',(1.,0.,-0.));
#15 = MANIFOLD_SOLID_BREP('',#16);
#16 = CLOSED_SHELL('',(#17,#121,#168,#192,#216,#240,#264,#304,#328,#368,
    #392,#416,#440,#473,#504,#541,#565,#600,#624,#648,#672,#689,#706));
#17 = ADVANCED_FACE('',(#18),#116,.F.);
#18 = FACE_BOUND('',#19,.F.);
#19 = EDGE_LOOP('',(#20,#30,#38,#46,#54,#62,#70,#78,#86,#94,#102,#110));
#20 = ORIENTED_EDGE('',*,*,#21,.T.);
#21 = EDGE_CURVE('',#22,#24,#26,.T.);
#22 = VERTEX_POINT('',#23);
#23 = CARTESIAN_POINT('',(0.,52.,0.));
#24 = VERTEX_POINT('',#25);
#25 = CARTESIAN_POINT('',(0.,0.,0.));
#26 = LINE('',#27,#28);
#27 = CARTESIAN_POINT('',(0.,52.,0.));
#28 = VECTOR('',#29,1.);
#29 = DIRECTION('',(0.,-1.,0.));
#30 = ORIENTED_EDGE('',*,*,#31,.T.);
#31 = EDGE_CURVE('',#24,#32,#34,.T.);
#32 = VERTEX_POINT('',#33);
#33 = CARTESIAN_POINT('',(84.,0.,0.));
#34 = LINE('',#35,#36);
#35 = CARTESIAN_POINT('',(0.,0.,0.));
#36 = VECTOR('',#37,1.);
#37 = DIRECTION('',(1.,0.,0.));
#38 = ORIENTED_EDGE('',*,*,#39,.T.);
#39 = EDGE_CURVE('',#32,#40,#42,.T.);
#40 = VERTEX_POINT('',#41);
#41 = CARTESIAN_POINT('',(84.,11.38,0.));
#42 = LINE('',#43,#44);
#43 = CARTESIAN_POINT('',(84.,0.,0.));
#44 = VECTOR('',#45,1.);
#45 = DIRECTION('',(0.,1.,0.));
#46 = ORIENTED_EDGE('',*,*,#47,.T.);
#47 = EDGE_CURVE('',#40,#48,#50,.T.);
#48 = VERTEX_POINT('',#49);
#49 = CARTESIAN_POINT('',(83.2,11.38,0.));
#50 = LINE('',#51,#52);
#51 = CARTESIAN_POINT('',(84.,11.38,0.));
#52 = VECTOR('',#53,1.);
#53 = DIRECTION('',(-1.,0.,0.));
#54 = ORIENTED_EDGE('',*,*,#55,.F.);
#55 = EDGE_CURVE('',#56,#48,#58,.T.);
#56 = VERTEX_POINT('',#57);
#57 = CARTESIAN_POINT('',(83.2,10.22,0.));
#58 = LINE('',#59,#60);
#59 = CARTESIAN_POINT('',(83.2,17.881929824561,0.));
#60 = VECTOR('',#61,1.);
#61 = DIRECTION('',(0.,1.,0.));
#62 = ORIENTED_EDGE('',*,*,#63,.T.);
#63 = EDGE_CURVE('',#56,#64,#66,.T.);
#64 = VERTEX_POINT('',#65);
#65 = CARTESIAN_POINT('',(76.3,10.22,0.));
#66 = LINE('',#67,#68);
#67 = CARTESIAN_POINT('',(59.928403508772,10.22,0.));
#68 = VECTOR('',#69,1.);
#69 = DIRECTION('',(-1.,0.,0.));
#70 = ORIENTED_EDGE('',*,*,#71,.T.);
#71 = EDGE_CURVE('',#64,#72,#74,.T.);
#72 = VERTEX_POINT('',#73);
#73 = CARTESIAN_POINT('',(76.3,21.77,0.));
#74 = LINE('',#75,#76);
#75 = CARTESIAN_POINT('',(76.3,17.881929824561,0.));
#76 = VECTOR('',#77,1.);
#77 = DIRECTION('',(0.,1.,0.));
#78 = ORIENTED_EDGE('',*,*,#79,.F.);
#79 = EDGE_CURVE('',#80,#72,#82,.T.);
#80 = VERTEX_POINT('',#81);
#81 = CARTESIAN_POINT('',(83.2,21.77,0.));
#82 = LINE('',#83,#84);
#83 = CARTESIAN_POINT('',(59.928403508772,21.77,0.));
#84 = VECTOR('',#85,1.);
#85 = DIRECTION('',(-1.,0.,0.));
#86 = ORIENTED_EDGE('',*,*,#87,.F.);
#87 = EDGE_CURVE('',#88,#80,#90,.T.);
#88 = VERTEX_POINT('',#89);
#89 = CARTESIAN_POINT('',(83.2,20.62,0.));
#90 = LINE('',#91,#92);
#91 = CARTESIAN_POINT('',(83.2,17.881929824561,0.));
#92 = VECTOR('',#93,1.);
#93 = DIRECTION('',(0.,1.,0.));
#94 = ORIENTED_EDGE('',*,*,#95,.T.);
#95 = EDGE_CURVE('',#88,#96,#98,.T.);
#96 = VERTEX_POINT('',#97);
#97 = CARTESIAN_POINT('',(84.,20.62,0.));
#98 = LINE('',#99,#100);
#99 = CARTESIAN_POINT('',(77.5,20.62,0.));
#100 = VECTOR('',#101,1.);
#101 = DIRECTION('',(1.,0.,0.));
#102 = ORIENTED_EDGE('',*,*,#103,.T.);
#103 = EDGE_CURVE('',#96,#104,#106,.T.);
#104 = VERTEX_POINT('',#105);
#105 = CARTESIAN_POINT('',(84.,52.,0.));
#106 = LINE('',#107,#108);
#107 = CARTESIAN_POINT('',(84.,20.62,0.));
#108 = VECTOR('',#109,1.);
#109 = DIRECTION('',(0.,1.,0.));
#110 = ORIENTED_EDGE('',*,*,#111,.T.);
#111 = EDGE_CURVE('',#104,#22,#112,.T.);
#112 = LINE('',#113,#114);
#113 = CARTESIAN_POINT('',(84.,52.,0.));
#114 = VECTOR('',#115,1.);
#115 = DIRECTION('',(-1.,0.,0.));
#116 = PLANE('',#117);
#117 = AXIS2_PLACEMENT_3D('',#118,#119,#120);
#118 = CARTESIAN_POINT('',(43.556807017544,25.543859649123,0.));
#119 = DIRECTION('',(0.,0.,1.));
#120 = DIRECTION('',(1.,0.,0.));
#121 = ADVANCED_FACE('',(#122),#163,.T.);
#122 = FACE_BOUND('',#123,.T.);
#123 = EDGE_LOOP('',(#124,#125,#133,#141,#149,#157));
#124 = ORIENTED_EDGE('',*,*,#21,.T.);
#125 = ORIENTED_EDGE('',*,*,#126,.T.);
#126 = EDGE_CURVE('',#24,#127,#129,.T.);
#127 = VERTEX_POINT('',#128);
#128 = CARTESIAN_POINT('',(0.,0.,0.4));
#129 = LINE('',#130,#131);
#130 = CARTESIAN_POINT('',(0.,0.,0.));
#131 = VECTOR('',#132,1.);
#132 = DIRECTION('',(0.,0.,1.));
#133 = ORIENTED_EDGE('',*,*,#134,.F.);
#134 = EDGE_CURVE('',#135,#127,#137,.T.);
#135 = VERTEX_POINT('',#136);
#136 = CARTESIAN_POINT('',(0.,15.,0.4));
#137 = LINE('',#138,#139);
#138 = CARTESIAN_POINT('',(0.,52.,0.4));
#139 = VECTOR('',#140,1.);
#140 = DIRECTION('',(0.,-1.,0.));
#141 = ORIENTED_EDGE('',*,*,#142,.T.);
#142 = EDGE_CURVE('',#135,#143,#145,.T.);
#143 = VERTEX_POINT('',#144);
#144 = CARTESIAN_POINT('',(0.,15.,0.7));
#145 = LINE('',#146,#147);
#146 = CARTESIAN_POINT('',(0.,15.,0.4));
#147 = VECTOR('',#148,1.);
#148 = DIRECTION('',(0.,0.,1.));
#149 = ORIENTED_EDGE('',*,*,#150,.T.);
#150 = EDGE_CURVE('',#143,#151,#153,.T.);
#151 = VERTEX_POINT('',#152);
#152 = CARTESIAN_POINT('',(0.,52.,0.7));
#153 = LINE('',#154,#155);
#154 = CARTESIAN_POINT('',(0.,15.,0.7));
#155 = VECTOR('',#156,1.);
#156 = DIRECTION('',(0.,1.,0.));
#157 = ORIENTED_EDGE('',*,*,#158,.F.);
#158 = EDGE_CURVE('',#22,#151,#159,.T.);
#159 = LINE('',#160,#161);
#160 = CARTESIAN_POINT('',(0.,52.,0.4));
#161 = VECTOR('',#162,1.);
#162 = DIRECTION('',(0.,0.,1.));
#163 = PLANE('',#164);
#164 = AXIS2_PLACEMENT_3D('',#165,#166,#167);
#165 = CARTESIAN_POINT('',(0.,26.042694497154,0.307305502846));
#166 = DIRECTION('',(-1.,-0.,-0.));
#167 = DIRECTION('',(0.,0.,-1.));
#168 = ADVANCED_FACE('',(#169),#187,.T.);
#169 = FACE_BOUND('',#170,.T.);
#170 = EDGE_LOOP('',(#171,#179,#180,#181));
#171 = ORIENTED_EDGE('',*,*,#172,.F.);
#172 = EDGE_CURVE('',#104,#173,#175,.T.);
#173 = VERTEX_POINT('',#174);
#174 = CARTESIAN_POINT('',(84.,52.,0.7));
#175 = LINE('',#176,#177);
#176 = CARTESIAN_POINT('',(84.,52.,0.));
#177 = VECTOR('',#178,1.);
#178 = DIRECTION('',(0.,0.,1.));
#179 = ORIENTED_EDGE('',*,*,#111,.T.);
#180 = ORIENTED_EDGE('',*,*,#158,.T.);
#181 = ORIENTED_EDGE('',*,*,#182,.T.);
#182 = EDGE_CURVE('',#151,#173,#183,.T.);
#183 = LINE('',#184,#185);
#184 = CARTESIAN_POINT('',(0.,52.,0.7));
#185 = VECTOR('',#186,1.);
#186 = DIRECTION('',(1.,0.,0.));
#187 = PLANE('',#188);
#188 = AXIS2_PLACEMENT_3D('',#189,#190,#191);
#189 = CARTESIAN_POINT('',(42.,52.,0.35));
#190 = DIRECTION('',(0.,1.,0.));
#191 = DIRECTION('',(0.,0.,1.));
#192 = ADVANCED_FACE('',(#193),#211,.T.);
#193 = FACE_BOUND('',#194,.T.);
#194 = EDGE_LOOP('',(#195,#196,#197,#205));
#195 = ORIENTED_EDGE('',*,*,#103,.T.);
#196 = ORIENTED_EDGE('',*,*,#172,.T.);
#197 = ORIENTED_EDGE('',*,*,#198,.T.);
#198 = EDGE_CURVE('',#173,#199,#201,.T.);
#199 = VERTEX_POINT('',#200);
#200 = CARTESIAN_POINT('',(84.,20.62,0.7));
#201 = LINE('',#202,#203);
#202 = CARTESIAN_POINT('',(84.,52.,0.7));
#203 = VECTOR('',#204,1.);
#204 = DIRECTION('',(0.,-1.,0.));
#205 = ORIENTED_EDGE('',*,*,#206,.F.);
#206 = EDGE_CURVE('',#96,#199,#207,.T.);
#207 = LINE('',#208,#209);
#208 = CARTESIAN_POINT('',(84.,20.62,0.4));
#209 = VECTOR('',#210,1.);
#210 = DIRECTION('',(0.,0.,1.));
#211 = PLANE('',#212);
#212 = AXIS2_PLACEMENT_3D('',#213,#214,#215);
#213 = CARTESIAN_POINT('',(84.,36.31,0.35));
#214 = DIRECTION('',(1.,0.,0.));
#215 = DIRECTION('',(0.,0.,1.));
#216 = ADVANCED_FACE('',(#217),#235,.T.);
#217 = FACE_BOUND('',#218,.T.);
#218 = EDGE_LOOP('',(#219,#227,#228,#229));
#219 = ORIENTED_EDGE('',*,*,#220,.F.);
#220 = EDGE_CURVE('',#88,#221,#223,.T.);
#221 = VERTEX_POINT('',#222);
#222 = CARTESIAN_POINT('',(83.2,20.62,0.7));
#223 = LINE('',#224,#225);
#224 = CARTESIAN_POINT('',(83.2,20.62,6.770833333333E-02));
#225 = VECTOR('',#226,1.);
#226 = DIRECTION('',(0.,0.,1.));
#227 = ORIENTED_EDGE('',*,*,#95,.T.);
#228 = ORIENTED_EDGE('',*,*,#206,.T.);
#229 = ORIENTED_EDGE('',*,*,#230,.T.);
#230 = EDGE_CURVE('',#199,#221,#231,.T.);
#231 = LINE('',#232,#233);
#232 = CARTESIAN_POINT('',(84.,20.62,0.7));
#233 = VECTOR('',#234,1.);
#234 = DIRECTION('',(-1.,0.,0.));
#235 = PLANE('',#236);
#236 = AXIS2_PLACEMENT_3D('',#237,#238,#239);
#237 = CARTESIAN_POINT('',(80.864583333333,20.62,0.235416666667));
#238 = DIRECTION('',(-0.,-1.,-0.));
#239 = DIRECTION('',(0.,0.,-1.));
#240 = ADVANCED_FACE('',(#241),#259,.F.);
#241 = FACE_BOUND('',#242,.F.);
#242 = EDGE_LOOP('',(#243,#244,#252,#258));
#243 = ORIENTED_EDGE('',*,*,#87,.T.);
#244 = ORIENTED_EDGE('',*,*,#245,.T.);
#245 = EDGE_CURVE('',#80,#246,#248,.T.);
#246 = VERTEX_POINT('',#247);
#247 = CARTESIAN_POINT('',(83.2,21.77,0.7));
#248 = LINE('',#249,#250);
#249 = CARTESIAN_POINT('',(83.2,21.77,-0.1));
#250 = VECTOR('',#251,1.);
#251 = DIRECTION('',(0.,0.,1.));
#252 = ORIENTED_EDGE('',*,*,#253,.T.);
#253 = EDGE_CURVE('',#246,#221,#254,.T.);
#254 = LINE('',#255,#256);
#255 = CARTESIAN_POINT('',(83.2,18.76350877193,0.7));
#256 = VECTOR('',#257,1.);
#257 = DIRECTION('',(0.,-1.,0.));
#258 = ORIENTED_EDGE('',*,*,#220,.F.);
#259 = PLANE('',#260);
#260 = AXIS2_PLACEMENT_3D('',#261,#262,#263);
#261 = CARTESIAN_POINT('',(83.2,10.22,-0.1));
#262 = DIRECTION('',(1.,0.,0.));
#263 = DIRECTION('',(0.,0.,1.));
#264 = ADVANCED_FACE('',(#265),#299,.F.);
#265 = FACE_BOUND('',#266,.F.);
#266 = EDGE_LOOP('',(#267,#268,#269,#277,#285,#293));
#267 = ORIENTED_EDGE('',*,*,#245,.F.);
#268 = ORIENTED_EDGE('',*,*,#79,.T.);
#269 = ORIENTED_EDGE('',*,*,#270,.T.);
#270 = EDGE_CURVE('',#72,#271,#273,.T.);
#271 = VERTEX_POINT('',#272);
#272 = CARTESIAN_POINT('',(76.3,21.77,0.4));
#273 = LINE('',#274,#275);
#274 = CARTESIAN_POINT('',(76.3,21.77,-0.1));
#275 = VECTOR('',#276,1.);
#276 = DIRECTION('',(0.,0.,1.));
#277 = ORIENTED_EDGE('',*,*,#278,.F.);
#278 = EDGE_CURVE('',#279,#271,#281,.T.);
#279 = VERTEX_POINT('',#280);
#280 = CARTESIAN_POINT('',(83.,21.77,0.4));
#281 = LINE('',#282,#283);
#282 = CARTESIAN_POINT('',(59.928403508772,21.77,0.4));
#283 = VECTOR('',#284,1.);
#284 = DIRECTION('',(-1.,0.,0.));
#285 = ORIENTED_EDGE('',*,*,#286,.F.);
#286 = EDGE_CURVE('',#287,#279,#289,.T.);
#287 = VERTEX_POINT('',#288);
#288 = CARTESIAN_POINT('',(83.,21.77,0.7));
#289 = LINE('',#290,#291);
#290 = CARTESIAN_POINT('',(83.,21.77,0.15));
#291 = VECTOR('',#292,1.);
#292 = DIRECTION('',(0.,0.,-1.));
#293 = ORIENTED_EDGE('',*,*,#294,.T.);
#294 = EDGE_CURVE('',#287,#246,#295,.T.);
#295 = LINE('',#296,#297);
#296 = CARTESIAN_POINT('',(60.80998245614,21.77,0.7));
#297 = VECTOR('',#298,1.);
#298 = DIRECTION('',(1.,0.,0.));
#299 = PLANE('',#300);
#300 = AXIS2_PLACEMENT_3D('',#301,#302,#303);
#301 = CARTESIAN_POINT('',(76.3,21.77,-0.1));
#302 = DIRECTION('',(0.,1.,0.));
#303 = DIRECTION('',(0.,0.,1.));
#304 = ADVANCED_FACE('',(#305),#323,.T.);
#305 = FACE_BOUND('',#306,.T.);
#306 = EDGE_LOOP('',(#307,#315,#316,#317));
#307 = ORIENTED_EDGE('',*,*,#308,.F.);
#308 = EDGE_CURVE('',#64,#309,#311,.T.);
#309 = VERTEX_POINT('',#310);
#310 = CARTESIAN_POINT('',(76.3,10.22,0.4));
#311 = LINE('',#312,#313);
#312 = CARTESIAN_POINT('',(76.3,10.22,-0.1));
#313 = VECTOR('',#314,1.);
#314 = DIRECTION('',(0.,0.,1.));
#315 = ORIENTED_EDGE('',*,*,#71,.T.);
#316 = ORIENTED_EDGE('',*,*,#270,.T.);
#317 = ORIENTED_EDGE('',*,*,#318,.F.);
#318 = EDGE_CURVE('',#309,#271,#319,.T.);
#319 = LINE('',#320,#321);
#320 = CARTESIAN_POINT('',(76.3,17.881929824561,0.4));
#321 = VECTOR('',#322,1.);
#322 = DIRECTION('',(0.,1.,0.));
#323 = PLANE('',#324);
#324 = AXIS2_PLACEMENT_3D('',#325,#326,#327);
#325 = CARTESIAN_POINT('',(76.3,10.22,-0.1));
#326 = DIRECTION('',(1.,0.,0.));
#327 = DIRECTION('',(0.,0.,1.));
#328 = ADVANCED_FACE('',(#329),#363,.T.);
#329 = FACE_BOUND('',#330,.T.);
#330 = EDGE_LOOP('',(#331,#339,#340,#341,#349,#357));
#331 = ORIENTED_EDGE('',*,*,#332,.F.);
#332 = EDGE_CURVE('',#56,#333,#335,.T.);
#333 = VERTEX_POINT('',#334);
#334 = CARTESIAN_POINT('',(83.2,10.22,0.7));
#335 = LINE('',#336,#337);
#336 = CARTESIAN_POINT('',(83.2,10.22,-0.1));
#337 = VECTOR('',#338,1.);
#338 = DIRECTION('',(0.,0.,1.));
#339 = ORIENTED_EDGE('',*,*,#63,.T.);
#340 = ORIENTED_EDGE('',*,*,#308,.T.);
#341 = ORIENTED_EDGE('',*,*,#342,.F.);
#342 = EDGE_CURVE('',#343,#309,#345,.T.);
#343 = VERTEX_POINT('',#344);
#344 = CARTESIAN_POINT('',(83.,10.22,0.4));
#345 = LINE('',#346,#347);
#346 = CARTESIAN_POINT('',(59.928403508772,10.22,0.4));
#347 = VECTOR('',#348,1.);
#348 = DIRECTION('',(-1.,0.,0.));
#349 = ORIENTED_EDGE('',*,*,#350,.F.);
#350 = EDGE_CURVE('',#351,#343,#353,.T.);
#351 = VERTEX_POINT('',#352);
#352 = CARTESIAN_POINT('',(83.,10.22,0.7));
#353 = LINE('',#354,#355);
#354 = CARTESIAN_POINT('',(83.,10.22,0.15));
#355 = VECTOR('',#356,1.);
#356 = DIRECTION('',(0.,0.,-1.));
#357 = ORIENTED_EDGE('',*,*,#358,.T.);
#358 = EDGE_CURVE('',#351,#333,#359,.T.);
#359 = LINE('',#360,#361);
#360 = CARTESIAN_POINT('',(60.80998245614,10.22,0.7));
#361 = VECTOR('',#362,1.);
#362 = DIRECTION('',(1.,0.,0.));
#363 = PLANE('',#364);
#364 = AXIS2_PLACEMENT_3D('',#365,#366,#367);
#365 = CARTESIAN_POINT('',(76.3,10.22,-0.1));
#366 = DIRECTION('',(0.,1.,0.));
#367 = DIRECTION('',(0.,0.,1.));
#368 = ADVANCED_FACE('',(#369),#387,.F.);
#369 = FACE_BOUND('',#370,.F.);
#370 = EDGE_LOOP('',(#371,#372,#373,#381));
#371 = ORIENTED_EDGE('',*,*,#332,.F.);
#372 = ORIENTED_EDGE('',*,*,#55,.T.);
#373 = ORIENTED_EDGE('',*,*,#374,.F.);
#374 = EDGE_CURVE('',#375,#48,#377,.T.);
#375 = VERTEX_POINT('',#376);
#376 = CARTESIAN_POINT('',(83.2,11.38,0.7));
#377 = LINE('',#378,#379);
#378 = CARTESIAN_POINT('',(83.2,11.38,6.770833333333E-02));
#379 = VECTOR('',#380,1.);
#380 = DIRECTION('',(0.,0.,-1.));
#381 = ORIENTED_EDGE('',*,*,#382,.T.);
#382 = EDGE_CURVE('',#375,#333,#383,.T.);
#383 = LINE('',#384,#385);
#384 = CARTESIAN_POINT('',(83.2,18.76350877193,0.7));
#385 = VECTOR('',#386,1.);
#386 = DIRECTION('',(0.,-1.,0.));
#387 = PLANE('',#388);
#388 = AXIS2_PLACEMENT_3D('',#389,#390,#391);
#389 = CARTESIAN_POINT('',(83.2,10.22,-0.1));
#390 = DIRECTION('',(1.,0.,0.));
#391 = DIRECTION('',(0.,0.,1.));
#392 = ADVANCED_FACE('',(#393),#411,.T.);
#393 = FACE_BOUND('',#394,.T.);
#394 = EDGE_LOOP('',(#395,#403,#404,#405));
#395 = ORIENTED_EDGE('',*,*,#396,.F.);
#396 = EDGE_CURVE('',#40,#397,#399,.T.);
#397 = VERTEX_POINT('',#398);
#398 = CARTESIAN_POINT('',(84.,11.38,0.7));
#399 = LINE('',#400,#401);
#400 = CARTESIAN_POINT('',(84.,11.38,0.));
#401 = VECTOR('',#402,1.);
#402 = DIRECTION('',(0.,0.,1.));
#403 = ORIENTED_EDGE('',*,*,#47,.T.);
#404 = ORIENTED_EDGE('',*,*,#374,.F.);
#405 = ORIENTED_EDGE('',*,*,#406,.T.);
#406 = EDGE_CURVE('',#375,#397,#407,.T.);
#407 = LINE('',#408,#409);
#408 = CARTESIAN_POINT('',(77.5,11.38,0.7));
#409 = VECTOR('',#410,1.);
#410 = DIRECTION('',(1.,0.,0.));
#411 = PLANE('',#412);
#412 = AXIS2_PLACEMENT_3D('',#413,#414,#415);
#413 = CARTESIAN_POINT('',(80.864583333333,11.38,0.235416666667));
#414 = DIRECTION('',(0.,1.,0.));
#415 = DIRECTION('',(0.,0.,1.));
#416 = ADVANCED_FACE('',(#417),#435,.T.);
#417 = FACE_BOUND('',#418,.T.);
#418 = EDGE_LOOP('',(#419,#427,#428,#429));
#419 = ORIENTED_EDGE('',*,*,#420,.F.);
#420 = EDGE_CURVE('',#32,#421,#423,.T.);
#421 = VERTEX_POINT('',#422);
#422 = CARTESIAN_POINT('',(84.,0.,0.7));
#423 = LINE('',#424,#425);
#424 = CARTESIAN_POINT('',(84.,0.,0.));
#425 = VECTOR('',#426,1.);
#426 = DIRECTION('',(0.,0.,1.));
#427 = ORIENTED_EDGE('',*,*,#39,.T.);
#428 = ORIENTED_EDGE('',*,*,#396,.T.);
#429 = ORIENTED_EDGE('',*,*,#430,.T.);
#430 = EDGE_CURVE('',#397,#421,#431,.T.);
#431 = LINE('',#432,#433);
#432 = CARTESIAN_POINT('',(84.,11.38,0.7));
#433 = VECTOR('',#434,1.);
#434 = DIRECTION('',(0.,-1.,0.));
#435 = PLANE('',#436);
#436 = AXIS2_PLACEMENT_3D('',#437,#438,#439);
#437 = CARTESIAN_POINT('',(84.,5.69,0.35));
#438 = DIRECTION('',(1.,0.,0.));
#439 = DIRECTION('',(0.,0.,1.));
#440 = ADVANCED_FACE('',(#441),#468,.T.);
#441 = FACE_BOUND('',#442,.T.);
#442 = EDGE_LOOP('',(#443,#444,#445,#446,#454,#462));
#443 = ORIENTED_EDGE('',*,*,#126,.F.);
#444 = ORIENTED_EDGE('',*,*,#31,.T.);
#445 = ORIENTED_EDGE('',*,*,#420,.T.);
#446 = ORIENTED_EDGE('',*,*,#447,.T.);
#447 = EDGE_CURVE('',#421,#448,#450,.T.);
#448 = VERTEX_POINT('',#449);
#449 = CARTESIAN_POINT('',(33.5,0.,0.7));
#450 = LINE('',#451,#452);
#451 = CARTESIAN_POINT('',(84.,0.,0.7));
#452 = VECTOR('',#453,1.);
#453 = DIRECTION('',(-1.,0.,0.));
#454 = ORIENTED_EDGE('',*,*,#455,.F.);
#455 = EDGE_CURVE('',#456,#448,#458,.T.);
#456 = VERTEX_POINT('',#457);
#457 = CARTESIAN_POINT('',(33.5,0.,0.4));
#458 = LINE('',#459,#460);
#459 = CARTESIAN_POINT('',(33.5,0.,0.4));
#460 = VECTOR('',#461,1.);
#461 = DIRECTION('',(0.,0.,1.));
#462 = ORIENTED_EDGE('',*,*,#463,.F.);
#463 = EDGE_CURVE('',#127,#456,#464,.T.);
#464 = LINE('',#465,#466);
#465 = CARTESIAN_POINT('',(0.,0.,0.4));
#466 = VECTOR('',#467,1.);
#467 = DIRECTION('',(1.,0.,0.));
#468 = PLANE('',#469);
#469 = AXIS2_PLACEMENT_3D('',#470,#471,#472);
#470 = CARTESIAN_POINT('',(42.0593270366,0.,0.2906729634));
#471 = DIRECTION('',(-0.,-1.,-0.));
#472 = DIRECTION('',(0.,0.,-1.));
#473 = ADVANCED_FACE('',(#474),#499,.T.);
#474 = FACE_BOUND('',#475,.T.);
#475 = EDGE_LOOP('',(#476,#484,#492,#498));
#476 = ORIENTED_EDGE('',*,*,#477,.F.);
#477 = EDGE_CURVE('',#478,#135,#480,.T.);
#478 = VERTEX_POINT('',#479);
#479 = CARTESIAN_POINT('',(1.,15.,0.4));
#480 = LINE('',#481,#482);
#481 = CARTESIAN_POINT('',(33.5,15.,0.4));
#482 = VECTOR('',#483,1.);
#483 = DIRECTION('',(-1.,0.,0.));
#484 = ORIENTED_EDGE('',*,*,#485,.T.);
#485 = EDGE_CURVE('',#478,#486,#488,.T.);
#486 = VERTEX_POINT('',#487);
#487 = CARTESIAN_POINT('',(1.,15.,0.7));
#488 = LINE('',#489,#490);
#489 = CARTESIAN_POINT('',(1.,15.,0.4));
#490 = VECTOR('',#491,1.);
#491 = DIRECTION('',(0.,0.,1.));
#492 = ORIENTED_EDGE('',*,*,#493,.T.);
#493 = EDGE_CURVE('',#486,#143,#494,.T.);
#494 = LINE('',#495,#496);
#495 = CARTESIAN_POINT('',(33.5,15.,0.7));
#496 = VECTOR('',#497,1.);
#497 = DIRECTION('',(-1.,0.,0.));
#498 = ORIENTED_EDGE('',*,*,#142,.F.);
#499 = PLANE('',#500);
#500 = AXIS2_PLACEMENT_3D('',#501,#502,#503);
#501 = CARTESIAN_POINT('',(33.5,15.,0.4));
#502 = DIRECTION('',(0.,-1.,0.));
#503 = DIRECTION('',(-1.,0.,0.));
#504 = ADVANCED_FACE('',(#505),#536,.F.);
#505 = FACE_BOUND('',#506,.F.);
#506 = EDGE_LOOP('',(#507,#517,#523,#524,#525,#526,#527,#528,#529,#530)
  );
#507 = ORIENTED_EDGE('',*,*,#508,.T.);
#508 = EDGE_CURVE('',#509,#511,#513,.T.);
#509 = VERTEX_POINT('',#510);
#510 = CARTESIAN_POINT('',(83.,51.,0.7));
#511 = VERTEX_POINT('',#512);
#512 = CARTESIAN_POINT('',(1.,51.,0.7));
#513 = LINE('',#514,#515);
#514 = CARTESIAN_POINT('',(83.,51.,0.7));
#515 = VECTOR('',#516,1.);
#516 = DIRECTION('',(-1.,0.,0.));
#517 = ORIENTED_EDGE('',*,*,#518,.T.);
#518 = EDGE_CURVE('',#511,#486,#519,.T.);
#519 = LINE('',#520,#521);
#520 = CARTESIAN_POINT('',(1.,51.,0.7));
#521 = VECTOR('',#522,1.);
#522 = DIRECTION('',(0.,-1.,0.));
#523 = ORIENTED_EDGE('',*,*,#493,.T.);
#524 = ORIENTED_EDGE('',*,*,#150,.T.);
#525 = ORIENTED_EDGE('',*,*,#182,.T.);
#526 = ORIENTED_EDGE('',*,*,#198,.T.);
#527 = ORIENTED_EDGE('',*,*,#230,.T.);
#528 = ORIENTED_EDGE('',*,*,#253,.F.);
#529 = ORIENTED_EDGE('',*,*,#294,.F.);
#530 = ORIENTED_EDGE('',*,*,#531,.T.);
#531 = EDGE_CURVE('',#287,#509,#532,.T.);
#532 = LINE('',#533,#534);
#533 = CARTESIAN_POINT('',(83.,1.,0.7));
#534 = VECTOR('',#535,1.);
#535 = DIRECTION('',(0.,1.,0.));
#536 = PLANE('',#537);
#537 = AXIS2_PLACEMENT_3D('',#538,#539,#540);
#538 = CARTESIAN_POINT('',(45.319964912281,27.30701754386,0.7));
#539 = DIRECTION('',(-0.,-0.,-1.));
#540 = DIRECTION('',(-1.,0.,0.));
#541 = ADVANCED_FACE('',(#542),#560,.T.);
#542 = FACE_BOUND('',#543,.T.);
#543 = EDGE_LOOP('',(#544,#552,#553,#554));
#544 = ORIENTED_EDGE('',*,*,#545,.F.);
#545 = EDGE_CURVE('',#279,#546,#548,.T.);
#546 = VERTEX_POINT('',#547);
#547 = CARTESIAN_POINT('',(83.,51.,0.4));
#548 = LINE('',#549,#550);
#549 = CARTESIAN_POINT('',(83.,1.,0.4));
#550 = VECTOR('',#551,1.);
#551 = DIRECTION('',(0.,1.,0.));
#552 = ORIENTED_EDGE('',*,*,#286,.F.);
#553 = ORIENTED_EDGE('',*,*,#531,.T.);
#554 = ORIENTED_EDGE('',*,*,#555,.F.);
#555 = EDGE_CURVE('',#546,#509,#556,.T.);
#556 = LINE('',#557,#558);
#557 = CARTESIAN_POINT('',(83.,51.,0.4));
#558 = VECTOR('',#559,1.);
#559 = DIRECTION('',(0.,0.,1.));
#560 = PLANE('',#561);
#561 = AXIS2_PLACEMENT_3D('',#562,#563,#564);
#562 = CARTESIAN_POINT('',(83.,1.,0.4));
#563 = DIRECTION('',(-1.,0.,0.));
#564 = DIRECTION('',(0.,1.,0.));
#565 = ADVANCED_FACE('',(#566),#595,.F.);
#566 = FACE_BOUND('',#567,.F.);
#567 = EDGE_LOOP('',(#568,#569,#570,#578,#586,#592,#593,#594));
#568 = ORIENTED_EDGE('',*,*,#430,.T.);
#569 = ORIENTED_EDGE('',*,*,#447,.T.);
#570 = ORIENTED_EDGE('',*,*,#571,.T.);
#571 = EDGE_CURVE('',#448,#572,#574,.T.);
#572 = VERTEX_POINT('',#573);
#573 = CARTESIAN_POINT('',(33.5,1.,0.7));
#574 = LINE('',#575,#576);
#575 = CARTESIAN_POINT('',(33.5,0.,0.7));
#576 = VECTOR('',#577,1.);
#577 = DIRECTION('',(0.,1.,0.));
#578 = ORIENTED_EDGE('',*,*,#579,.T.);
#579 = EDGE_CURVE('',#572,#580,#582,.T.);
#580 = VERTEX_POINT('',#581);
#581 = CARTESIAN_POINT('',(83.,1.,0.7));
#582 = LINE('',#583,#584);
#583 = CARTESIAN_POINT('',(1.,1.,0.7));
#584 = VECTOR('',#585,1.);
#585 = DIRECTION('',(1.,0.,0.));
#586 = ORIENTED_EDGE('',*,*,#587,.T.);
#587 = EDGE_CURVE('',#580,#351,#588,.T.);
#588 = LINE('',#589,#590);
#589 = CARTESIAN_POINT('',(83.,1.,0.7));
#590 = VECTOR('',#591,1.);
#591 = DIRECTION('',(0.,1.,0.));
#592 = ORIENTED_EDGE('',*,*,#358,.T.);
#593 = ORIENTED_EDGE('',*,*,#382,.F.);
#594 = ORIENTED_EDGE('',*,*,#406,.T.);
#595 = PLANE('',#596);
#596 = AXIS2_PLACEMENT_3D('',#597,#598,#599);
#597 = CARTESIAN_POINT('',(45.319964912281,27.30701754386,0.7));
#598 = DIRECTION('',(-0.,-0.,-1.));
#599 = DIRECTION('',(-1.,0.,0.));
#600 = ADVANCED_FACE('',(#601),#619,.T.);
#601 = FACE_BOUND('',#602,.T.);
#602 = EDGE_LOOP('',(#603,#611,#617,#618));
#603 = ORIENTED_EDGE('',*,*,#604,.F.);
#604 = EDGE_CURVE('',#605,#343,#607,.T.);
#605 = VERTEX_POINT('',#606);
#606 = CARTESIAN_POINT('',(83.,1.,0.4));
#607 = LINE('',#608,#609);
#608 = CARTESIAN_POINT('',(83.,1.,0.4));
#609 = VECTOR('',#610,1.);
#610 = DIRECTION('',(0.,1.,0.));
#611 = ORIENTED_EDGE('',*,*,#612,.T.);
#612 = EDGE_CURVE('',#605,#580,#613,.T.);
#613 = LINE('',#614,#615);
#614 = CARTESIAN_POINT('',(83.,1.,0.4));
#615 = VECTOR('',#616,1.);
#616 = DIRECTION('',(0.,0.,1.));
#617 = ORIENTED_EDGE('',*,*,#587,.T.);
#618 = ORIENTED_EDGE('',*,*,#350,.T.);
#619 = PLANE('',#620);
#620 = AXIS2_PLACEMENT_3D('',#621,#622,#623);
#621 = CARTESIAN_POINT('',(83.,1.,0.4));
#622 = DIRECTION('',(-1.,0.,0.));
#623 = DIRECTION('',(0.,1.,0.));
#624 = ADVANCED_FACE('',(#625),#643,.T.);
#625 = FACE_BOUND('',#626,.T.);
#626 = EDGE_LOOP('',(#627,#635,#636,#637));
#627 = ORIENTED_EDGE('',*,*,#628,.F.);
#628 = EDGE_CURVE('',#456,#629,#631,.T.);
#629 = VERTEX_POINT('',#630);
#630 = CARTESIAN_POINT('',(33.5,1.,0.4));
#631 = LINE('',#632,#633);
#632 = CARTESIAN_POINT('',(33.5,0.,0.4));
#633 = VECTOR('',#634,1.);
#634 = DIRECTION('',(0.,1.,0.));
#635 = ORIENTED_EDGE('',*,*,#455,.T.);
#636 = ORIENTED_EDGE('',*,*,#571,.T.);
#637 = ORIENTED_EDGE('',*,*,#638,.T.);
#638 = EDGE_CURVE('',#572,#629,#639,.T.);
#639 = LINE('',#640,#641);
#640 = CARTESIAN_POINT('',(33.5,1.,0.4));
#641 = VECTOR('',#642,1.);
#642 = DIRECTION('',(0.,0.,-1.));
#643 = PLANE('',#644);
#644 = AXIS2_PLACEMENT_3D('',#645,#646,#647);
#645 = CARTESIAN_POINT('',(33.5,0.,0.4));
#646 = DIRECTION('',(-1.,0.,0.));
#647 = DIRECTION('',(0.,1.,0.));
#648 = ADVANCED_FACE('',(#649),#667,.T.);
#649 = FACE_BOUND('',#650,.T.);
#650 = EDGE_LOOP('',(#651,#659,#665,#666));
#651 = ORIENTED_EDGE('',*,*,#652,.F.);
#652 = EDGE_CURVE('',#653,#478,#655,.T.);
#653 = VERTEX_POINT('',#654);
#654 = CARTESIAN_POINT('',(1.,51.,0.4));
#655 = LINE('',#656,#657);
#656 = CARTESIAN_POINT('',(1.,51.,0.4));
#657 = VECTOR('',#658,1.);
#658 = DIRECTION('',(0.,-1.,0.));
#659 = ORIENTED_EDGE('',*,*,#660,.T.);
#660 = EDGE_CURVE('',#653,#511,#661,.T.);
#661 = LINE('',#662,#663);
#662 = CARTESIAN_POINT('',(1.,51.,0.4));
#663 = VECTOR('',#664,1.);
#664 = DIRECTION('',(0.,0.,1.));
#665 = ORIENTED_EDGE('',*,*,#518,.T.);
#666 = ORIENTED_EDGE('',*,*,#485,.F.);
#667 = PLANE('',#668);
#668 = AXIS2_PLACEMENT_3D('',#669,#670,#671);
#669 = CARTESIAN_POINT('',(1.,51.,0.4));
#670 = DIRECTION('',(1.,0.,0.));
#671 = DIRECTION('',(0.,-1.,0.));
#672 = ADVANCED_FACE('',(#673),#684,.T.);
#673 = FACE_BOUND('',#674,.T.);
#674 = EDGE_LOOP('',(#675,#676,#677,#678));
#675 = ORIENTED_EDGE('',*,*,#555,.T.);
#676 = ORIENTED_EDGE('',*,*,#508,.T.);
#677 = ORIENTED_EDGE('',*,*,#660,.F.);
#678 = ORIENTED_EDGE('',*,*,#679,.F.);
#679 = EDGE_CURVE('',#546,#653,#680,.T.);
#680 = LINE('',#681,#682);
#681 = CARTESIAN_POINT('',(83.,51.,0.4));
#682 = VECTOR('',#683,1.);
#683 = DIRECTION('',(-1.,0.,0.));
#684 = PLANE('',#685);
#685 = AXIS2_PLACEMENT_3D('',#686,#687,#688);
#686 = CARTESIAN_POINT('',(83.,51.,0.4));
#687 = DIRECTION('',(0.,-1.,0.));
#688 = DIRECTION('',(-1.,0.,0.));
#689 = ADVANCED_FACE('',(#690),#701,.T.);
#690 = FACE_BOUND('',#691,.T.);
#691 = EDGE_LOOP('',(#692,#698,#699,#700));
#692 = ORIENTED_EDGE('',*,*,#693,.F.);
#693 = EDGE_CURVE('',#629,#605,#694,.T.);
#694 = LINE('',#695,#696);
#695 = CARTESIAN_POINT('',(1.,1.,0.4));
#696 = VECTOR('',#697,1.);
#697 = DIRECTION('',(1.,0.,0.));
#698 = ORIENTED_EDGE('',*,*,#638,.F.);
#699 = ORIENTED_EDGE('',*,*,#579,.T.);
#700 = ORIENTED_EDGE('',*,*,#612,.F.);
#701 = PLANE('',#702);
#702 = AXIS2_PLACEMENT_3D('',#703,#704,#705);
#703 = CARTESIAN_POINT('',(1.,1.,0.4));
#704 = DIRECTION('',(0.,1.,0.));
#705 = DIRECTION('',(1.,0.,0.));
#706 = ADVANCED_FACE('',(#707),#721,.T.);
#707 = FACE_BOUND('',#708,.T.);
#708 = EDGE_LOOP('',(#709,#710,#711,#712,#713,#714,#715,#716,#717,#718,
    #719,#720));
#709 = ORIENTED_EDGE('',*,*,#628,.T.);
#710 = ORIENTED_EDGE('',*,*,#693,.T.);
#711 = ORIENTED_EDGE('',*,*,#604,.T.);
#712 = ORIENTED_EDGE('',*,*,#342,.T.);
#713 = ORIENTED_EDGE('',*,*,#318,.T.);
#714 = ORIENTED_EDGE('',*,*,#278,.F.);
#715 = ORIENTED_EDGE('',*,*,#545,.T.);
#716 = ORIENTED_EDGE('',*,*,#679,.T.);
#717 = ORIENTED_EDGE('',*,*,#652,.T.);
#718 = ORIENTED_EDGE('',*,*,#477,.T.);
#719 = ORIENTED_EDGE('',*,*,#134,.T.);
#720 = ORIENTED_EDGE('',*,*,#463,.T.);
#721 = PLANE('',#722);
#722 = AXIS2_PLACEMENT_3D('',#723,#724,#725);
#723 = CARTESIAN_POINT('',(42.993692253021,25.095355366027,0.4));
#724 = DIRECTION('',(0.,0.,1.));
#725 = DIRECTION('',(1.,0.,0.));
#726 = MANIFOLD_SOLID_BREP('',#727);
#727 = CLOSED_SHELL('',(#728,#768,#799,#839,#1194,#1211,#1292,#1333,
    #1350,#1381,#1405,#1429,#1469,#1493,#1517,#1550,#1590,#1614,#1638,
    #1655,#1679,#1713,#1760,#1784,#1801,#1825,#1844,#1861,#1892,#1939,
    #1998,#2022,#2048,#2079,#2103,#2127,#2144,#2175,#2199,#2223,#2240,
    #2336,#2367,#2381,#2393,#2421,#2452,#2487,#2499,#2511,#2523,#2535,
    #2547,#2593,#2610,#2627,#2639,#2661,#2678,#2695));
#728 = ADVANCED_FACE('',(#729),#763,.T.);
#729 = FACE_BOUND('',#730,.T.);
#730 = EDGE_LOOP('',(#731,#741,#749,#757));
#731 = ORIENTED_EDGE('',*,*,#732,.F.);
#732 = EDGE_CURVE('',#733,#735,#737,.T.);
#733 = VERTEX_POINT('',#734);
#734 = CARTESIAN_POINT('',(33.5,1.,1.5));
#735 = VERTEX_POINT('',#736);
#736 = CARTESIAN_POINT('',(35.,1.,1.5));
#737 = LINE('',#738,#739);
#738 = CARTESIAN_POINT('',(1.,1.,1.5));
#739 = VECTOR('',#740,1.);
#740 = DIRECTION('',(1.,0.,0.));
#741 = ORIENTED_EDGE('',*,*,#742,.F.);
#742 = EDGE_CURVE('',#743,#733,#745,.T.);
#743 = VERTEX_POINT('',#744);
#744 = CARTESIAN_POINT('',(33.5,1.,4.));
#745 = LINE('',#746,#747);
#746 = CARTESIAN_POINT('',(33.5,1.,1.5));
#747 = VECTOR('',#748,1.);
#748 = DIRECTION('',(0.,0.,-1.));
#749 = ORIENTED_EDGE('',*,*,#750,.T.);
#750 = EDGE_CURVE('',#743,#751,#753,.T.);
#751 = VERTEX_POINT('',#752);
#752 = CARTESIAN_POINT('',(35.,1.,4.));
#753 = LINE('',#754,#755);
#754 = CARTESIAN_POINT('',(1.,1.,4.));
#755 = VECTOR('',#756,1.);
#756 = DIRECTION('',(1.,0.,0.));
#757 = ORIENTED_EDGE('',*,*,#758,.T.);
#758 = EDGE_CURVE('',#751,#735,#759,.T.);
#759 = LINE('',#760,#761);
#760 = CARTESIAN_POINT('',(35.,1.,1.5));
#761 = VECTOR('',#762,1.);
#762 = DIRECTION('',(0.,0.,-1.));
#763 = PLANE('',#764);
#764 = AXIS2_PLACEMENT_3D('',#765,#766,#767);
#765 = CARTESIAN_POINT('',(1.,1.,1.5));
#766 = DIRECTION('',(0.,1.,0.));
#767 = DIRECTION('',(1.,0.,0.));
#768 = ADVANCED_FACE('',(#769),#794,.T.);
#769 = FACE_BOUND('',#770,.T.);
#770 = EDGE_LOOP('',(#771,#779,#787,#793));
#771 = ORIENTED_EDGE('',*,*,#772,.F.);
#772 = EDGE_CURVE('',#773,#735,#775,.T.);
#773 = VERTEX_POINT('',#774);
#774 = CARTESIAN_POINT('',(35.,0.,1.5));
#775 = LINE('',#776,#777);
#776 = CARTESIAN_POINT('',(35.,-0.1,1.5));
#777 = VECTOR('',#778,1.);
#778 = DIRECTION('',(0.,1.,0.));
#779 = ORIENTED_EDGE('',*,*,#780,.T.);
#780 = EDGE_CURVE('',#773,#781,#783,.T.);
#781 = VERTEX_POINT('',#782);
#782 = CARTESIAN_POINT('',(33.5,0.,1.5));
#783 = LINE('',#784,#785);
#784 = CARTESIAN_POINT('',(84.,0.,1.5));
#785 = VECTOR('',#786,1.);
#786 = DIRECTION('',(-1.,0.,0.));
#787 = ORIENTED_EDGE('',*,*,#788,.T.);
#788 = EDGE_CURVE('',#781,#733,#789,.T.);
#789 = LINE('',#790,#791);
#790 = CARTESIAN_POINT('',(33.5,0.,1.5));
#791 = VECTOR('',#792,1.);
#792 = DIRECTION('',(0.,1.,0.));
#793 = ORIENTED_EDGE('',*,*,#732,.T.);
#794 = PLANE('',#795);
#795 = AXIS2_PLACEMENT_3D('',#796,#797,#798);
#796 = CARTESIAN_POINT('',(45.319964912281,27.30701754386,1.5));
#797 = DIRECTION('',(-0.,-0.,-1.));
#798 = DIRECTION('',(-1.,0.,0.));
#799 = ADVANCED_FACE('',(#800),#834,.T.);
#800 = FACE_BOUND('',#801,.T.);
#801 = EDGE_LOOP('',(#802,#812,#818,#819,#820,#828));
#802 = ORIENTED_EDGE('',*,*,#803,.F.);
#803 = EDGE_CURVE('',#804,#806,#808,.T.);
#804 = VERTEX_POINT('',#805);
#805 = CARTESIAN_POINT('',(35.,0.,4.4));
#806 = VERTEX_POINT('',#807);
#807 = CARTESIAN_POINT('',(35.,1.1,4.4));
#808 = LINE('',#809,#810);
#809 = CARTESIAN_POINT('',(35.,-0.1,4.4));
#810 = VECTOR('',#811,1.);
#811 = DIRECTION('',(0.,1.,0.));
#812 = ORIENTED_EDGE('',*,*,#813,.F.);
#813 = EDGE_CURVE('',#773,#804,#814,.T.);
#814 = LINE('',#815,#816);
#815 = CARTESIAN_POINT('',(35.,0.,2.49066091954));
#816 = VECTOR('',#817,1.);
#817 = DIRECTION('',(0.,0.,1.));
#818 = ORIENTED_EDGE('',*,*,#772,.T.);
#819 = ORIENTED_EDGE('',*,*,#758,.F.);
#820 = ORIENTED_EDGE('',*,*,#821,.F.);
#821 = EDGE_CURVE('',#822,#751,#824,.T.);
#822 = VERTEX_POINT('',#823);
#823 = CARTESIAN_POINT('',(35.,1.1,4.));
#824 = LINE('',#825,#826);
#825 = CARTESIAN_POINT('',(35.,11.631118210863,4.));
#826 = VECTOR('',#827,1.);
#827 = DIRECTION('',(0.,-1.,0.));
#828 = ORIENTED_EDGE('',*,*,#829,.T.);
#829 = EDGE_CURVE('',#822,#806,#830,.T.);
#830 = LINE('',#831,#832);
#831 = CARTESIAN_POINT('',(35.,1.1,1.5));
#832 = VECTOR('',#833,1.);
#833 = DIRECTION('',(0.,0.,1.));
#834 = PLANE('',#835);
#835 = AXIS2_PLACEMENT_3D('',#836,#837,#838);
#836 = CARTESIAN_POINT('',(35.,-0.1,1.5));
#837 = DIRECTION('',(1.,0.,0.));
#838 = DIRECTION('',(0.,0.,1.));
#839 = ADVANCED_FACE('',(#840,#1044,#1121,#1155),#1189,.T.);
#840 = FACE_BOUND('',#841,.T.);
#841 = EDGE_LOOP('',(#842,#852,#860,#868,#876,#884,#892,#900,#908,#916,
    #924,#932,#940,#948,#956,#964,#972,#980,#989,#998,#1004,#1005,#1006,
    #1014,#1022,#1030,#1038));
#842 = ORIENTED_EDGE('',*,*,#843,.F.);
#843 = EDGE_CURVE('',#844,#846,#848,.T.);
#844 = VERTEX_POINT('',#845);
#845 = CARTESIAN_POINT('',(83.,51.,4.));
#846 = VERTEX_POINT('',#847);
#847 = CARTESIAN_POINT('',(1.,51.,4.));
#848 = LINE('',#849,#850);
#849 = CARTESIAN_POINT('',(83.,51.,4.));
#850 = VECTOR('',#851,1.);
#851 = DIRECTION('',(-1.,0.,0.));
#852 = ORIENTED_EDGE('',*,*,#853,.F.);
#853 = EDGE_CURVE('',#854,#844,#856,.T.);
#854 = VERTEX_POINT('',#855);
#855 = CARTESIAN_POINT('',(83.,21.87,4.));
#856 = LINE('',#857,#858);
#857 = CARTESIAN_POINT('',(83.,1.,4.));
#858 = VECTOR('',#859,1.);
#859 = DIRECTION('',(0.,1.,0.));
#860 = ORIENTED_EDGE('',*,*,#861,.T.);
#861 = EDGE_CURVE('',#854,#862,#864,.T.);
#862 = VERTEX_POINT('',#863);
#863 = CARTESIAN_POINT('',(76.,21.87,4.));
#864 = LINE('',#865,#866);
#865 = CARTESIAN_POINT('',(59.778403508772,21.87,4.));
#866 = VECTOR('',#867,1.);
#867 = DIRECTION('',(-1.,0.,0.));
#868 = ORIENTED_EDGE('',*,*,#869,.F.);
#869 = EDGE_CURVE('',#870,#862,#872,.T.);
#870 = VERTEX_POINT('',#871);
#871 = CARTESIAN_POINT('',(76.,10.12,4.));
#872 = LINE('',#873,#874);
#873 = CARTESIAN_POINT('',(76.,17.831929824561,4.));
#874 = VECTOR('',#875,1.);
#875 = DIRECTION('',(0.,1.,0.));
#876 = ORIENTED_EDGE('',*,*,#877,.F.);
#877 = EDGE_CURVE('',#878,#870,#880,.T.);
#878 = VERTEX_POINT('',#879);
#879 = CARTESIAN_POINT('',(83.,10.12,4.));
#880 = LINE('',#881,#882);
#881 = CARTESIAN_POINT('',(59.778403508772,10.12,4.));
#882 = VECTOR('',#883,1.);
#883 = DIRECTION('',(-1.,0.,0.));
#884 = ORIENTED_EDGE('',*,*,#885,.F.);
#885 = EDGE_CURVE('',#886,#878,#888,.T.);
#886 = VERTEX_POINT('',#887);
#887 = CARTESIAN_POINT('',(83.,1.,4.));
#888 = LINE('',#889,#890);
#889 = CARTESIAN_POINT('',(83.,1.,4.));
#890 = VECTOR('',#891,1.);
#891 = DIRECTION('',(0.,1.,0.));
#892 = ORIENTED_EDGE('',*,*,#893,.F.);
#893 = EDGE_CURVE('',#894,#886,#896,.T.);
#894 = VERTEX_POINT('',#895);
#895 = CARTESIAN_POINT('',(70.45,1.,4.));
#896 = LINE('',#897,#898);
#897 = CARTESIAN_POINT('',(1.,1.,4.));
#898 = VECTOR('',#899,1.);
#899 = DIRECTION('',(1.,0.,0.));
#900 = ORIENTED_EDGE('',*,*,#901,.F.);
#901 = EDGE_CURVE('',#902,#894,#904,.T.);
#902 = VERTEX_POINT('',#903);
#903 = CARTESIAN_POINT('',(70.45,0.,4.));
#904 = LINE('',#905,#906);
#905 = CARTESIAN_POINT('',(70.45,-0.1,4.));
#906 = VECTOR('',#907,1.);
#907 = DIRECTION('',(0.,1.,0.));
#908 = ORIENTED_EDGE('',*,*,#909,.T.);
#909 = EDGE_CURVE('',#902,#910,#912,.T.);
#910 = VERTEX_POINT('',#911);
#911 = CARTESIAN_POINT('',(59.55,0.,4.));
#912 = LINE('',#913,#914);
#913 = CARTESIAN_POINT('',(51.01566091954,0.,4.));
#914 = VECTOR('',#915,1.);
#915 = DIRECTION('',(-1.,0.,0.));
#916 = ORIENTED_EDGE('',*,*,#917,.T.);
#917 = EDGE_CURVE('',#910,#918,#920,.T.);
#918 = VERTEX_POINT('',#919);
#919 = CARTESIAN_POINT('',(59.55,1.,4.));
#920 = LINE('',#921,#922);
#921 = CARTESIAN_POINT('',(59.55,-0.1,4.));
#922 = VECTOR('',#923,1.);
#923 = DIRECTION('',(0.,1.,0.));
#924 = ORIENTED_EDGE('',*,*,#925,.F.);
#925 = EDGE_CURVE('',#926,#918,#928,.T.);
#926 = VERTEX_POINT('',#927);
#927 = CARTESIAN_POINT('',(43.4,1.,4.));
#928 = LINE('',#929,#930);
#929 = CARTESIAN_POINT('',(1.,1.,4.));
#930 = VECTOR('',#931,1.);
#931 = DIRECTION('',(1.,0.,0.));
#932 = ORIENTED_EDGE('',*,*,#933,.T.);
#933 = EDGE_CURVE('',#926,#934,#936,.T.);
#934 = VERTEX_POINT('',#935);
#935 = CARTESIAN_POINT('',(43.4,15.5,4.));
#936 = LINE('',#937,#938);
#937 = CARTESIAN_POINT('',(43.4,0.5,4.));
#938 = VECTOR('',#939,1.);
#939 = DIRECTION('',(0.,1.,0.));
#940 = ORIENTED_EDGE('',*,*,#941,.F.);
#941 = EDGE_CURVE('',#942,#934,#944,.T.);
#942 = VERTEX_POINT('',#943);
#943 = CARTESIAN_POINT('',(42.6,15.5,4.));
#944 = LINE('',#945,#946);
#945 = CARTESIAN_POINT('',(42.6,15.5,4.));
#946 = VECTOR('',#947,1.);
#947 = DIRECTION('',(1.,0.,0.));
#948 = ORIENTED_EDGE('',*,*,#949,.F.);
#949 = EDGE_CURVE('',#950,#942,#952,.T.);
#950 = VERTEX_POINT('',#951);
#951 = CARTESIAN_POINT('',(42.6,1.,4.));
#952 = LINE('',#953,#954);
#953 = CARTESIAN_POINT('',(42.6,0.5,4.));
#954 = VECTOR('',#955,1.);
#955 = DIRECTION('',(0.,1.,0.));
#956 = ORIENTED_EDGE('',*,*,#957,.F.);
#957 = EDGE_CURVE('',#958,#950,#960,.T.);
#958 = VERTEX_POINT('',#959);
#959 = CARTESIAN_POINT('',(41.3,1.,4.));
#960 = LINE('',#961,#962);
#961 = CARTESIAN_POINT('',(1.,1.,4.));
#962 = VECTOR('',#963,1.);
#963 = DIRECTION('',(1.,0.,0.));
#964 = ORIENTED_EDGE('',*,*,#965,.F.);
#965 = EDGE_CURVE('',#966,#958,#968,.T.);
#966 = VERTEX_POINT('',#967);
#967 = CARTESIAN_POINT('',(41.3,1.1,4.));
#968 = LINE('',#969,#970);
#969 = CARTESIAN_POINT('',(41.3,11.631118210863,4.));
#970 = VECTOR('',#971,1.);
#971 = DIRECTION('',(0.,-1.,0.));
#972 = ORIENTED_EDGE('',*,*,#973,.F.);
#973 = EDGE_CURVE('',#974,#966,#976,.T.);
#974 = VERTEX_POINT('',#975);
#975 = CARTESIAN_POINT('',(38.77082039325,1.1,4.));
#976 = LINE('',#977,#978);
#977 = CARTESIAN_POINT('',(39.091453674121,1.1,4.));
#978 = VECTOR('',#979,1.);
#979 = DIRECTION('',(1.,0.,0.));
#980 = ORIENTED_EDGE('',*,*,#981,.T.);
#981 = EDGE_CURVE('',#974,#982,#984,.T.);
#982 = VERTEX_POINT('',#983);
#983 = CARTESIAN_POINT('',(40.4,3.3,4.));
#984 = CIRCLE('',#985,2.3);
#985 = AXIS2_PLACEMENT_3D('',#986,#987,#988);
#986 = CARTESIAN_POINT('',(38.1,3.3,4.));
#987 = DIRECTION('',(0.,0.,1.));
#988 = DIRECTION('',(1.,0.,0.));
#989 = ORIENTED_EDGE('',*,*,#990,.T.);
#990 = EDGE_CURVE('',#982,#991,#993,.T.);
#991 = VERTEX_POINT('',#992);
#992 = CARTESIAN_POINT('',(37.42917960675,1.1,4.));
#993 = CIRCLE('',#994,2.3);
#994 = AXIS2_PLACEMENT_3D('',#995,#996,#997);
#995 = CARTESIAN_POINT('',(38.1,3.3,4.));
#996 = DIRECTION('',(0.,0.,1.));
#997 = DIRECTION('',(1.,0.,0.));
#998 = ORIENTED_EDGE('',*,*,#999,.F.);
#999 = EDGE_CURVE('',#822,#991,#1000,.T.);
#1000 = LINE('',#1001,#1002);
#1001 = CARTESIAN_POINT('',(39.091453674121,1.1,4.));
#1002 = VECTOR('',#1003,1.);
#1003 = DIRECTION('',(1.,0.,0.));
#1004 = ORIENTED_EDGE('',*,*,#821,.T.);
#1005 = ORIENTED_EDGE('',*,*,#750,.F.);
#1006 = ORIENTED_EDGE('',*,*,#1007,.F.);
#1007 = EDGE_CURVE('',#1008,#743,#1010,.T.);
#1008 = VERTEX_POINT('',#1009);
#1009 = CARTESIAN_POINT('',(33.5,0.,4.));
#1010 = LINE('',#1011,#1012);
#1011 = CARTESIAN_POINT('',(33.5,0.,4.));
#1012 = VECTOR('',#1013,1.);
#1013 = DIRECTION('',(0.,1.,0.));
#1014 = ORIENTED_EDGE('',*,*,#1015,.F.);
#1015 = EDGE_CURVE('',#1016,#1008,#1018,.T.);
#1016 = VERTEX_POINT('',#1017);
#1017 = CARTESIAN_POINT('',(0.,0.,4.));
#1018 = LINE('',#1019,#1020);
#1019 = CARTESIAN_POINT('',(0.,0.,4.));
#1020 = VECTOR('',#1021,1.);
#1021 = DIRECTION('',(1.,0.,0.));
#1022 = ORIENTED_EDGE('',*,*,#1023,.F.);
#1023 = EDGE_CURVE('',#1024,#1016,#1026,.T.);
#1024 = VERTEX_POINT('',#1025);
#1025 = CARTESIAN_POINT('',(0.,15.,4.));
#1026 = LINE('',#1027,#1028);
#1027 = CARTESIAN_POINT('',(0.,52.,4.));
#1028 = VECTOR('',#1029,1.);
#1029 = DIRECTION('',(0.,-1.,0.));
#1030 = ORIENTED_EDGE('',*,*,#1031,.F.);
#1031 = EDGE_CURVE('',#1032,#1024,#1034,.T.);
#1032 = VERTEX_POINT('',#1033);
#1033 = CARTESIAN_POINT('',(1.,15.,4.));
#1034 = LINE('',#1035,#1036);
#1035 = CARTESIAN_POINT('',(33.5,15.,4.));
#1036 = VECTOR('',#1037,1.);
#1037 = DIRECTION('',(-1.,0.,0.));
#1038 = ORIENTED_EDGE('',*,*,#1039,.F.);
#1039 = EDGE_CURVE('',#846,#1032,#1040,.T.);
#1040 = LINE('',#1041,#1042);
#1041 = CARTESIAN_POINT('',(1.,51.,4.));
#1042 = VECTOR('',#1043,1.);
#1043 = DIRECTION('',(0.,-1.,0.));
#1044 = FACE_BOUND('',#1045,.T.);
#1045 = EDGE_LOOP('',(#1046,#1056,#1064,#1073,#1082,#1090,#1098,#1106,
    #1115));
#1046 = ORIENTED_EDGE('',*,*,#1047,.F.);
#1047 = EDGE_CURVE('',#1048,#1050,#1052,.T.);
#1048 = VERTEX_POINT('',#1049);
#1049 = CARTESIAN_POINT('',(34.5,16.4,4.));
#1050 = VERTEX_POINT('',#1051);
#1051 = CARTESIAN_POINT('',(34.5,17.2,4.));
#1052 = LINE('',#1053,#1054);
#1053 = CARTESIAN_POINT('',(34.5,16.4,4.));
#1054 = VECTOR('',#1055,1.);
#1055 = DIRECTION('',(0.,1.,0.));
#1056 = ORIENTED_EDGE('',*,*,#1057,.T.);
#1057 = EDGE_CURVE('',#1048,#1058,#1060,.T.);
#1058 = VERTEX_POINT('',#1059);
#1059 = CARTESIAN_POINT('',(36.202633403899,16.4,4.));
#1060 = LINE('',#1061,#1062);
#1061 = CARTESIAN_POINT('',(34.5,16.4,4.));
#1062 = VECTOR('',#1063,1.);
#1063 = DIRECTION('',(1.,0.,0.));
#1064 = ORIENTED_EDGE('',*,*,#1065,.T.);
#1065 = EDGE_CURVE('',#1058,#1066,#1068,.T.);
#1066 = VERTEX_POINT('',#1067);
#1067 = CARTESIAN_POINT('',(40.4,15.1,4.));
#1068 = CIRCLE('',#1069,2.3);
#1069 = AXIS2_PLACEMENT_3D('',#1070,#1071,#1072);
#1070 = CARTESIAN_POINT('',(38.1,15.1,4.));
#1071 = DIRECTION('',(0.,0.,1.));
#1072 = DIRECTION('',(1.,0.,0.));
#1073 = ORIENTED_EDGE('',*,*,#1074,.T.);
#1074 = EDGE_CURVE('',#1066,#1075,#1077,.T.);
#1075 = VERTEX_POINT('',#1076);
#1076 = CARTESIAN_POINT('',(39.997366596101,16.4,4.));
#1077 = CIRCLE('',#1078,2.3);
#1078 = AXIS2_PLACEMENT_3D('',#1079,#1080,#1081);
#1079 = CARTESIAN_POINT('',(38.1,15.1,4.));
#1080 = DIRECTION('',(0.,0.,1.));
#1081 = DIRECTION('',(1.,0.,0.));
#1082 = ORIENTED_EDGE('',*,*,#1083,.T.);
#1083 = EDGE_CURVE('',#1075,#1084,#1086,.T.);
#1084 = VERTEX_POINT('',#1085);
#1085 = CARTESIAN_POINT('',(47.,16.4,4.));
#1086 = LINE('',#1087,#1088);
#1087 = CARTESIAN_POINT('',(34.5,16.4,4.));
#1088 = VECTOR('',#1089,1.);
#1089 = DIRECTION('',(1.,0.,0.));
#1090 = ORIENTED_EDGE('',*,*,#1091,.T.);
#1091 = EDGE_CURVE('',#1084,#1092,#1094,.T.);
#1092 = VERTEX_POINT('',#1093);
#1093 = CARTESIAN_POINT('',(47.,17.2,4.));
#1094 = LINE('',#1095,#1096);
#1095 = CARTESIAN_POINT('',(47.,16.4,4.));
#1096 = VECTOR('',#1097,1.);
#1097 = DIRECTION('',(0.,1.,0.));
#1098 = ORIENTED_EDGE('',*,*,#1099,.F.);
#1099 = EDGE_CURVE('',#1100,#1092,#1102,.T.);
#1100 = VERTEX_POINT('',#1101);
#1101 = CARTESIAN_POINT('',(39.038083151965,17.2,4.));
#1102 = LINE('',#1103,#1104);
#1103 = CARTESIAN_POINT('',(34.5,17.2,4.));
#1104 = VECTOR('',#1105,1.);
#1105 = DIRECTION('',(1.,0.,0.));
#1106 = ORIENTED_EDGE('',*,*,#1107,.T.);
#1107 = EDGE_CURVE('',#1100,#1108,#1110,.T.);
#1108 = VERTEX_POINT('',#1109);
#1109 = CARTESIAN_POINT('',(37.161916848035,17.2,4.));
#1110 = CIRCLE('',#1111,2.3);
#1111 = AXIS2_PLACEMENT_3D('',#1112,#1113,#1114);
#1112 = CARTESIAN_POINT('',(38.1,15.1,4.));
#1113 = DIRECTION('',(0.,0.,1.));
#1114 = DIRECTION('',(1.,0.,0.));
#1115 = ORIENTED_EDGE('',*,*,#1116,.F.);
#1116 = EDGE_CURVE('',#1050,#1108,#1117,.T.);
#1117 = LINE('',#1118,#1119);
#1118 = CARTESIAN_POINT('',(34.5,17.2,4.));
#1119 = VECTOR('',#1120,1.);
#1120 = DIRECTION('',(1.,0.,0.));
#1121 = FACE_BOUND('',#1122,.T.);
#1122 = EDGE_LOOP('',(#1123,#1133,#1141,#1149));
#1123 = ORIENTED_EDGE('',*,*,#1124,.T.);
#1124 = EDGE_CURVE('',#1125,#1127,#1129,.T.);
#1125 = VERTEX_POINT('',#1126);
#1126 = CARTESIAN_POINT('',(1.,7.1,4.));
#1127 = VERTEX_POINT('',#1128);
#1128 = CARTESIAN_POINT('',(33.,7.1,4.));
#1129 = LINE('',#1130,#1131);
#1130 = CARTESIAN_POINT('',(1.,7.1,4.));
#1131 = VECTOR('',#1132,1.);
#1132 = DIRECTION('',(1.,0.,0.));
#1133 = ORIENTED_EDGE('',*,*,#1134,.T.);
#1134 = EDGE_CURVE('',#1127,#1135,#1137,.T.);
#1135 = VERTEX_POINT('',#1136);
#1136 = CARTESIAN_POINT('',(33.,7.9,4.));
#1137 = LINE('',#1138,#1139);
#1138 = CARTESIAN_POINT('',(33.,7.1,4.));
#1139 = VECTOR('',#1140,1.);
#1140 = DIRECTION('',(0.,1.,0.));
#1141 = ORIENTED_EDGE('',*,*,#1142,.F.);
#1142 = EDGE_CURVE('',#1143,#1135,#1145,.T.);
#1143 = VERTEX_POINT('',#1144);
#1144 = CARTESIAN_POINT('',(1.,7.9,4.));
#1145 = LINE('',#1146,#1147);
#1146 = CARTESIAN_POINT('',(1.,7.9,4.));
#1147 = VECTOR('',#1148,1.);
#1148 = DIRECTION('',(1.,0.,0.));
#1149 = ORIENTED_EDGE('',*,*,#1150,.F.);
#1150 = EDGE_CURVE('',#1125,#1143,#1151,.T.);
#1151 = LINE('',#1152,#1153);
#1152 = CARTESIAN_POINT('',(1.,7.1,4.));
#1153 = VECTOR('',#1154,1.);
#1154 = DIRECTION('',(0.,1.,0.));
#1155 = FACE_BOUND('',#1156,.T.);
#1156 = EDGE_LOOP('',(#1157,#1167,#1175,#1183));
#1157 = ORIENTED_EDGE('',*,*,#1158,.F.);
#1158 = EDGE_CURVE('',#1159,#1161,#1163,.T.);
#1159 = VERTEX_POINT('',#1160);
#1160 = CARTESIAN_POINT('',(2.,18.3,4.));
#1161 = VERTEX_POINT('',#1162);
#1162 = CARTESIAN_POINT('',(2.,50.1,4.));
#1163 = LINE('',#1164,#1165);
#1164 = CARTESIAN_POINT('',(2.,18.3,4.));
#1165 = VECTOR('',#1166,1.);
#1166 = DIRECTION('',(0.,1.,0.));
#1167 = ORIENTED_EDGE('',*,*,#1168,.T.);
#1168 = EDGE_CURVE('',#1159,#1169,#1171,.T.);
#1169 = VERTEX_POINT('',#1170);
#1170 = CARTESIAN_POINT('',(39.32,18.3,4.));
#1171 = LINE('',#1172,#1173);
#1172 = CARTESIAN_POINT('',(2.,18.3,4.));
#1173 = VECTOR('',#1174,1.);
#1174 = DIRECTION('',(1.,0.,0.));
#1175 = ORIENTED_EDGE('',*,*,#1176,.T.);
#1176 = EDGE_CURVE('',#1169,#1177,#1179,.T.);
#1177 = VERTEX_POINT('',#1178);
#1178 = CARTESIAN_POINT('',(39.32,50.1,4.));
#1179 = LINE('',#1180,#1181);
#1180 = CARTESIAN_POINT('',(39.32,18.3,4.));
#1181 = VECTOR('',#1182,1.);
#1182 = DIRECTION('',(0.,1.,0.));
#1183 = ORIENTED_EDGE('',*,*,#1184,.F.);
#1184 = EDGE_CURVE('',#1161,#1177,#1185,.T.);
#1185 = LINE('',#1186,#1187);
#1186 = CARTESIAN_POINT('',(2.,50.1,4.));
#1187 = VECTOR('',#1188,1.);
#1188 = DIRECTION('',(1.,0.,0.));
#1189 = PLANE('',#1190);
#1190 = AXIS2_PLACEMENT_3D('',#1191,#1192,#1193);
#1191 = CARTESIAN_POINT('',(43.182907348243,23.362236421725,4.));
#1192 = DIRECTION('',(-0.,-0.,-1.));
#1193 = DIRECTION('',(-1.,0.,0.));
#1194 = ADVANCED_FACE('',(#1195),#1206,.T.);
#1195 = FACE_BOUND('',#1196,.T.);
#1196 = EDGE_LOOP('',(#1197,#1198,#1204,#1205));
#1197 = ORIENTED_EDGE('',*,*,#788,.F.);
#1198 = ORIENTED_EDGE('',*,*,#1199,.T.);
#1199 = EDGE_CURVE('',#781,#1008,#1200,.T.);
#1200 = LINE('',#1201,#1202);
#1201 = CARTESIAN_POINT('',(33.5,0.,1.5));
#1202 = VECTOR('',#1203,1.);
#1203 = DIRECTION('',(0.,0.,1.));
#1204 = ORIENTED_EDGE('',*,*,#1007,.T.);
#1205 = ORIENTED_EDGE('',*,*,#742,.T.);
#1206 = PLANE('',#1207);
#1207 = AXIS2_PLACEMENT_3D('',#1208,#1209,#1210);
#1208 = CARTESIAN_POINT('',(33.5,0.,1.5));
#1209 = DIRECTION('',(-1.,0.,0.));
#1210 = DIRECTION('',(0.,1.,0.));
#1211 = ADVANCED_FACE('',(#1212),#1287,.T.);
#1212 = FACE_BOUND('',#1213,.T.);
#1213 = EDGE_LOOP('',(#1214,#1222,#1223,#1224,#1225,#1226,#1234,#1242,
    #1250,#1256,#1257,#1265,#1273,#1281));
#1214 = ORIENTED_EDGE('',*,*,#1215,.F.);
#1215 = EDGE_CURVE('',#1016,#1216,#1218,.T.);
#1216 = VERTEX_POINT('',#1217);
#1217 = CARTESIAN_POINT('',(0.,0.,4.5));
#1218 = LINE('',#1219,#1220);
#1219 = CARTESIAN_POINT('',(0.,0.,4.));
#1220 = VECTOR('',#1221,1.);
#1221 = DIRECTION('',(0.,0.,1.));
#1222 = ORIENTED_EDGE('',*,*,#1015,.T.);
#1223 = ORIENTED_EDGE('',*,*,#1199,.F.);
#1224 = ORIENTED_EDGE('',*,*,#780,.F.);
#1225 = ORIENTED_EDGE('',*,*,#813,.T.);
#1226 = ORIENTED_EDGE('',*,*,#1227,.F.);
#1227 = EDGE_CURVE('',#1228,#804,#1230,.T.);
#1228 = VERTEX_POINT('',#1229);
#1229 = CARTESIAN_POINT('',(41.3,0.,4.4));
#1230 = LINE('',#1231,#1232);
#1231 = CARTESIAN_POINT('',(38.74066091954,0.,4.4));
#1232 = VECTOR('',#1233,1.);
#1233 = DIRECTION('',(-1.,0.,0.));
#1234 = ORIENTED_EDGE('',*,*,#1235,.F.);
#1235 = EDGE_CURVE('',#1236,#1228,#1238,.T.);
#1236 = VERTEX_POINT('',#1237);
#1237 = CARTESIAN_POINT('',(41.3,0.,1.5));
#1238 = LINE('',#1239,#1240);
#1239 = CARTESIAN_POINT('',(41.3,0.,2.49066091954));
#1240 = VECTOR('',#1241,1.);
#1241 = DIRECTION('',(0.,0.,1.));
#1242 = ORIENTED_EDGE('',*,*,#1243,.F.);
#1243 = EDGE_CURVE('',#1244,#1236,#1246,.T.);
#1244 = VERTEX_POINT('',#1245);
#1245 = CARTESIAN_POINT('',(59.55,0.,1.5));
#1246 = LINE('',#1247,#1248);
#1247 = CARTESIAN_POINT('',(84.,0.,1.5));
#1248 = VECTOR('',#1249,1.);
#1249 = DIRECTION('',(-1.,0.,0.));
#1250 = ORIENTED_EDGE('',*,*,#1251,.T.);
#1251 = EDGE_CURVE('',#1244,#910,#1252,.T.);
#1252 = LINE('',#1253,#1254);
#1253 = CARTESIAN_POINT('',(59.55,0.,2.49066091954));
#1254 = VECTOR('',#1255,1.);
#1255 = DIRECTION('',(0.,0.,1.));
#1256 = ORIENTED_EDGE('',*,*,#909,.F.);
#1257 = ORIENTED_EDGE('',*,*,#1258,.F.);
#1258 = EDGE_CURVE('',#1259,#902,#1261,.T.);
#1259 = VERTEX_POINT('',#1260);
#1260 = CARTESIAN_POINT('',(70.45,0.,1.5));
#1261 = LINE('',#1262,#1263);
#1262 = CARTESIAN_POINT('',(70.45,0.,2.49066091954));
#1263 = VECTOR('',#1264,1.);
#1264 = DIRECTION('',(0.,0.,1.));
#1265 = ORIENTED_EDGE('',*,*,#1266,.F.);
#1266 = EDGE_CURVE('',#1267,#1259,#1269,.T.);
#1267 = VERTEX_POINT('',#1268);
#1268 = CARTESIAN_POINT('',(84.,0.,1.5));
#1269 = LINE('',#1270,#1271);
#1270 = CARTESIAN_POINT('',(84.,0.,1.5));
#1271 = VECTOR('',#1272,1.);
#1272 = DIRECTION('',(-1.,0.,0.));
#1273 = ORIENTED_EDGE('',*,*,#1274,.T.);
#1274 = EDGE_CURVE('',#1267,#1275,#1277,.T.);
#1275 = VERTEX_POINT('',#1276);
#1276 = CARTESIAN_POINT('',(84.,0.,4.5));
#1277 = LINE('',#1278,#1279);
#1278 = CARTESIAN_POINT('',(84.,0.,1.5));
#1279 = VECTOR('',#1280,1.);
#1280 = DIRECTION('',(0.,0.,1.));
#1281 = ORIENTED_EDGE('',*,*,#1282,.F.);
#1282 = EDGE_CURVE('',#1216,#1275,#1283,.T.);
#1283 = LINE('',#1284,#1285);
#1284 = CARTESIAN_POINT('',(0.,0.,4.5));
#1285 = VECTOR('',#1286,1.);
#1286 = DIRECTION('',(1.,0.,0.));
#1287 = PLANE('',#1288);
#1288 = AXIS2_PLACEMENT_3D('',#1289,#1290,#1291);
#1289 = CARTESIAN_POINT('',(42.48132183908,0.,3.48132183908));
#1290 = DIRECTION('',(-0.,-1.,-0.));
#1291 = DIRECTION('',(0.,0.,-1.));
#1292 = ADVANCED_FACE('',(#1293),#1328,.F.);
#1293 = FACE_BOUND('',#1294,.F.);
#1294 = EDGE_LOOP('',(#1295,#1296,#1297,#1305,#1313,#1322));
#1295 = ORIENTED_EDGE('',*,*,#803,.F.);
#1296 = ORIENTED_EDGE('',*,*,#1227,.F.);
#1297 = ORIENTED_EDGE('',*,*,#1298,.T.);
#1298 = EDGE_CURVE('',#1228,#1299,#1301,.T.);
#1299 = VERTEX_POINT('',#1300);
#1300 = CARTESIAN_POINT('',(41.3,1.1,4.4));
#1301 = LINE('',#1302,#1303);
#1302 = CARTESIAN_POINT('',(41.3,-0.1,4.4));
#1303 = VECTOR('',#1304,1.);
#1304 = DIRECTION('',(0.,1.,0.));
#1305 = ORIENTED_EDGE('',*,*,#1306,.F.);
#1306 = EDGE_CURVE('',#1307,#1299,#1309,.T.);
#1307 = VERTEX_POINT('',#1308);
#1308 = CARTESIAN_POINT('',(38.77082039325,1.1,4.4));
#1309 = LINE('',#1310,#1311);
#1310 = CARTESIAN_POINT('',(35.,1.1,4.4));
#1311 = VECTOR('',#1312,1.);
#1312 = DIRECTION('',(1.,0.,0.));
#1313 = ORIENTED_EDGE('',*,*,#1314,.F.);
#1314 = EDGE_CURVE('',#1315,#1307,#1317,.T.);
#1315 = VERTEX_POINT('',#1316);
#1316 = CARTESIAN_POINT('',(37.42917960675,1.1,4.4));
#1317 = CIRCLE('',#1318,2.3);
#1318 = AXIS2_PLACEMENT_3D('',#1319,#1320,#1321);
#1319 = CARTESIAN_POINT('',(38.1,3.3,4.4));
#1320 = DIRECTION('',(0.,0.,1.));
#1321 = DIRECTION('',(1.,0.,0.));
#1322 = ORIENTED_EDGE('',*,*,#1323,.F.);
#1323 = EDGE_CURVE('',#806,#1315,#1324,.T.);
#1324 = LINE('',#1325,#1326);
#1325 = CARTESIAN_POINT('',(35.,1.1,4.4));
#1326 = VECTOR('',#1327,1.);
#1327 = DIRECTION('',(1.,0.,0.));
#1328 = PLANE('',#1329);
#1329 = AXIS2_PLACEMENT_3D('',#1330,#1331,#1332);
#1330 = CARTESIAN_POINT('',(35.,-0.1,4.4));
#1331 = DIRECTION('',(0.,0.,1.));
#1332 = DIRECTION('',(1.,0.,0.));
#1333 = ADVANCED_FACE('',(#1334),#1345,.F.);
#1334 = FACE_BOUND('',#1335,.F.);
#1335 = EDGE_LOOP('',(#1336,#1342,#1343,#1344));
#1336 = ORIENTED_EDGE('',*,*,#1337,.F.);
#1337 = EDGE_CURVE('',#991,#1315,#1338,.T.);
#1338 = LINE('',#1339,#1340);
#1339 = CARTESIAN_POINT('',(37.42917960675,1.1,3.8));
#1340 = VECTOR('',#1341,1.);
#1341 = DIRECTION('',(0.,0.,1.));
#1342 = ORIENTED_EDGE('',*,*,#999,.F.);
#1343 = ORIENTED_EDGE('',*,*,#829,.T.);
#1344 = ORIENTED_EDGE('',*,*,#1323,.T.);
#1345 = PLANE('',#1346);
#1346 = AXIS2_PLACEMENT_3D('',#1347,#1348,#1349);
#1347 = CARTESIAN_POINT('',(35.,1.1,1.5));
#1348 = DIRECTION('',(0.,1.,0.));
#1349 = DIRECTION('',(0.,0.,1.));
#1350 = ADVANCED_FACE('',(#1351),#1376,.T.);
#1351 = FACE_BOUND('',#1352,.T.);
#1352 = EDGE_LOOP('',(#1353,#1361,#1362,#1370));
#1353 = ORIENTED_EDGE('',*,*,#1354,.T.);
#1354 = EDGE_CURVE('',#1355,#844,#1357,.T.);
#1355 = VERTEX_POINT('',#1356);
#1356 = CARTESIAN_POINT('',(83.,51.,1.5));
#1357 = LINE('',#1358,#1359);
#1358 = CARTESIAN_POINT('',(83.,51.,1.5));
#1359 = VECTOR('',#1360,1.);
#1360 = DIRECTION('',(0.,0.,1.));
#1361 = ORIENTED_EDGE('',*,*,#843,.T.);
#1362 = ORIENTED_EDGE('',*,*,#1363,.F.);
#1363 = EDGE_CURVE('',#1364,#846,#1366,.T.);
#1364 = VERTEX_POINT('',#1365);
#1365 = CARTESIAN_POINT('',(1.,51.,1.5));
#1366 = LINE('',#1367,#1368);
#1367 = CARTESIAN_POINT('',(1.,51.,1.5));
#1368 = VECTOR('',#1369,1.);
#1369 = DIRECTION('',(0.,0.,1.));
#1370 = ORIENTED_EDGE('',*,*,#1371,.F.);
#1371 = EDGE_CURVE('',#1355,#1364,#1372,.T.);
#1372 = LINE('',#1373,#1374);
#1373 = CARTESIAN_POINT('',(83.,51.,1.5));
#1374 = VECTOR('',#1375,1.);
#1375 = DIRECTION('',(-1.,0.,0.));
#1376 = PLANE('',#1377);
#1377 = AXIS2_PLACEMENT_3D('',#1378,#1379,#1380);
#1378 = CARTESIAN_POINT('',(83.,51.,1.5));
#1379 = DIRECTION('',(0.,-1.,0.));
#1380 = DIRECTION('',(-1.,0.,0.));
#1381 = ADVANCED_FACE('',(#1382),#1400,.T.);
#1382 = FACE_BOUND('',#1383,.T.);
#1383 = EDGE_LOOP('',(#1384,#1392,#1398,#1399));
#1384 = ORIENTED_EDGE('',*,*,#1385,.F.);
#1385 = EDGE_CURVE('',#1386,#1355,#1388,.T.);
#1386 = VERTEX_POINT('',#1387);
#1387 = CARTESIAN_POINT('',(83.,21.87,1.5));
#1388 = LINE('',#1389,#1390);
#1389 = CARTESIAN_POINT('',(83.,1.,1.5));
#1390 = VECTOR('',#1391,1.);
#1391 = DIRECTION('',(0.,1.,0.));
#1392 = ORIENTED_EDGE('',*,*,#1393,.F.);
#1393 = EDGE_CURVE('',#854,#1386,#1394,.T.);
#1394 = LINE('',#1395,#1396);
#1395 = CARTESIAN_POINT('',(83.,21.87,1.4));
#1396 = VECTOR('',#1397,1.);
#1397 = DIRECTION('',(0.,0.,-1.));
#1398 = ORIENTED_EDGE('',*,*,#853,.T.);
#1399 = ORIENTED_EDGE('',*,*,#1354,.F.);
#1400 = PLANE('',#1401);
#1401 = AXIS2_PLACEMENT_3D('',#1402,#1403,#1404);
#1402 = CARTESIAN_POINT('',(83.,1.,1.5));
#1403 = DIRECTION('',(-1.,0.,0.));
#1404 = DIRECTION('',(0.,1.,0.));
#1405 = ADVANCED_FACE('',(#1406),#1424,.T.);
#1406 = FACE_BOUND('',#1407,.T.);
#1407 = EDGE_LOOP('',(#1408,#1416,#1417,#1418));
#1408 = ORIENTED_EDGE('',*,*,#1409,.F.);
#1409 = EDGE_CURVE('',#1364,#1410,#1412,.T.);
#1410 = VERTEX_POINT('',#1411);
#1411 = CARTESIAN_POINT('',(1.,15.,1.5));
#1412 = LINE('',#1413,#1414);
#1413 = CARTESIAN_POINT('',(1.,51.,1.5));
#1414 = VECTOR('',#1415,1.);
#1415 = DIRECTION('',(0.,-1.,0.));
#1416 = ORIENTED_EDGE('',*,*,#1363,.T.);
#1417 = ORIENTED_EDGE('',*,*,#1039,.T.);
#1418 = ORIENTED_EDGE('',*,*,#1419,.F.);
#1419 = EDGE_CURVE('',#1410,#1032,#1420,.T.);
#1420 = LINE('',#1421,#1422);
#1421 = CARTESIAN_POINT('',(1.,15.,1.5));
#1422 = VECTOR('',#1423,1.);
#1423 = DIRECTION('',(0.,0.,1.));
#1424 = PLANE('',#1425);
#1425 = AXIS2_PLACEMENT_3D('',#1426,#1427,#1428);
#1426 = CARTESIAN_POINT('',(1.,51.,1.5));
#1427 = DIRECTION('',(1.,0.,0.));
#1428 = DIRECTION('',(0.,-1.,0.));
#1429 = ADVANCED_FACE('',(#1430),#1464,.F.);
#1430 = FACE_BOUND('',#1431,.F.);
#1431 = EDGE_LOOP('',(#1432,#1433,#1441,#1449,#1457,#1463));
#1432 = ORIENTED_EDGE('',*,*,#861,.T.);
#1433 = ORIENTED_EDGE('',*,*,#1434,.T.);
#1434 = EDGE_CURVE('',#862,#1435,#1437,.T.);
#1435 = VERTEX_POINT('',#1436);
#1436 = CARTESIAN_POINT('',(76.,21.87,4.2));
#1437 = LINE('',#1438,#1439);
#1438 = CARTESIAN_POINT('',(76.,21.87,1.3));
#1439 = VECTOR('',#1440,1.);
#1440 = DIRECTION('',(0.,0.,1.));
#1441 = ORIENTED_EDGE('',*,*,#1442,.T.);
#1442 = EDGE_CURVE('',#1435,#1443,#1445,.T.);
#1443 = VERTEX_POINT('',#1444);
#1444 = CARTESIAN_POINT('',(84.,21.87,4.2));
#1445 = LINE('',#1446,#1447);
#1446 = CARTESIAN_POINT('',(76.,21.87,4.2));
#1447 = VECTOR('',#1448,1.);
#1448 = DIRECTION('',(1.,0.,0.));
#1449 = ORIENTED_EDGE('',*,*,#1450,.F.);
#1450 = EDGE_CURVE('',#1451,#1443,#1453,.T.);
#1451 = VERTEX_POINT('',#1452);
#1452 = CARTESIAN_POINT('',(84.,21.87,1.5));
#1453 = LINE('',#1454,#1455);
#1454 = CARTESIAN_POINT('',(84.,21.87,2.15));
#1455 = VECTOR('',#1456,1.);
#1456 = DIRECTION('',(0.,0.,1.));
#1457 = ORIENTED_EDGE('',*,*,#1458,.F.);
#1458 = EDGE_CURVE('',#1386,#1451,#1459,.T.);
#1459 = LINE('',#1460,#1461);
#1460 = CARTESIAN_POINT('',(60.65998245614,21.87,1.5));
#1461 = VECTOR('',#1462,1.);
#1462 = DIRECTION('',(1.,0.,0.));
#1463 = ORIENTED_EDGE('',*,*,#1393,.F.);
#1464 = PLANE('',#1465);
#1465 = AXIS2_PLACEMENT_3D('',#1466,#1467,#1468);
#1466 = CARTESIAN_POINT('',(76.,21.87,1.3));
#1467 = DIRECTION('',(0.,1.,0.));
#1468 = DIRECTION('',(0.,0.,1.));
#1469 = ADVANCED_FACE('',(#1470),#1488,.T.);
#1470 = FACE_BOUND('',#1471,.T.);
#1471 = EDGE_LOOP('',(#1472,#1480,#1481,#1482));
#1472 = ORIENTED_EDGE('',*,*,#1473,.F.);
#1473 = EDGE_CURVE('',#1410,#1474,#1476,.T.);
#1474 = VERTEX_POINT('',#1475);
#1475 = CARTESIAN_POINT('',(0.,15.,1.5));
#1476 = LINE('',#1477,#1478);
#1477 = CARTESIAN_POINT('',(33.5,15.,1.5));
#1478 = VECTOR('',#1479,1.);
#1479 = DIRECTION('',(-1.,0.,0.));
#1480 = ORIENTED_EDGE('',*,*,#1419,.T.);
#1481 = ORIENTED_EDGE('',*,*,#1031,.T.);
#1482 = ORIENTED_EDGE('',*,*,#1483,.F.);
#1483 = EDGE_CURVE('',#1474,#1024,#1484,.T.);
#1484 = LINE('',#1485,#1486);
#1485 = CARTESIAN_POINT('',(0.,15.,1.5));
#1486 = VECTOR('',#1487,1.);
#1487 = DIRECTION('',(0.,0.,1.));
#1488 = PLANE('',#1489);
#1489 = AXIS2_PLACEMENT_3D('',#1490,#1491,#1492);
#1490 = CARTESIAN_POINT('',(33.5,15.,1.5));
#1491 = DIRECTION('',(0.,-1.,0.));
#1492 = DIRECTION('',(-1.,0.,0.));
#1493 = ADVANCED_FACE('',(#1494),#1512,.T.);
#1494 = FACE_BOUND('',#1495,.T.);
#1495 = EDGE_LOOP('',(#1496,#1504,#1505,#1506));
#1496 = ORIENTED_EDGE('',*,*,#1497,.F.);
#1497 = EDGE_CURVE('',#870,#1498,#1500,.T.);
#1498 = VERTEX_POINT('',#1499);
#1499 = CARTESIAN_POINT('',(76.,10.12,4.2));
#1500 = LINE('',#1501,#1502);
#1501 = CARTESIAN_POINT('',(76.,10.12,1.3));
#1502 = VECTOR('',#1503,1.);
#1503 = DIRECTION('',(0.,0.,1.));
#1504 = ORIENTED_EDGE('',*,*,#869,.T.);
#1505 = ORIENTED_EDGE('',*,*,#1434,.T.);
#1506 = ORIENTED_EDGE('',*,*,#1507,.F.);
#1507 = EDGE_CURVE('',#1498,#1435,#1508,.T.);
#1508 = LINE('',#1509,#1510);
#1509 = CARTESIAN_POINT('',(76.,10.12,4.2));
#1510 = VECTOR('',#1511,1.);
#1511 = DIRECTION('',(0.,1.,0.));
#1512 = PLANE('',#1513);
#1513 = AXIS2_PLACEMENT_3D('',#1514,#1515,#1516);
#1514 = CARTESIAN_POINT('',(76.,10.12,1.3));
#1515 = DIRECTION('',(1.,0.,0.));
#1516 = DIRECTION('',(0.,0.,1.));
#1517 = ADVANCED_FACE('',(#1518),#1545,.T.);
#1518 = FACE_BOUND('',#1519,.T.);
#1519 = EDGE_LOOP('',(#1520,#1530,#1536,#1537,#1538,#1539));
#1520 = ORIENTED_EDGE('',*,*,#1521,.F.);
#1521 = EDGE_CURVE('',#1522,#1524,#1526,.T.);
#1522 = VERTEX_POINT('',#1523);
#1523 = CARTESIAN_POINT('',(0.,52.,1.5));
#1524 = VERTEX_POINT('',#1525);
#1525 = CARTESIAN_POINT('',(0.,52.,4.5));
#1526 = LINE('',#1527,#1528);
#1527 = CARTESIAN_POINT('',(0.,52.,4.));
#1528 = VECTOR('',#1529,1.);
#1529 = DIRECTION('',(0.,0.,1.));
#1530 = ORIENTED_EDGE('',*,*,#1531,.F.);
#1531 = EDGE_CURVE('',#1474,#1522,#1532,.T.);
#1532 = LINE('',#1533,#1534);
#1533 = CARTESIAN_POINT('',(0.,15.,1.5));
#1534 = VECTOR('',#1535,1.);
#1535 = DIRECTION('',(0.,1.,0.));
#1536 = ORIENTED_EDGE('',*,*,#1483,.T.);
#1537 = ORIENTED_EDGE('',*,*,#1023,.T.);
#1538 = ORIENTED_EDGE('',*,*,#1215,.T.);
#1539 = ORIENTED_EDGE('',*,*,#1540,.F.);
#1540 = EDGE_CURVE('',#1524,#1216,#1541,.T.);
#1541 = LINE('',#1542,#1543);
#1542 = CARTESIAN_POINT('',(0.,52.,4.5));
#1543 = VECTOR('',#1544,1.);
#1544 = DIRECTION('',(0.,-1.,0.));
#1545 = PLANE('',#1546);
#1546 = AXIS2_PLACEMENT_3D('',#1547,#1548,#1549);
#1547 = CARTESIAN_POINT('',(0.,26.340909090909,3.340909090909));
#1548 = DIRECTION('',(-1.,-0.,-0.));
#1549 = DIRECTION('',(0.,0.,-1.));
#1550 = ADVANCED_FACE('',(#1551),#1585,.T.);
#1551 = FACE_BOUND('',#1552,.T.);
#1552 = EDGE_LOOP('',(#1553,#1554,#1555,#1563,#1571,#1579));
#1553 = ORIENTED_EDGE('',*,*,#877,.T.);
#1554 = ORIENTED_EDGE('',*,*,#1497,.T.);
#1555 = ORIENTED_EDGE('',*,*,#1556,.T.);
#1556 = EDGE_CURVE('',#1498,#1557,#1559,.T.);
#1557 = VERTEX_POINT('',#1558);
#1558 = CARTESIAN_POINT('',(84.,10.12,4.2));
#1559 = LINE('',#1560,#1561);
#1560 = CARTESIAN_POINT('',(76.,10.12,4.2));
#1561 = VECTOR('',#1562,1.);
#1562 = DIRECTION('',(1.,0.,0.));
#1563 = ORIENTED_EDGE('',*,*,#1564,.F.);
#1564 = EDGE_CURVE('',#1565,#1557,#1567,.T.);
#1565 = VERTEX_POINT('',#1566);
#1566 = CARTESIAN_POINT('',(84.,10.12,1.5));
#1567 = LINE('',#1568,#1569);
#1568 = CARTESIAN_POINT('',(84.,10.12,2.15));
#1569 = VECTOR('',#1570,1.);
#1570 = DIRECTION('',(0.,0.,1.));
#1571 = ORIENTED_EDGE('',*,*,#1572,.F.);
#1572 = EDGE_CURVE('',#1573,#1565,#1575,.T.);
#1573 = VERTEX_POINT('',#1574);
#1574 = CARTESIAN_POINT('',(83.,10.12,1.5));
#1575 = LINE('',#1576,#1577);
#1576 = CARTESIAN_POINT('',(60.65998245614,10.12,1.5));
#1577 = VECTOR('',#1578,1.);
#1578 = DIRECTION('',(1.,0.,0.));
#1579 = ORIENTED_EDGE('',*,*,#1580,.F.);
#1580 = EDGE_CURVE('',#878,#1573,#1581,.T.);
#1581 = LINE('',#1582,#1583);
#1582 = CARTESIAN_POINT('',(83.,10.12,1.4));
#1583 = VECTOR('',#1584,1.);
#1584 = DIRECTION('',(0.,0.,-1.));
#1585 = PLANE('',#1586);
#1586 = AXIS2_PLACEMENT_3D('',#1587,#1588,#1589);
#1587 = CARTESIAN_POINT('',(76.,10.12,1.3));
#1588 = DIRECTION('',(0.,1.,0.));
#1589 = DIRECTION('',(0.,0.,1.));
#1590 = ADVANCED_FACE('',(#1591),#1609,.T.);
#1591 = FACE_BOUND('',#1592,.T.);
#1592 = EDGE_LOOP('',(#1593,#1601,#1607,#1608));
#1593 = ORIENTED_EDGE('',*,*,#1594,.F.);
#1594 = EDGE_CURVE('',#1595,#1573,#1597,.T.);
#1595 = VERTEX_POINT('',#1596);
#1596 = CARTESIAN_POINT('',(83.,1.,1.5));
#1597 = LINE('',#1598,#1599);
#1598 = CARTESIAN_POINT('',(83.,1.,1.5));
#1599 = VECTOR('',#1600,1.);
#1600 = DIRECTION('',(0.,1.,0.));
#1601 = ORIENTED_EDGE('',*,*,#1602,.T.);
#1602 = EDGE_CURVE('',#1595,#886,#1603,.T.);
#1603 = LINE('',#1604,#1605);
#1604 = CARTESIAN_POINT('',(83.,1.,1.5));
#1605 = VECTOR('',#1606,1.);
#1606 = DIRECTION('',(0.,0.,1.));
#1607 = ORIENTED_EDGE('',*,*,#885,.T.);
#1608 = ORIENTED_EDGE('',*,*,#1580,.T.);
#1609 = PLANE('',#1610);
#1610 = AXIS2_PLACEMENT_3D('',#1611,#1612,#1613);
#1611 = CARTESIAN_POINT('',(83.,1.,1.5));
#1612 = DIRECTION('',(-1.,0.,0.));
#1613 = DIRECTION('',(0.,1.,0.));
#1614 = ADVANCED_FACE('',(#1615),#1633,.T.);
#1615 = FACE_BOUND('',#1616,.T.);
#1616 = EDGE_LOOP('',(#1617,#1625,#1631,#1632));
#1617 = ORIENTED_EDGE('',*,*,#1618,.F.);
#1618 = EDGE_CURVE('',#1619,#1595,#1621,.T.);
#1619 = VERTEX_POINT('',#1620);
#1620 = CARTESIAN_POINT('',(70.45,1.,1.5));
#1621 = LINE('',#1622,#1623);
#1622 = CARTESIAN_POINT('',(1.,1.,1.5));
#1623 = VECTOR('',#1624,1.);
#1624 = DIRECTION('',(1.,0.,0.));
#1625 = ORIENTED_EDGE('',*,*,#1626,.F.);
#1626 = EDGE_CURVE('',#894,#1619,#1627,.T.);
#1627 = LINE('',#1628,#1629);
#1628 = CARTESIAN_POINT('',(70.45,1.,1.5));
#1629 = VECTOR('',#1630,1.);
#1630 = DIRECTION('',(0.,0.,-1.));
#1631 = ORIENTED_EDGE('',*,*,#893,.T.);
#1632 = ORIENTED_EDGE('',*,*,#1602,.F.);
#1633 = PLANE('',#1634);
#1634 = AXIS2_PLACEMENT_3D('',#1635,#1636,#1637);
#1635 = CARTESIAN_POINT('',(1.,1.,1.5));
#1636 = DIRECTION('',(0.,1.,0.));
#1637 = DIRECTION('',(1.,0.,0.));
#1638 = ADVANCED_FACE('',(#1639),#1650,.F.);
#1639 = FACE_BOUND('',#1640,.F.);
#1640 = EDGE_LOOP('',(#1641,#1642,#1643,#1649));
#1641 = ORIENTED_EDGE('',*,*,#901,.F.);
#1642 = ORIENTED_EDGE('',*,*,#1258,.F.);
#1643 = ORIENTED_EDGE('',*,*,#1644,.T.);
#1644 = EDGE_CURVE('',#1259,#1619,#1645,.T.);
#1645 = LINE('',#1646,#1647);
#1646 = CARTESIAN_POINT('',(70.45,-0.1,1.5));
#1647 = VECTOR('',#1648,1.);
#1648 = DIRECTION('',(0.,1.,0.));
#1649 = ORIENTED_EDGE('',*,*,#1626,.F.);
#1650 = PLANE('',#1651);
#1651 = AXIS2_PLACEMENT_3D('',#1652,#1653,#1654);
#1652 = CARTESIAN_POINT('',(70.45,-0.1,1.5));
#1653 = DIRECTION('',(1.,0.,0.));
#1654 = DIRECTION('',(0.,0.,1.));
#1655 = ADVANCED_FACE('',(#1656),#1674,.T.);
#1656 = FACE_BOUND('',#1657,.T.);
#1657 = EDGE_LOOP('',(#1658,#1659,#1660,#1668));
#1658 = ORIENTED_EDGE('',*,*,#917,.F.);
#1659 = ORIENTED_EDGE('',*,*,#1251,.F.);
#1660 = ORIENTED_EDGE('',*,*,#1661,.T.);
#1661 = EDGE_CURVE('',#1244,#1662,#1664,.T.);
#1662 = VERTEX_POINT('',#1663);
#1663 = CARTESIAN_POINT('',(59.55,1.,1.5));
#1664 = LINE('',#1665,#1666);
#1665 = CARTESIAN_POINT('',(59.55,-0.1,1.5));
#1666 = VECTOR('',#1667,1.);
#1667 = DIRECTION('',(0.,1.,0.));
#1668 = ORIENTED_EDGE('',*,*,#1669,.F.);
#1669 = EDGE_CURVE('',#918,#1662,#1670,.T.);
#1670 = LINE('',#1671,#1672);
#1671 = CARTESIAN_POINT('',(59.55,1.,1.5));
#1672 = VECTOR('',#1673,1.);
#1673 = DIRECTION('',(0.,0.,-1.));
#1674 = PLANE('',#1675);
#1675 = AXIS2_PLACEMENT_3D('',#1676,#1677,#1678);
#1676 = CARTESIAN_POINT('',(59.55,-0.1,1.5));
#1677 = DIRECTION('',(1.,0.,0.));
#1678 = DIRECTION('',(0.,0.,1.));
#1679 = ADVANCED_FACE('',(#1680),#1708,.F.);
#1680 = FACE_BOUND('',#1681,.F.);
#1681 = EDGE_LOOP('',(#1682,#1691,#1697,#1698,#1699,#1700,#1706,#1707));
#1682 = ORIENTED_EDGE('',*,*,#1683,.F.);
#1683 = EDGE_CURVE('',#1684,#1684,#1686,.T.);
#1684 = VERTEX_POINT('',#1685);
#1685 = CARTESIAN_POINT('',(40.4,3.3,4.5));
#1686 = CIRCLE('',#1687,2.3);
#1687 = AXIS2_PLACEMENT_3D('',#1688,#1689,#1690);
#1688 = CARTESIAN_POINT('',(38.1,3.3,4.5));
#1689 = DIRECTION('',(0.,0.,1.));
#1690 = DIRECTION('',(1.,0.,0.));
#1691 = ORIENTED_EDGE('',*,*,#1692,.F.);
#1692 = EDGE_CURVE('',#982,#1684,#1693,.T.);
#1693 = LINE('',#1694,#1695);
#1694 = CARTESIAN_POINT('',(40.4,3.3,3.8));
#1695 = VECTOR('',#1696,1.);
#1696 = DIRECTION('',(0.,0.,1.));
#1697 = ORIENTED_EDGE('',*,*,#990,.T.);
#1698 = ORIENTED_EDGE('',*,*,#1337,.T.);
#1699 = ORIENTED_EDGE('',*,*,#1314,.T.);
#1700 = ORIENTED_EDGE('',*,*,#1701,.F.);
#1701 = EDGE_CURVE('',#974,#1307,#1702,.T.);
#1702 = LINE('',#1703,#1704);
#1703 = CARTESIAN_POINT('',(38.77082039325,1.1,3.8));
#1704 = VECTOR('',#1705,1.);
#1705 = DIRECTION('',(0.,0.,1.));
#1706 = ORIENTED_EDGE('',*,*,#981,.T.);
#1707 = ORIENTED_EDGE('',*,*,#1692,.T.);
#1708 = CYLINDRICAL_SURFACE('',#1709,2.3);
#1709 = AXIS2_PLACEMENT_3D('',#1710,#1711,#1712);
#1710 = CARTESIAN_POINT('',(38.1,3.3,3.8));
#1711 = DIRECTION('',(0.,0.,1.));
#1712 = DIRECTION('',(1.,0.,0.));
#1713 = ADVANCED_FACE('',(#1714),#1755,.T.);
#1714 = FACE_BOUND('',#1715,.T.);
#1715 = EDGE_LOOP('',(#1716,#1724,#1730,#1731,#1739,#1747,#1753,#1754));
#1716 = ORIENTED_EDGE('',*,*,#1717,.F.);
#1717 = EDGE_CURVE('',#1718,#1662,#1720,.T.);
#1718 = VERTEX_POINT('',#1719);
#1719 = CARTESIAN_POINT('',(41.3,1.,1.5));
#1720 = LINE('',#1721,#1722);
#1721 = CARTESIAN_POINT('',(1.,1.,1.5));
#1722 = VECTOR('',#1723,1.);
#1723 = DIRECTION('',(1.,0.,0.));
#1724 = ORIENTED_EDGE('',*,*,#1725,.F.);
#1725 = EDGE_CURVE('',#958,#1718,#1726,.T.);
#1726 = LINE('',#1727,#1728);
#1727 = CARTESIAN_POINT('',(41.3,1.,1.5));
#1728 = VECTOR('',#1729,1.);
#1729 = DIRECTION('',(0.,0.,-1.));
#1730 = ORIENTED_EDGE('',*,*,#957,.T.);
#1731 = ORIENTED_EDGE('',*,*,#1732,.T.);
#1732 = EDGE_CURVE('',#950,#1733,#1735,.T.);
#1733 = VERTEX_POINT('',#1734);
#1734 = CARTESIAN_POINT('',(42.6,1.,3.6));
#1735 = LINE('',#1736,#1737);
#1736 = CARTESIAN_POINT('',(42.6,1.,2.55));
#1737 = VECTOR('',#1738,1.);
#1738 = DIRECTION('',(0.,0.,-1.));
#1739 = ORIENTED_EDGE('',*,*,#1740,.T.);
#1740 = EDGE_CURVE('',#1733,#1741,#1743,.T.);
#1741 = VERTEX_POINT('',#1742);
#1742 = CARTESIAN_POINT('',(43.4,1.,3.6));
#1743 = LINE('',#1744,#1745);
#1744 = CARTESIAN_POINT('',(21.8,1.,3.6));
#1745 = VECTOR('',#1746,1.);
#1746 = DIRECTION('',(1.,0.,0.));
#1747 = ORIENTED_EDGE('',*,*,#1748,.F.);
#1748 = EDGE_CURVE('',#926,#1741,#1749,.T.);
#1749 = LINE('',#1750,#1751);
#1750 = CARTESIAN_POINT('',(43.4,1.,2.55));
#1751 = VECTOR('',#1752,1.);
#1752 = DIRECTION('',(0.,0.,-1.));
#1753 = ORIENTED_EDGE('',*,*,#925,.T.);
#1754 = ORIENTED_EDGE('',*,*,#1669,.T.);
#1755 = PLANE('',#1756);
#1756 = AXIS2_PLACEMENT_3D('',#1757,#1758,#1759);
#1757 = CARTESIAN_POINT('',(1.,1.,1.5));
#1758 = DIRECTION('',(0.,1.,0.));
#1759 = DIRECTION('',(1.,0.,0.));
#1760 = ADVANCED_FACE('',(#1761),#1779,.T.);
#1761 = FACE_BOUND('',#1762,.T.);
#1762 = EDGE_LOOP('',(#1763,#1764,#1765,#1773));
#1763 = ORIENTED_EDGE('',*,*,#933,.F.);
#1764 = ORIENTED_EDGE('',*,*,#1748,.T.);
#1765 = ORIENTED_EDGE('',*,*,#1766,.T.);
#1766 = EDGE_CURVE('',#1741,#1767,#1769,.T.);
#1767 = VERTEX_POINT('',#1768);
#1768 = CARTESIAN_POINT('',(43.4,15.5,3.6));
#1769 = LINE('',#1770,#1771);
#1770 = CARTESIAN_POINT('',(43.4,0.5,3.6));
#1771 = VECTOR('',#1772,1.);
#1772 = DIRECTION('',(0.,1.,0.));
#1773 = ORIENTED_EDGE('',*,*,#1774,.T.);
#1774 = EDGE_CURVE('',#1767,#934,#1775,.T.);
#1775 = LINE('',#1776,#1777);
#1776 = CARTESIAN_POINT('',(43.4,15.5,3.6));
#1777 = VECTOR('',#1778,1.);
#1778 = DIRECTION('',(0.,0.,1.));
#1779 = PLANE('',#1780);
#1780 = AXIS2_PLACEMENT_3D('',#1781,#1782,#1783);
#1781 = CARTESIAN_POINT('',(43.4,0.5,3.6));
#1782 = DIRECTION('',(1.,0.,0.));
#1783 = DIRECTION('',(0.,0.,1.));
#1784 = ADVANCED_FACE('',(#1785),#1796,.F.);
#1785 = FACE_BOUND('',#1786,.F.);
#1786 = EDGE_LOOP('',(#1787,#1793,#1794,#1795));
#1787 = ORIENTED_EDGE('',*,*,#1788,.F.);
#1788 = EDGE_CURVE('',#966,#1299,#1789,.T.);
#1789 = LINE('',#1790,#1791);
#1790 = CARTESIAN_POINT('',(41.3,1.1,1.5));
#1791 = VECTOR('',#1792,1.);
#1792 = DIRECTION('',(0.,0.,1.));
#1793 = ORIENTED_EDGE('',*,*,#973,.F.);
#1794 = ORIENTED_EDGE('',*,*,#1701,.T.);
#1795 = ORIENTED_EDGE('',*,*,#1306,.T.);
#1796 = PLANE('',#1797);
#1797 = AXIS2_PLACEMENT_3D('',#1798,#1799,#1800);
#1798 = CARTESIAN_POINT('',(35.,1.1,1.5));
#1799 = DIRECTION('',(0.,1.,0.));
#1800 = DIRECTION('',(0.,0.,1.));
#1801 = ADVANCED_FACE('',(#1802),#1820,.T.);
#1802 = FACE_BOUND('',#1803,.T.);
#1803 = EDGE_LOOP('',(#1804,#1812,#1818,#1819));
#1804 = ORIENTED_EDGE('',*,*,#1805,.F.);
#1805 = EDGE_CURVE('',#1806,#1767,#1808,.T.);
#1806 = VERTEX_POINT('',#1807);
#1807 = CARTESIAN_POINT('',(42.6,15.5,3.6));
#1808 = LINE('',#1809,#1810);
#1809 = CARTESIAN_POINT('',(42.6,15.5,3.6));
#1810 = VECTOR('',#1811,1.);
#1811 = DIRECTION('',(1.,0.,0.));
#1812 = ORIENTED_EDGE('',*,*,#1813,.T.);
#1813 = EDGE_CURVE('',#1806,#942,#1814,.T.);
#1814 = LINE('',#1815,#1816);
#1815 = CARTESIAN_POINT('',(42.6,15.5,3.6));
#1816 = VECTOR('',#1817,1.);
#1817 = DIRECTION('',(0.,0.,1.));
#1818 = ORIENTED_EDGE('',*,*,#941,.T.);
#1819 = ORIENTED_EDGE('',*,*,#1774,.F.);
#1820 = PLANE('',#1821);
#1821 = AXIS2_PLACEMENT_3D('',#1822,#1823,#1824);
#1822 = CARTESIAN_POINT('',(42.6,15.5,3.6));
#1823 = DIRECTION('',(0.,1.,0.));
#1824 = DIRECTION('',(0.,0.,1.));
#1825 = ADVANCED_FACE('',(#1826),#1839,.F.);
#1826 = FACE_BOUND('',#1827,.F.);
#1827 = EDGE_LOOP('',(#1828,#1829,#1830,#1836,#1837,#1838));
#1828 = ORIENTED_EDGE('',*,*,#1298,.F.);
#1829 = ORIENTED_EDGE('',*,*,#1235,.F.);
#1830 = ORIENTED_EDGE('',*,*,#1831,.T.);
#1831 = EDGE_CURVE('',#1236,#1718,#1832,.T.);
#1832 = LINE('',#1833,#1834);
#1833 = CARTESIAN_POINT('',(41.3,-0.1,1.5));
#1834 = VECTOR('',#1835,1.);
#1835 = DIRECTION('',(0.,1.,0.));
#1836 = ORIENTED_EDGE('',*,*,#1725,.F.);
#1837 = ORIENTED_EDGE('',*,*,#965,.F.);
#1838 = ORIENTED_EDGE('',*,*,#1788,.T.);
#1839 = PLANE('',#1840);
#1840 = AXIS2_PLACEMENT_3D('',#1841,#1842,#1843);
#1841 = CARTESIAN_POINT('',(41.3,-0.1,1.5));
#1842 = DIRECTION('',(1.,0.,0.));
#1843 = DIRECTION('',(0.,0.,1.));
#1844 = ADVANCED_FACE('',(#1845),#1856,.F.);
#1845 = FACE_BOUND('',#1846,.F.);
#1846 = EDGE_LOOP('',(#1847,#1848,#1849,#1855));
#1847 = ORIENTED_EDGE('',*,*,#949,.F.);
#1848 = ORIENTED_EDGE('',*,*,#1732,.T.);
#1849 = ORIENTED_EDGE('',*,*,#1850,.T.);
#1850 = EDGE_CURVE('',#1733,#1806,#1851,.T.);
#1851 = LINE('',#1852,#1853);
#1852 = CARTESIAN_POINT('',(42.6,0.5,3.6));
#1853 = VECTOR('',#1854,1.);
#1854 = DIRECTION('',(0.,1.,0.));
#1855 = ORIENTED_EDGE('',*,*,#1813,.T.);
#1856 = PLANE('',#1857);
#1857 = AXIS2_PLACEMENT_3D('',#1858,#1859,#1860);
#1858 = CARTESIAN_POINT('',(42.6,0.5,3.6));
#1859 = DIRECTION('',(1.,0.,0.));
#1860 = DIRECTION('',(0.,0.,1.));
#1861 = ADVANCED_FACE('',(#1862),#1887,.F.);
#1862 = FACE_BOUND('',#1863,.F.);
#1863 = EDGE_LOOP('',(#1864,#1872,#1880,#1886));
#1864 = ORIENTED_EDGE('',*,*,#1865,.F.);
#1865 = EDGE_CURVE('',#1866,#1048,#1868,.T.);
#1866 = VERTEX_POINT('',#1867);
#1867 = CARTESIAN_POINT('',(34.5,16.4,3.6));
#1868 = LINE('',#1869,#1870);
#1869 = CARTESIAN_POINT('',(34.5,16.4,3.6));
#1870 = VECTOR('',#1871,1.);
#1871 = DIRECTION('',(0.,0.,1.));
#1872 = ORIENTED_EDGE('',*,*,#1873,.T.);
#1873 = EDGE_CURVE('',#1866,#1874,#1876,.T.);
#1874 = VERTEX_POINT('',#1875);
#1875 = CARTESIAN_POINT('',(34.5,17.2,3.6));
#1876 = LINE('',#1877,#1878);
#1877 = CARTESIAN_POINT('',(34.5,16.4,3.6));
#1878 = VECTOR('',#1879,1.);
#1879 = DIRECTION('',(0.,1.,0.));
#1880 = ORIENTED_EDGE('',*,*,#1881,.T.);
#1881 = EDGE_CURVE('',#1874,#1050,#1882,.T.);
#1882 = LINE('',#1883,#1884);
#1883 = CARTESIAN_POINT('',(34.5,17.2,3.6));
#1884 = VECTOR('',#1885,1.);
#1885 = DIRECTION('',(0.,0.,1.));
#1886 = ORIENTED_EDGE('',*,*,#1047,.F.);
#1887 = PLANE('',#1888);
#1888 = AXIS2_PLACEMENT_3D('',#1889,#1890,#1891);
#1889 = CARTESIAN_POINT('',(34.5,16.4,3.6));
#1890 = DIRECTION('',(1.,0.,0.));
#1891 = DIRECTION('',(0.,0.,1.));
#1892 = ADVANCED_FACE('',(#1893),#1934,.T.);
#1893 = FACE_BOUND('',#1894,.T.);
#1894 = EDGE_LOOP('',(#1895,#1903,#1909,#1910,#1911,#1919,#1927,#1933));
#1895 = ORIENTED_EDGE('',*,*,#1896,.F.);
#1896 = EDGE_CURVE('',#1897,#1092,#1899,.T.);
#1897 = VERTEX_POINT('',#1898);
#1898 = CARTESIAN_POINT('',(47.,17.2,3.6));
#1899 = LINE('',#1900,#1901);
#1900 = CARTESIAN_POINT('',(47.,17.2,3.6));
#1901 = VECTOR('',#1902,1.);
#1902 = DIRECTION('',(0.,0.,1.));
#1903 = ORIENTED_EDGE('',*,*,#1904,.F.);
#1904 = EDGE_CURVE('',#1874,#1897,#1905,.T.);
#1905 = LINE('',#1906,#1907);
#1906 = CARTESIAN_POINT('',(34.5,17.2,3.6));
#1907 = VECTOR('',#1908,1.);
#1908 = DIRECTION('',(1.,0.,0.));
#1909 = ORIENTED_EDGE('',*,*,#1881,.T.);
#1910 = ORIENTED_EDGE('',*,*,#1116,.T.);
#1911 = ORIENTED_EDGE('',*,*,#1912,.F.);
#1912 = EDGE_CURVE('',#1913,#1108,#1915,.T.);
#1913 = VERTEX_POINT('',#1914);
#1914 = CARTESIAN_POINT('',(37.161916848035,17.2,3.8));
#1915 = LINE('',#1916,#1917);
#1916 = CARTESIAN_POINT('',(37.161916848035,17.2,3.8));
#1917 = VECTOR('',#1918,1.);
#1918 = DIRECTION('',(0.,0.,1.));
#1919 = ORIENTED_EDGE('',*,*,#1920,.T.);
#1920 = EDGE_CURVE('',#1913,#1921,#1923,.T.);
#1921 = VERTEX_POINT('',#1922);
#1922 = CARTESIAN_POINT('',(39.038083151965,17.2,3.8));
#1923 = LINE('',#1924,#1925);
#1924 = CARTESIAN_POINT('',(36.3,17.2,3.8));
#1925 = VECTOR('',#1926,1.);
#1926 = DIRECTION('',(1.,0.,0.));
#1927 = ORIENTED_EDGE('',*,*,#1928,.T.);
#1928 = EDGE_CURVE('',#1921,#1100,#1929,.T.);
#1929 = LINE('',#1930,#1931);
#1930 = CARTESIAN_POINT('',(39.038083151965,17.2,3.8));
#1931 = VECTOR('',#1932,1.);
#1932 = DIRECTION('',(0.,0.,1.));
#1933 = ORIENTED_EDGE('',*,*,#1099,.T.);
#1934 = PLANE('',#1935);
#1935 = AXIS2_PLACEMENT_3D('',#1936,#1937,#1938);
#1936 = CARTESIAN_POINT('',(34.5,17.2,3.6));
#1937 = DIRECTION('',(0.,1.,0.));
#1938 = DIRECTION('',(0.,0.,1.));
#1939 = ADVANCED_FACE('',(#1940),#1993,.F.);
#1940 = FACE_BOUND('',#1941,.F.);
#1941 = EDGE_LOOP('',(#1942,#1951,#1957,#1958,#1966,#1973,#1974,#1975,
    #1976,#1985,#1991,#1992));
#1942 = ORIENTED_EDGE('',*,*,#1943,.F.);
#1943 = EDGE_CURVE('',#1944,#1944,#1946,.T.);
#1944 = VERTEX_POINT('',#1945);
#1945 = CARTESIAN_POINT('',(40.4,15.1,4.5));
#1946 = CIRCLE('',#1947,2.3);
#1947 = AXIS2_PLACEMENT_3D('',#1948,#1949,#1950);
#1948 = CARTESIAN_POINT('',(38.1,15.1,4.5));
#1949 = DIRECTION('',(0.,0.,1.));
#1950 = DIRECTION('',(1.,0.,0.));
#1951 = ORIENTED_EDGE('',*,*,#1952,.F.);
#1952 = EDGE_CURVE('',#1066,#1944,#1953,.T.);
#1953 = LINE('',#1954,#1955);
#1954 = CARTESIAN_POINT('',(40.4,15.1,3.8));
#1955 = VECTOR('',#1956,1.);
#1956 = DIRECTION('',(0.,0.,1.));
#1957 = ORIENTED_EDGE('',*,*,#1074,.T.);
#1958 = ORIENTED_EDGE('',*,*,#1959,.F.);
#1959 = EDGE_CURVE('',#1960,#1075,#1962,.T.);
#1960 = VERTEX_POINT('',#1961);
#1961 = CARTESIAN_POINT('',(39.997366596101,16.4,3.8));
#1962 = LINE('',#1963,#1964);
#1963 = CARTESIAN_POINT('',(39.997366596101,16.4,3.8));
#1964 = VECTOR('',#1965,1.);
#1965 = DIRECTION('',(0.,0.,1.));
#1966 = ORIENTED_EDGE('',*,*,#1967,.T.);
#1967 = EDGE_CURVE('',#1960,#1921,#1968,.T.);
#1968 = CIRCLE('',#1969,2.3);
#1969 = AXIS2_PLACEMENT_3D('',#1970,#1971,#1972);
#1970 = CARTESIAN_POINT('',(38.1,15.1,3.8));
#1971 = DIRECTION('',(0.,0.,1.));
#1972 = DIRECTION('',(1.,0.,0.));
#1973 = ORIENTED_EDGE('',*,*,#1928,.T.);
#1974 = ORIENTED_EDGE('',*,*,#1107,.T.);
#1975 = ORIENTED_EDGE('',*,*,#1912,.F.);
#1976 = ORIENTED_EDGE('',*,*,#1977,.T.);
#1977 = EDGE_CURVE('',#1913,#1978,#1980,.T.);
#1978 = VERTEX_POINT('',#1979);
#1979 = CARTESIAN_POINT('',(36.202633403899,16.4,3.8));
#1980 = CIRCLE('',#1981,2.3);
#1981 = AXIS2_PLACEMENT_3D('',#1982,#1983,#1984);
#1982 = CARTESIAN_POINT('',(38.1,15.1,3.8));
#1983 = DIRECTION('',(0.,0.,1.));
#1984 = DIRECTION('',(1.,0.,0.));
#1985 = ORIENTED_EDGE('',*,*,#1986,.T.);
#1986 = EDGE_CURVE('',#1978,#1058,#1987,.T.);
#1987 = LINE('',#1988,#1989);
#1988 = CARTESIAN_POINT('',(36.202633403899,16.4,3.8));
#1989 = VECTOR('',#1990,1.);
#1990 = DIRECTION('',(0.,0.,1.));
#1991 = ORIENTED_EDGE('',*,*,#1065,.T.);
#1992 = ORIENTED_EDGE('',*,*,#1952,.T.);
#1993 = CYLINDRICAL_SURFACE('',#1994,2.3);
#1994 = AXIS2_PLACEMENT_3D('',#1995,#1996,#1997);
#1995 = CARTESIAN_POINT('',(38.1,15.1,3.8));
#1996 = DIRECTION('',(0.,0.,1.));
#1997 = DIRECTION('',(1.,0.,0.));
#1998 = ADVANCED_FACE('',(#1999),#2017,.T.);
#1999 = FACE_BOUND('',#2000,.T.);
#2000 = EDGE_LOOP('',(#2001,#2009,#2015,#2016));
#2001 = ORIENTED_EDGE('',*,*,#2002,.F.);
#2002 = EDGE_CURVE('',#2003,#1084,#2005,.T.);
#2003 = VERTEX_POINT('',#2004);
#2004 = CARTESIAN_POINT('',(47.,16.4,3.6));
#2005 = LINE('',#2006,#2007);
#2006 = CARTESIAN_POINT('',(47.,16.4,3.6));
#2007 = VECTOR('',#2008,1.);
#2008 = DIRECTION('',(0.,0.,1.));
#2009 = ORIENTED_EDGE('',*,*,#2010,.T.);
#2010 = EDGE_CURVE('',#2003,#1897,#2011,.T.);
#2011 = LINE('',#2012,#2013);
#2012 = CARTESIAN_POINT('',(47.,16.4,3.6));
#2013 = VECTOR('',#2014,1.);
#2014 = DIRECTION('',(0.,1.,0.));
#2015 = ORIENTED_EDGE('',*,*,#1896,.T.);
#2016 = ORIENTED_EDGE('',*,*,#1091,.F.);
#2017 = PLANE('',#2018);
#2018 = AXIS2_PLACEMENT_3D('',#2019,#2020,#2021);
#2019 = CARTESIAN_POINT('',(47.,16.4,3.6));
#2020 = DIRECTION('',(1.,0.,0.));
#2021 = DIRECTION('',(0.,0.,1.));
#2022 = ADVANCED_FACE('',(#2023),#2043,.F.);
#2023 = FACE_BOUND('',#2024,.F.);
#2024 = EDGE_LOOP('',(#2025,#2026,#2032,#2033,#2034,#2035,#2041,#2042));
#2025 = ORIENTED_EDGE('',*,*,#2002,.F.);
#2026 = ORIENTED_EDGE('',*,*,#2027,.F.);
#2027 = EDGE_CURVE('',#1866,#2003,#2028,.T.);
#2028 = LINE('',#2029,#2030);
#2029 = CARTESIAN_POINT('',(34.5,16.4,3.6));
#2030 = VECTOR('',#2031,1.);
#2031 = DIRECTION('',(1.,0.,0.));
#2032 = ORIENTED_EDGE('',*,*,#1865,.T.);
#2033 = ORIENTED_EDGE('',*,*,#1057,.T.);
#2034 = ORIENTED_EDGE('',*,*,#1986,.F.);
#2035 = ORIENTED_EDGE('',*,*,#2036,.T.);
#2036 = EDGE_CURVE('',#1978,#1960,#2037,.T.);
#2037 = LINE('',#2038,#2039);
#2038 = CARTESIAN_POINT('',(36.3,16.4,3.8));
#2039 = VECTOR('',#2040,1.);
#2040 = DIRECTION('',(1.,0.,0.));
#2041 = ORIENTED_EDGE('',*,*,#1959,.T.);
#2042 = ORIENTED_EDGE('',*,*,#1083,.T.);
#2043 = PLANE('',#2044);
#2044 = AXIS2_PLACEMENT_3D('',#2045,#2046,#2047);
#2045 = CARTESIAN_POINT('',(34.5,16.4,3.6));
#2046 = DIRECTION('',(0.,1.,0.));
#2047 = DIRECTION('',(0.,0.,1.));
#2048 = ADVANCED_FACE('',(#2049),#2074,.F.);
#2049 = FACE_BOUND('',#2050,.F.);
#2050 = EDGE_LOOP('',(#2051,#2061,#2067,#2068));
#2051 = ORIENTED_EDGE('',*,*,#2052,.F.);
#2052 = EDGE_CURVE('',#2053,#2055,#2057,.T.);
#2053 = VERTEX_POINT('',#2054);
#2054 = CARTESIAN_POINT('',(1.,7.1,3.6));
#2055 = VERTEX_POINT('',#2056);
#2056 = CARTESIAN_POINT('',(33.,7.1,3.6));
#2057 = LINE('',#2058,#2059);
#2058 = CARTESIAN_POINT('',(1.,7.1,3.6));
#2059 = VECTOR('',#2060,1.);
#2060 = DIRECTION('',(1.,0.,0.));
#2061 = ORIENTED_EDGE('',*,*,#2062,.T.);
#2062 = EDGE_CURVE('',#2053,#1125,#2063,.T.);
#2063 = LINE('',#2064,#2065);
#2064 = CARTESIAN_POINT('',(1.,7.1,3.6));
#2065 = VECTOR('',#2066,1.);
#2066 = DIRECTION('',(0.,0.,1.));
#2067 = ORIENTED_EDGE('',*,*,#1124,.T.);
#2068 = ORIENTED_EDGE('',*,*,#2069,.F.);
#2069 = EDGE_CURVE('',#2055,#1127,#2070,.T.);
#2070 = LINE('',#2071,#2072);
#2071 = CARTESIAN_POINT('',(33.,7.1,3.6));
#2072 = VECTOR('',#2073,1.);
#2073 = DIRECTION('',(0.,0.,1.));
#2074 = PLANE('',#2075);
#2075 = AXIS2_PLACEMENT_3D('',#2076,#2077,#2078);
#2076 = CARTESIAN_POINT('',(1.,7.1,3.6));
#2077 = DIRECTION('',(0.,1.,0.));
#2078 = DIRECTION('',(0.,0.,1.));
#2079 = ADVANCED_FACE('',(#2080),#2098,.F.);
#2080 = FACE_BOUND('',#2081,.F.);
#2081 = EDGE_LOOP('',(#2082,#2083,#2091,#2097));
#2082 = ORIENTED_EDGE('',*,*,#2062,.F.);
#2083 = ORIENTED_EDGE('',*,*,#2084,.T.);
#2084 = EDGE_CURVE('',#2053,#2085,#2087,.T.);
#2085 = VERTEX_POINT('',#2086);
#2086 = CARTESIAN_POINT('',(1.,7.9,3.6));
#2087 = LINE('',#2088,#2089);
#2088 = CARTESIAN_POINT('',(1.,7.1,3.6));
#2089 = VECTOR('',#2090,1.);
#2090 = DIRECTION('',(0.,1.,0.));
#2091 = ORIENTED_EDGE('',*,*,#2092,.T.);
#2092 = EDGE_CURVE('',#2085,#1143,#2093,.T.);
#2093 = LINE('',#2094,#2095);
#2094 = CARTESIAN_POINT('',(1.,7.9,3.6));
#2095 = VECTOR('',#2096,1.);
#2096 = DIRECTION('',(0.,0.,1.));
#2097 = ORIENTED_EDGE('',*,*,#1150,.F.);
#2098 = PLANE('',#2099);
#2099 = AXIS2_PLACEMENT_3D('',#2100,#2101,#2102);
#2100 = CARTESIAN_POINT('',(1.,7.1,3.6));
#2101 = DIRECTION('',(1.,0.,0.));
#2102 = DIRECTION('',(0.,0.,1.));
#2103 = ADVANCED_FACE('',(#2104),#2122,.T.);
#2104 = FACE_BOUND('',#2105,.T.);
#2105 = EDGE_LOOP('',(#2106,#2107,#2115,#2121));
#2106 = ORIENTED_EDGE('',*,*,#2069,.F.);
#2107 = ORIENTED_EDGE('',*,*,#2108,.T.);
#2108 = EDGE_CURVE('',#2055,#2109,#2111,.T.);
#2109 = VERTEX_POINT('',#2110);
#2110 = CARTESIAN_POINT('',(33.,7.9,3.6));
#2111 = LINE('',#2112,#2113);
#2112 = CARTESIAN_POINT('',(33.,7.1,3.6));
#2113 = VECTOR('',#2114,1.);
#2114 = DIRECTION('',(0.,1.,0.));
#2115 = ORIENTED_EDGE('',*,*,#2116,.T.);
#2116 = EDGE_CURVE('',#2109,#1135,#2117,.T.);
#2117 = LINE('',#2118,#2119);
#2118 = CARTESIAN_POINT('',(33.,7.9,3.6));
#2119 = VECTOR('',#2120,1.);
#2120 = DIRECTION('',(0.,0.,1.));
#2121 = ORIENTED_EDGE('',*,*,#1134,.F.);
#2122 = PLANE('',#2123);
#2123 = AXIS2_PLACEMENT_3D('',#2124,#2125,#2126);
#2124 = CARTESIAN_POINT('',(33.,7.1,3.6));
#2125 = DIRECTION('',(1.,0.,0.));
#2126 = DIRECTION('',(0.,0.,1.));
#2127 = ADVANCED_FACE('',(#2128),#2139,.T.);
#2128 = FACE_BOUND('',#2129,.T.);
#2129 = EDGE_LOOP('',(#2130,#2136,#2137,#2138));
#2130 = ORIENTED_EDGE('',*,*,#2131,.F.);
#2131 = EDGE_CURVE('',#2085,#2109,#2132,.T.);
#2132 = LINE('',#2133,#2134);
#2133 = CARTESIAN_POINT('',(1.,7.9,3.6));
#2134 = VECTOR('',#2135,1.);
#2135 = DIRECTION('',(1.,0.,0.));
#2136 = ORIENTED_EDGE('',*,*,#2092,.T.);
#2137 = ORIENTED_EDGE('',*,*,#1142,.T.);
#2138 = ORIENTED_EDGE('',*,*,#2116,.F.);
#2139 = PLANE('',#2140);
#2140 = AXIS2_PLACEMENT_3D('',#2141,#2142,#2143);
#2141 = CARTESIAN_POINT('',(1.,7.9,3.6));
#2142 = DIRECTION('',(0.,1.,0.));
#2143 = DIRECTION('',(0.,0.,1.));
#2144 = ADVANCED_FACE('',(#2145),#2170,.F.);
#2145 = FACE_BOUND('',#2146,.F.);
#2146 = EDGE_LOOP('',(#2147,#2155,#2163,#2169));
#2147 = ORIENTED_EDGE('',*,*,#2148,.F.);
#2148 = EDGE_CURVE('',#2149,#1159,#2151,.T.);
#2149 = VERTEX_POINT('',#2150);
#2150 = CARTESIAN_POINT('',(2.,18.3,3.9));
#2151 = LINE('',#2152,#2153);
#2152 = CARTESIAN_POINT('',(2.,18.3,3.9));
#2153 = VECTOR('',#2154,1.);
#2154 = DIRECTION('',(0.,0.,1.));
#2155 = ORIENTED_EDGE('',*,*,#2156,.T.);
#2156 = EDGE_CURVE('',#2149,#2157,#2159,.T.);
#2157 = VERTEX_POINT('',#2158);
#2158 = CARTESIAN_POINT('',(2.,50.1,3.9));
#2159 = LINE('',#2160,#2161);
#2160 = CARTESIAN_POINT('',(2.,18.3,3.9));
#2161 = VECTOR('',#2162,1.);
#2162 = DIRECTION('',(0.,1.,0.));
#2163 = ORIENTED_EDGE('',*,*,#2164,.T.);
#2164 = EDGE_CURVE('',#2157,#1161,#2165,.T.);
#2165 = LINE('',#2166,#2167);
#2166 = CARTESIAN_POINT('',(2.,50.1,3.9));
#2167 = VECTOR('',#2168,1.);
#2168 = DIRECTION('',(0.,0.,1.));
#2169 = ORIENTED_EDGE('',*,*,#1158,.F.);
#2170 = PLANE('',#2171);
#2171 = AXIS2_PLACEMENT_3D('',#2172,#2173,#2174);
#2172 = CARTESIAN_POINT('',(2.,18.3,3.9));
#2173 = DIRECTION('',(1.,0.,0.));
#2174 = DIRECTION('',(0.,0.,1.));
#2175 = ADVANCED_FACE('',(#2176),#2194,.F.);
#2176 = FACE_BOUND('',#2177,.F.);
#2177 = EDGE_LOOP('',(#2178,#2186,#2187,#2188));
#2178 = ORIENTED_EDGE('',*,*,#2179,.F.);
#2179 = EDGE_CURVE('',#2149,#2180,#2182,.T.);
#2180 = VERTEX_POINT('',#2181);
#2181 = CARTESIAN_POINT('',(39.32,18.3,3.9));
#2182 = LINE('',#2183,#2184);
#2183 = CARTESIAN_POINT('',(2.,18.3,3.9));
#2184 = VECTOR('',#2185,1.);
#2185 = DIRECTION('',(1.,0.,0.));
#2186 = ORIENTED_EDGE('',*,*,#2148,.T.);
#2187 = ORIENTED_EDGE('',*,*,#1168,.T.);
#2188 = ORIENTED_EDGE('',*,*,#2189,.F.);
#2189 = EDGE_CURVE('',#2180,#1169,#2190,.T.);
#2190 = LINE('',#2191,#2192);
#2191 = CARTESIAN_POINT('',(39.32,18.3,3.9));
#2192 = VECTOR('',#2193,1.);
#2193 = DIRECTION('',(0.,0.,1.));
#2194 = PLANE('',#2195);
#2195 = AXIS2_PLACEMENT_3D('',#2196,#2197,#2198);
#2196 = CARTESIAN_POINT('',(2.,18.3,3.9));
#2197 = DIRECTION('',(0.,1.,0.));
#2198 = DIRECTION('',(0.,0.,1.));
#2199 = ADVANCED_FACE('',(#2200),#2218,.T.);
#2200 = FACE_BOUND('',#2201,.T.);
#2201 = EDGE_LOOP('',(#2202,#2210,#2211,#2212));
#2202 = ORIENTED_EDGE('',*,*,#2203,.F.);
#2203 = EDGE_CURVE('',#2157,#2204,#2206,.T.);
#2204 = VERTEX_POINT('',#2205);
#2205 = CARTESIAN_POINT('',(39.32,50.1,3.9));
#2206 = LINE('',#2207,#2208);
#2207 = CARTESIAN_POINT('',(2.,50.1,3.9));
#2208 = VECTOR('',#2209,1.);
#2209 = DIRECTION('',(1.,0.,0.));
#2210 = ORIENTED_EDGE('',*,*,#2164,.T.);
#2211 = ORIENTED_EDGE('',*,*,#1184,.T.);
#2212 = ORIENTED_EDGE('',*,*,#2213,.F.);
#2213 = EDGE_CURVE('',#2204,#1177,#2214,.T.);
#2214 = LINE('',#2215,#2216);
#2215 = CARTESIAN_POINT('',(39.32,50.1,3.9));
#2216 = VECTOR('',#2217,1.);
#2217 = DIRECTION('',(0.,0.,1.));
#2218 = PLANE('',#2219);
#2219 = AXIS2_PLACEMENT_3D('',#2220,#2221,#2222);
#2220 = CARTESIAN_POINT('',(2.,50.1,3.9));
#2221 = DIRECTION('',(0.,1.,0.));
#2222 = DIRECTION('',(0.,0.,1.));
#2223 = ADVANCED_FACE('',(#2224),#2235,.T.);
#2224 = FACE_BOUND('',#2225,.T.);
#2225 = EDGE_LOOP('',(#2226,#2227,#2233,#2234));
#2226 = ORIENTED_EDGE('',*,*,#2189,.F.);
#2227 = ORIENTED_EDGE('',*,*,#2228,.T.);
#2228 = EDGE_CURVE('',#2180,#2204,#2229,.T.);
#2229 = LINE('',#2230,#2231);
#2230 = CARTESIAN_POINT('',(39.32,18.3,3.9));
#2231 = VECTOR('',#2232,1.);
#2232 = DIRECTION('',(0.,1.,0.));
#2233 = ORIENTED_EDGE('',*,*,#2213,.T.);
#2234 = ORIENTED_EDGE('',*,*,#1176,.F.);
#2235 = PLANE('',#2236);
#2236 = AXIS2_PLACEMENT_3D('',#2237,#2238,#2239);
#2237 = CARTESIAN_POINT('',(39.32,18.3,3.9));
#2238 = DIRECTION('',(1.,0.,0.));
#2239 = DIRECTION('',(0.,0.,1.));
#2240 = ADVANCED_FACE('',(#2241,#2291,#2294,#2297),#2331,.T.);
#2241 = FACE_BOUND('',#2242,.T.);
#2242 = EDGE_LOOP('',(#2243,#2244,#2252,#2260,#2268,#2276,#2284,#2290));
#2243 = ORIENTED_EDGE('',*,*,#1282,.T.);
#2244 = ORIENTED_EDGE('',*,*,#2245,.T.);
#2245 = EDGE_CURVE('',#1275,#2246,#2248,.T.);
#2246 = VERTEX_POINT('',#2247);
#2247 = CARTESIAN_POINT('',(84.,11.38,4.5));
#2248 = LINE('',#2249,#2250);
#2249 = CARTESIAN_POINT('',(84.,0.,4.5));
#2250 = VECTOR('',#2251,1.);
#2251 = DIRECTION('',(0.,1.,0.));
#2252 = ORIENTED_EDGE('',*,*,#2253,.T.);
#2253 = EDGE_CURVE('',#2246,#2254,#2256,.T.);
#2254 = VERTEX_POINT('',#2255);
#2255 = CARTESIAN_POINT('',(77.5,11.38,4.5));
#2256 = LINE('',#2257,#2258);
#2257 = CARTESIAN_POINT('',(84.,11.38,4.5));
#2258 = VECTOR('',#2259,1.);
#2259 = DIRECTION('',(-1.,0.,0.));
#2260 = ORIENTED_EDGE('',*,*,#2261,.T.);
#2261 = EDGE_CURVE('',#2254,#2262,#2264,.T.);
#2262 = VERTEX_POINT('',#2263);
#2263 = CARTESIAN_POINT('',(77.5,20.62,4.5));
#2264 = LINE('',#2265,#2266);
#2265 = CARTESIAN_POINT('',(77.5,11.38,4.5));
#2266 = VECTOR('',#2267,1.);
#2267 = DIRECTION('',(0.,1.,0.));
#2268 = ORIENTED_EDGE('',*,*,#2269,.T.);
#2269 = EDGE_CURVE('',#2262,#2270,#2272,.T.);
#2270 = VERTEX_POINT('',#2271);
#2271 = CARTESIAN_POINT('',(84.,20.62,4.5));
#2272 = LINE('',#2273,#2274);
#2273 = CARTESIAN_POINT('',(77.5,20.62,4.5));
#2274 = VECTOR('',#2275,1.);
#2275 = DIRECTION('',(1.,0.,0.));
#2276 = ORIENTED_EDGE('',*,*,#2277,.T.);
#2277 = EDGE_CURVE('',#2270,#2278,#2280,.T.);
#2278 = VERTEX_POINT('',#2279);
#2279 = CARTESIAN_POINT('',(84.,52.,4.5));
#2280 = LINE('',#2281,#2282);
#2281 = CARTESIAN_POINT('',(84.,20.62,4.5));
#2282 = VECTOR('',#2283,1.);
#2283 = DIRECTION('',(0.,1.,0.));
#2284 = ORIENTED_EDGE('',*,*,#2285,.T.);
#2285 = EDGE_CURVE('',#2278,#1524,#2286,.T.);
#2286 = LINE('',#2287,#2288);
#2287 = CARTESIAN_POINT('',(84.,52.,4.5));
#2288 = VECTOR('',#2289,1.);
#2289 = DIRECTION('',(-1.,0.,0.));
#2290 = ORIENTED_EDGE('',*,*,#1540,.T.);
#2291 = FACE_BOUND('',#2292,.T.);
#2292 = EDGE_LOOP('',(#2293));
#2293 = ORIENTED_EDGE('',*,*,#1683,.F.);
#2294 = FACE_BOUND('',#2295,.T.);
#2295 = EDGE_LOOP('',(#2296));
#2296 = ORIENTED_EDGE('',*,*,#1943,.F.);
#2297 = FACE_BOUND('',#2298,.T.);
#2298 = EDGE_LOOP('',(#2299,#2309,#2317,#2325));
#2299 = ORIENTED_EDGE('',*,*,#2300,.T.);
#2300 = EDGE_CURVE('',#2301,#2303,#2305,.T.);
#2301 = VERTEX_POINT('',#2302);
#2302 = CARTESIAN_POINT('',(31.8,20.3,4.5));
#2303 = VERTEX_POINT('',#2304);
#2304 = CARTESIAN_POINT('',(4.,20.3,4.5));
#2305 = LINE('',#2306,#2307);
#2306 = CARTESIAN_POINT('',(23.778403508772,20.3,4.5));
#2307 = VECTOR('',#2308,1.);
#2308 = DIRECTION('',(-1.,0.,0.));
#2309 = ORIENTED_EDGE('',*,*,#2310,.T.);
#2310 = EDGE_CURVE('',#2303,#2311,#2313,.T.);
#2311 = VERTEX_POINT('',#2312);
#2312 = CARTESIAN_POINT('',(4.,48.1,4.5));
#2313 = LINE('',#2314,#2315);
#2314 = CARTESIAN_POINT('',(4.,22.921929824561,4.5));
#2315 = VECTOR('',#2316,1.);
#2316 = DIRECTION('',(0.,1.,0.));
#2317 = ORIENTED_EDGE('',*,*,#2318,.F.);
#2318 = EDGE_CURVE('',#2319,#2311,#2321,.T.);
#2319 = VERTEX_POINT('',#2320);
#2320 = CARTESIAN_POINT('',(31.8,48.1,4.5));
#2321 = LINE('',#2322,#2323);
#2322 = CARTESIAN_POINT('',(23.778403508772,48.1,4.5));
#2323 = VECTOR('',#2324,1.);
#2324 = DIRECTION('',(-1.,0.,0.));
#2325 = ORIENTED_EDGE('',*,*,#2326,.F.);
#2326 = EDGE_CURVE('',#2301,#2319,#2327,.T.);
#2327 = LINE('',#2328,#2329);
#2328 = CARTESIAN_POINT('',(31.8,22.921929824561,4.5));
#2329 = VECTOR('',#2330,1.);
#2330 = DIRECTION('',(0.,1.,0.));
#2331 = PLANE('',#2332);
#2332 = AXIS2_PLACEMENT_3D('',#2333,#2334,#2335);
#2333 = CARTESIAN_POINT('',(43.556807017544,25.543859649123,4.5));
#2334 = DIRECTION('',(0.,0.,1.));
#2335 = DIRECTION('',(1.,0.,0.));
#2336 = ADVANCED_FACE('',(#2337),#2362,.T.);
#2337 = FACE_BOUND('',#2338,.T.);
#2338 = EDGE_LOOP('',(#2339,#2340,#2346,#2347,#2355,#2361));
#2339 = ORIENTED_EDGE('',*,*,#1274,.F.);
#2340 = ORIENTED_EDGE('',*,*,#2341,.F.);
#2341 = EDGE_CURVE('',#1565,#1267,#2342,.T.);
#2342 = LINE('',#2343,#2344);
#2343 = CARTESIAN_POINT('',(84.,11.38,1.5));
#2344 = VECTOR('',#2345,1.);
#2345 = DIRECTION('',(0.,-1.,0.));
#2346 = ORIENTED_EDGE('',*,*,#1564,.T.);
#2347 = ORIENTED_EDGE('',*,*,#2348,.F.);
#2348 = EDGE_CURVE('',#2349,#1557,#2351,.T.);
#2349 = VERTEX_POINT('',#2350);
#2350 = CARTESIAN_POINT('',(84.,11.38,4.2));
#2351 = LINE('',#2352,#2353);
#2352 = CARTESIAN_POINT('',(84.,7.905,4.2));
#2353 = VECTOR('',#2354,1.);
#2354 = DIRECTION('',(0.,-1.,0.));
#2355 = ORIENTED_EDGE('',*,*,#2356,.T.);
#2356 = EDGE_CURVE('',#2349,#2246,#2357,.T.);
#2357 = LINE('',#2358,#2359);
#2358 = CARTESIAN_POINT('',(84.,11.38,1.5));
#2359 = VECTOR('',#2360,1.);
#2360 = DIRECTION('',(0.,0.,1.));
#2361 = ORIENTED_EDGE('',*,*,#2245,.F.);
#2362 = PLANE('',#2363);
#2363 = AXIS2_PLACEMENT_3D('',#2364,#2365,#2366);
#2364 = CARTESIAN_POINT('',(84.,5.69,3.));
#2365 = DIRECTION('',(1.,0.,0.));
#2366 = DIRECTION('',(0.,0.,1.));
#2367 = ADVANCED_FACE('',(#2368),#2376,.T.);
#2368 = FACE_BOUND('',#2369,.T.);
#2369 = EDGE_LOOP('',(#2370,#2371,#2372,#2373,#2374,#2375));
#2370 = ORIENTED_EDGE('',*,*,#1572,.T.);
#2371 = ORIENTED_EDGE('',*,*,#2341,.T.);
#2372 = ORIENTED_EDGE('',*,*,#1266,.T.);
#2373 = ORIENTED_EDGE('',*,*,#1644,.T.);
#2374 = ORIENTED_EDGE('',*,*,#1618,.T.);
#2375 = ORIENTED_EDGE('',*,*,#1594,.T.);
#2376 = PLANE('',#2377);
#2377 = AXIS2_PLACEMENT_3D('',#2378,#2379,#2380);
#2378 = CARTESIAN_POINT('',(45.319964912281,27.30701754386,1.5));
#2379 = DIRECTION('',(-0.,-0.,-1.));
#2380 = DIRECTION('',(-1.,0.,0.));
#2381 = ADVANCED_FACE('',(#2382),#2388,.T.);
#2382 = FACE_BOUND('',#2383,.T.);
#2383 = EDGE_LOOP('',(#2384,#2385,#2386,#2387));
#2384 = ORIENTED_EDGE('',*,*,#1661,.F.);
#2385 = ORIENTED_EDGE('',*,*,#1243,.T.);
#2386 = ORIENTED_EDGE('',*,*,#1831,.T.);
#2387 = ORIENTED_EDGE('',*,*,#1717,.T.);
#2388 = PLANE('',#2389);
#2389 = AXIS2_PLACEMENT_3D('',#2390,#2391,#2392);
#2390 = CARTESIAN_POINT('',(45.319964912281,27.30701754386,1.5));
#2391 = DIRECTION('',(-0.,-0.,-1.));
#2392 = DIRECTION('',(-1.,0.,0.));
#2393 = ADVANCED_FACE('',(#2394),#2416,.T.);
#2394 = FACE_BOUND('',#2395,.T.);
#2395 = EDGE_LOOP('',(#2396,#2397,#2398,#2399,#2400,#2408,#2414,#2415));
#2396 = ORIENTED_EDGE('',*,*,#1371,.T.);
#2397 = ORIENTED_EDGE('',*,*,#1409,.T.);
#2398 = ORIENTED_EDGE('',*,*,#1473,.T.);
#2399 = ORIENTED_EDGE('',*,*,#1531,.T.);
#2400 = ORIENTED_EDGE('',*,*,#2401,.T.);
#2401 = EDGE_CURVE('',#1522,#2402,#2404,.T.);
#2402 = VERTEX_POINT('',#2403);
#2403 = CARTESIAN_POINT('',(84.,52.,1.5));
#2404 = LINE('',#2405,#2406);
#2405 = CARTESIAN_POINT('',(0.,52.,1.5));
#2406 = VECTOR('',#2407,1.);
#2407 = DIRECTION('',(1.,0.,0.));
#2408 = ORIENTED_EDGE('',*,*,#2409,.T.);
#2409 = EDGE_CURVE('',#2402,#1451,#2410,.T.);
#2410 = LINE('',#2411,#2412);
#2411 = CARTESIAN_POINT('',(84.,52.,1.5));
#2412 = VECTOR('',#2413,1.);
#2413 = DIRECTION('',(0.,-1.,0.));
#2414 = ORIENTED_EDGE('',*,*,#1458,.F.);
#2415 = ORIENTED_EDGE('',*,*,#1385,.T.);
#2416 = PLANE('',#2417);
#2417 = AXIS2_PLACEMENT_3D('',#2418,#2419,#2420);
#2418 = CARTESIAN_POINT('',(45.319964912281,27.30701754386,1.5));
#2419 = DIRECTION('',(-0.,-0.,-1.));
#2420 = DIRECTION('',(-1.,0.,0.));
#2421 = ADVANCED_FACE('',(#2422),#2447,.T.);
#2422 = FACE_BOUND('',#2423,.T.);
#2423 = EDGE_LOOP('',(#2424,#2432,#2438,#2439,#2440,#2446));
#2424 = ORIENTED_EDGE('',*,*,#2425,.F.);
#2425 = EDGE_CURVE('',#2426,#2270,#2428,.T.);
#2426 = VERTEX_POINT('',#2427);
#2427 = CARTESIAN_POINT('',(84.,20.62,4.2));
#2428 = LINE('',#2429,#2430);
#2429 = CARTESIAN_POINT('',(84.,20.62,4.));
#2430 = VECTOR('',#2431,1.);
#2431 = DIRECTION('',(0.,0.,1.));
#2432 = ORIENTED_EDGE('',*,*,#2433,.F.);
#2433 = EDGE_CURVE('',#1443,#2426,#2434,.T.);
#2434 = LINE('',#2435,#2436);
#2435 = CARTESIAN_POINT('',(84.,23.215,4.2));
#2436 = VECTOR('',#2437,1.);
#2437 = DIRECTION('',(0.,-1.,0.));
#2438 = ORIENTED_EDGE('',*,*,#1450,.F.);
#2439 = ORIENTED_EDGE('',*,*,#2409,.F.);
#2440 = ORIENTED_EDGE('',*,*,#2441,.T.);
#2441 = EDGE_CURVE('',#2402,#2278,#2442,.T.);
#2442 = LINE('',#2443,#2444);
#2443 = CARTESIAN_POINT('',(84.,52.,1.5));
#2444 = VECTOR('',#2445,1.);
#2445 = DIRECTION('',(0.,0.,1.));
#2446 = ORIENTED_EDGE('',*,*,#2277,.F.);
#2447 = PLANE('',#2448);
#2448 = AXIS2_PLACEMENT_3D('',#2449,#2450,#2451);
#2449 = CARTESIAN_POINT('',(84.,36.31,3.));
#2450 = DIRECTION('',(1.,0.,0.));
#2451 = DIRECTION('',(0.,0.,1.));
#2452 = ADVANCED_FACE('',(#2453),#2482,.F.);
#2453 = FACE_BOUND('',#2454,.F.);
#2454 = EDGE_LOOP('',(#2455,#2456,#2457,#2458,#2459,#2467,#2475,#2481));
#2455 = ORIENTED_EDGE('',*,*,#1442,.F.);
#2456 = ORIENTED_EDGE('',*,*,#1507,.F.);
#2457 = ORIENTED_EDGE('',*,*,#1556,.T.);
#2458 = ORIENTED_EDGE('',*,*,#2348,.F.);
#2459 = ORIENTED_EDGE('',*,*,#2460,.F.);
#2460 = EDGE_CURVE('',#2461,#2349,#2463,.T.);
#2461 = VERTEX_POINT('',#2462);
#2462 = CARTESIAN_POINT('',(77.5,11.38,4.2));
#2463 = LINE('',#2464,#2465);
#2464 = CARTESIAN_POINT('',(78.736842105263,11.38,4.2));
#2465 = VECTOR('',#2466,1.);
#2466 = DIRECTION('',(1.,0.,0.));
#2467 = ORIENTED_EDGE('',*,*,#2468,.T.);
#2468 = EDGE_CURVE('',#2461,#2469,#2471,.T.);
#2469 = VERTEX_POINT('',#2470);
#2470 = CARTESIAN_POINT('',(77.5,20.62,4.2));
#2471 = LINE('',#2472,#2473);
#2472 = CARTESIAN_POINT('',(77.5,10.75,4.2));
#2473 = VECTOR('',#2474,1.);
#2474 = DIRECTION('',(0.,1.,0.));
#2475 = ORIENTED_EDGE('',*,*,#2476,.F.);
#2476 = EDGE_CURVE('',#2426,#2469,#2477,.T.);
#2477 = LINE('',#2478,#2479);
#2478 = CARTESIAN_POINT('',(78.736842105263,20.62,4.2));
#2479 = VECTOR('',#2480,1.);
#2480 = DIRECTION('',(-1.,0.,0.));
#2481 = ORIENTED_EDGE('',*,*,#2433,.F.);
#2482 = PLANE('',#2483);
#2483 = AXIS2_PLACEMENT_3D('',#2484,#2485,#2486);
#2484 = CARTESIAN_POINT('',(76.,10.12,4.2));
#2485 = DIRECTION('',(0.,0.,1.));
#2486 = DIRECTION('',(1.,0.,0.));
#2487 = ADVANCED_FACE('',(#2488),#2494,.T.);
#2488 = FACE_BOUND('',#2489,.T.);
#2489 = EDGE_LOOP('',(#2490,#2491,#2492,#2493));
#2490 = ORIENTED_EDGE('',*,*,#2441,.F.);
#2491 = ORIENTED_EDGE('',*,*,#2401,.F.);
#2492 = ORIENTED_EDGE('',*,*,#1521,.T.);
#2493 = ORIENTED_EDGE('',*,*,#2285,.F.);
#2494 = PLANE('',#2495);
#2495 = AXIS2_PLACEMENT_3D('',#2496,#2497,#2498);
#2496 = CARTESIAN_POINT('',(42.,52.,3.));
#2497 = DIRECTION('',(0.,1.,0.));
#2498 = DIRECTION('',(0.,0.,1.));
#2499 = ADVANCED_FACE('',(#2500),#2506,.F.);
#2500 = FACE_BOUND('',#2501,.F.);
#2501 = EDGE_LOOP('',(#2502,#2503,#2504,#2505));
#2502 = ORIENTED_EDGE('',*,*,#1850,.F.);
#2503 = ORIENTED_EDGE('',*,*,#1740,.T.);
#2504 = ORIENTED_EDGE('',*,*,#1766,.T.);
#2505 = ORIENTED_EDGE('',*,*,#1805,.F.);
#2506 = PLANE('',#2507);
#2507 = AXIS2_PLACEMENT_3D('',#2508,#2509,#2510);
#2508 = CARTESIAN_POINT('',(42.6,0.5,3.6));
#2509 = DIRECTION('',(0.,0.,1.));
#2510 = DIRECTION('',(1.,0.,0.));
#2511 = ADVANCED_FACE('',(#2512),#2518,.F.);
#2512 = FACE_BOUND('',#2513,.F.);
#2513 = EDGE_LOOP('',(#2514,#2515,#2516,#2517));
#2514 = ORIENTED_EDGE('',*,*,#1873,.F.);
#2515 = ORIENTED_EDGE('',*,*,#2027,.T.);
#2516 = ORIENTED_EDGE('',*,*,#2010,.T.);
#2517 = ORIENTED_EDGE('',*,*,#1904,.F.);
#2518 = PLANE('',#2519);
#2519 = AXIS2_PLACEMENT_3D('',#2520,#2521,#2522);
#2520 = CARTESIAN_POINT('',(34.5,16.4,3.6));
#2521 = DIRECTION('',(0.,0.,1.));
#2522 = DIRECTION('',(1.,0.,0.));
#2523 = ADVANCED_FACE('',(#2524),#2530,.T.);
#2524 = FACE_BOUND('',#2525,.T.);
#2525 = EDGE_LOOP('',(#2526,#2527,#2528,#2529));
#2526 = ORIENTED_EDGE('',*,*,#2036,.T.);
#2527 = ORIENTED_EDGE('',*,*,#1967,.T.);
#2528 = ORIENTED_EDGE('',*,*,#1920,.F.);
#2529 = ORIENTED_EDGE('',*,*,#1977,.T.);
#2530 = PLANE('',#2531);
#2531 = AXIS2_PLACEMENT_3D('',#2532,#2533,#2534);
#2532 = CARTESIAN_POINT('',(38.1,15.1,3.8));
#2533 = DIRECTION('',(0.,0.,1.));
#2534 = DIRECTION('',(1.,0.,0.));
#2535 = ADVANCED_FACE('',(#2536),#2542,.F.);
#2536 = FACE_BOUND('',#2537,.F.);
#2537 = EDGE_LOOP('',(#2538,#2539,#2540,#2541));
#2538 = ORIENTED_EDGE('',*,*,#2084,.F.);
#2539 = ORIENTED_EDGE('',*,*,#2052,.T.);
#2540 = ORIENTED_EDGE('',*,*,#2108,.T.);
#2541 = ORIENTED_EDGE('',*,*,#2131,.F.);
#2542 = PLANE('',#2543);
#2543 = AXIS2_PLACEMENT_3D('',#2544,#2545,#2546);
#2544 = CARTESIAN_POINT('',(1.,7.1,3.6));
#2545 = DIRECTION('',(0.,0.,1.));
#2546 = DIRECTION('',(1.,0.,0.));
#2547 = ADVANCED_FACE('',(#2548,#2554),#2588,.F.);
#2548 = FACE_BOUND('',#2549,.F.);
#2549 = EDGE_LOOP('',(#2550,#2551,#2552,#2553));
#2550 = ORIENTED_EDGE('',*,*,#2156,.F.);
#2551 = ORIENTED_EDGE('',*,*,#2179,.T.);
#2552 = ORIENTED_EDGE('',*,*,#2228,.T.);
#2553 = ORIENTED_EDGE('',*,*,#2203,.F.);
#2554 = FACE_BOUND('',#2555,.F.);
#2555 = EDGE_LOOP('',(#2556,#2566,#2574,#2582));
#2556 = ORIENTED_EDGE('',*,*,#2557,.T.);
#2557 = EDGE_CURVE('',#2558,#2560,#2562,.T.);
#2558 = VERTEX_POINT('',#2559);
#2559 = CARTESIAN_POINT('',(31.8,20.3,3.9));
#2560 = VERTEX_POINT('',#2561);
#2561 = CARTESIAN_POINT('',(4.,20.3,3.9));
#2562 = LINE('',#2563,#2564);
#2563 = CARTESIAN_POINT('',(3.,20.3,3.9));
#2564 = VECTOR('',#2565,1.);
#2565 = DIRECTION('',(-1.,0.,0.));
#2566 = ORIENTED_EDGE('',*,*,#2567,.T.);
#2567 = EDGE_CURVE('',#2560,#2568,#2570,.T.);
#2568 = VERTEX_POINT('',#2569);
#2569 = CARTESIAN_POINT('',(4.,48.1,3.9));
#2570 = LINE('',#2571,#2572);
#2571 = CARTESIAN_POINT('',(4.,19.3,3.9));
#2572 = VECTOR('',#2573,1.);
#2573 = DIRECTION('',(0.,1.,0.));
#2574 = ORIENTED_EDGE('',*,*,#2575,.F.);
#2575 = EDGE_CURVE('',#2576,#2568,#2578,.T.);
#2576 = VERTEX_POINT('',#2577);
#2577 = CARTESIAN_POINT('',(31.8,48.1,3.9));
#2578 = LINE('',#2579,#2580);
#2579 = CARTESIAN_POINT('',(3.,48.1,3.9));
#2580 = VECTOR('',#2581,1.);
#2581 = DIRECTION('',(-1.,0.,0.));
#2582 = ORIENTED_EDGE('',*,*,#2583,.F.);
#2583 = EDGE_CURVE('',#2558,#2576,#2584,.T.);
#2584 = LINE('',#2585,#2586);
#2585 = CARTESIAN_POINT('',(31.8,19.3,3.9));
#2586 = VECTOR('',#2587,1.);
#2587 = DIRECTION('',(0.,1.,0.));
#2588 = PLANE('',#2589);
#2589 = AXIS2_PLACEMENT_3D('',#2590,#2591,#2592);
#2590 = CARTESIAN_POINT('',(2.,18.3,3.9));
#2591 = DIRECTION('',(0.,0.,1.));
#2592 = DIRECTION('',(1.,0.,0.));
#2593 = ADVANCED_FACE('',(#2594),#2605,.T.);
#2594 = FACE_BOUND('',#2595,.T.);
#2595 = EDGE_LOOP('',(#2596,#2597,#2598,#2604));
#2596 = ORIENTED_EDGE('',*,*,#2356,.F.);
#2597 = ORIENTED_EDGE('',*,*,#2460,.F.);
#2598 = ORIENTED_EDGE('',*,*,#2599,.T.);
#2599 = EDGE_CURVE('',#2461,#2254,#2600,.T.);
#2600 = LINE('',#2601,#2602);
#2601 = CARTESIAN_POINT('',(77.5,11.38,4.));
#2602 = VECTOR('',#2603,1.);
#2603 = DIRECTION('',(0.,0.,1.));
#2604 = ORIENTED_EDGE('',*,*,#2253,.F.);
#2605 = PLANE('',#2606);
#2606 = AXIS2_PLACEMENT_3D('',#2607,#2608,#2609);
#2607 = CARTESIAN_POINT('',(81.473684210526,11.38,3.723684210526));
#2608 = DIRECTION('',(0.,1.,0.));
#2609 = DIRECTION('',(0.,0.,1.));
#2610 = ADVANCED_FACE('',(#2611),#2622,.F.);
#2611 = FACE_BOUND('',#2612,.F.);
#2612 = EDGE_LOOP('',(#2613,#2614,#2615,#2616));
#2613 = ORIENTED_EDGE('',*,*,#2468,.F.);
#2614 = ORIENTED_EDGE('',*,*,#2599,.T.);
#2615 = ORIENTED_EDGE('',*,*,#2261,.T.);
#2616 = ORIENTED_EDGE('',*,*,#2617,.F.);
#2617 = EDGE_CURVE('',#2469,#2262,#2618,.T.);
#2618 = LINE('',#2619,#2620);
#2619 = CARTESIAN_POINT('',(77.5,20.62,4.));
#2620 = VECTOR('',#2621,1.);
#2621 = DIRECTION('',(0.,0.,1.));
#2622 = PLANE('',#2623);
#2623 = AXIS2_PLACEMENT_3D('',#2624,#2625,#2626);
#2624 = CARTESIAN_POINT('',(77.5,11.38,4.));
#2625 = DIRECTION('',(-1.,0.,0.));
#2626 = DIRECTION('',(0.,1.,0.));
#2627 = ADVANCED_FACE('',(#2628),#2634,.T.);
#2628 = FACE_BOUND('',#2629,.T.);
#2629 = EDGE_LOOP('',(#2630,#2631,#2632,#2633));
#2630 = ORIENTED_EDGE('',*,*,#2617,.F.);
#2631 = ORIENTED_EDGE('',*,*,#2476,.F.);
#2632 = ORIENTED_EDGE('',*,*,#2425,.T.);
#2633 = ORIENTED_EDGE('',*,*,#2269,.F.);
#2634 = PLANE('',#2635);
#2635 = AXIS2_PLACEMENT_3D('',#2636,#2637,#2638);
#2636 = CARTESIAN_POINT('',(81.473684210526,20.62,3.723684210526));
#2637 = DIRECTION('',(-0.,-1.,-0.));
#2638 = DIRECTION('',(0.,0.,-1.));
#2639 = ADVANCED_FACE('',(#2640),#2656,.T.);
#2640 = FACE_BOUND('',#2641,.T.);
#2641 = EDGE_LOOP('',(#2642,#2648,#2649,#2655));
#2642 = ORIENTED_EDGE('',*,*,#2643,.F.);
#2643 = EDGE_CURVE('',#2558,#2301,#2644,.T.);
#2644 = LINE('',#2645,#2646);
#2645 = CARTESIAN_POINT('',(31.8,20.3,3.7));
#2646 = VECTOR('',#2647,1.);
#2647 = DIRECTION('',(0.,0.,1.));
#2648 = ORIENTED_EDGE('',*,*,#2557,.T.);
#2649 = ORIENTED_EDGE('',*,*,#2650,.T.);
#2650 = EDGE_CURVE('',#2560,#2303,#2651,.T.);
#2651 = LINE('',#2652,#2653);
#2652 = CARTESIAN_POINT('',(4.,20.3,3.7));
#2653 = VECTOR('',#2654,1.);
#2654 = DIRECTION('',(0.,0.,1.));
#2655 = ORIENTED_EDGE('',*,*,#2300,.F.);
#2656 = PLANE('',#2657);
#2657 = AXIS2_PLACEMENT_3D('',#2658,#2659,#2660);
#2658 = CARTESIAN_POINT('',(4.,20.3,3.7));
#2659 = DIRECTION('',(0.,1.,0.));
#2660 = DIRECTION('',(0.,0.,1.));
#2661 = ADVANCED_FACE('',(#2662),#2673,.F.);
#2662 = FACE_BOUND('',#2663,.F.);
#2663 = EDGE_LOOP('',(#2664,#2665,#2666,#2672));
#2664 = ORIENTED_EDGE('',*,*,#2643,.F.);
#2665 = ORIENTED_EDGE('',*,*,#2583,.T.);
#2666 = ORIENTED_EDGE('',*,*,#2667,.T.);
#2667 = EDGE_CURVE('',#2576,#2319,#2668,.T.);
#2668 = LINE('',#2669,#2670);
#2669 = CARTESIAN_POINT('',(31.8,48.1,3.7));
#2670 = VECTOR('',#2671,1.);
#2671 = DIRECTION('',(0.,0.,1.));
#2672 = ORIENTED_EDGE('',*,*,#2326,.F.);
#2673 = PLANE('',#2674);
#2674 = AXIS2_PLACEMENT_3D('',#2675,#2676,#2677);
#2675 = CARTESIAN_POINT('',(31.8,20.3,3.7));
#2676 = DIRECTION('',(1.,0.,0.));
#2677 = DIRECTION('',(0.,0.,1.));
#2678 = ADVANCED_FACE('',(#2679),#2690,.T.);
#2679 = FACE_BOUND('',#2680,.T.);
#2680 = EDGE_LOOP('',(#2681,#2682,#2683,#2689));
#2681 = ORIENTED_EDGE('',*,*,#2650,.F.);
#2682 = ORIENTED_EDGE('',*,*,#2567,.T.);
#2683 = ORIENTED_EDGE('',*,*,#2684,.T.);
#2684 = EDGE_CURVE('',#2568,#2311,#2685,.T.);
#2685 = LINE('',#2686,#2687);
#2686 = CARTESIAN_POINT('',(4.,48.1,3.7));
#2687 = VECTOR('',#2688,1.);
#2688 = DIRECTION('',(0.,0.,1.));
#2689 = ORIENTED_EDGE('',*,*,#2310,.F.);
#2690 = PLANE('',#2691);
#2691 = AXIS2_PLACEMENT_3D('',#2692,#2693,#2694);
#2692 = CARTESIAN_POINT('',(4.,20.3,3.7));
#2693 = DIRECTION('',(1.,0.,0.));
#2694 = DIRECTION('',(0.,0.,1.));
#2695 = ADVANCED_FACE('',(#2696),#2702,.F.);
#2696 = FACE_BOUND('',#2697,.F.);
#2697 = EDGE_LOOP('',(#2698,#2699,#2700,#2701));
#2698 = ORIENTED_EDGE('',*,*,#2667,.F.);
#2699 = ORIENTED_EDGE('',*,*,#2575,.T.);
#2700 = ORIENTED_EDGE('',*,*,#2684,.T.);
#2701 = ORIENTED_EDGE('',*,*,#2318,.F.);
#2702 = PLANE('',#2703);
#2703 = AXIS2_PLACEMENT_3D('',#2704,#2705,#2706);
#2704 = CARTESIAN_POINT('',(4.,48.1,3.7));
#2705 = DIRECTION('',(0.,1.,0.));
#2706 = DIRECTION('',(0.,0.,1.));
#2707 = ( GEOMETRIC_REPRESENTATION_CONTEXT(3) 
GLOBAL_UNCERTAINTY_ASSIGNED_CONTEXT((#2711)) 
GLOBAL_UNIT_ASSIGNED_CONTEXT((#2708,#2709,#2710)) REPRESENTATION_CONTEXT
('Context #1','3D Context with UNIT and UNCERTAINTY') );
#2708 = ( LENGTH_UNIT() NAMED_UNIT(*) SI_UNIT(.MILLI.,.METRE.) );
#2709 = ( NAMED_UNIT(*) PLANE_ANGLE_UNIT() SI_UNIT($,.RADIAN.) );
#2710 = ( NAMED_UNIT(*) SI_UNIT($,.STERADIAN.) SOLID_ANGLE_UNIT() );
#2711 = UNCERTAINTY_MEASURE_WITH_UNIT(LENGTH_MEASURE(2.E-07),#2708,
  'distance_accuracy_value','confusion accuracy');
#2712 = PRODUCT_RELATED_PRODUCT_CATEGORY('part',$,(#7));
ENDSEC;
END-ISO-10303-21;
