ISO-10303-21;
HEADER;
FILE_DESCRIPTION(('FreeCAD Model'),'2;1');
FILE_NAME('Open CASCADE Shape Model','2026-09-23T01:50:21',('FreeCAD'),(
    'FreeCAD'),'Open CASCADE STEP processor 7.8','FreeCAD','Unknown');
FILE_SCHEMA(('AUTOMOTIVE_DESIGN { 1 0 10303 214 1 1 1 1 }'));
ENDSEC;
DATA;
#1 = APPLICATION_PROTOCOL_DEFINITION('international standard',
  'automotive_design',2000,#2);
#2 = APPLICATION_CONTEXT(
  'core data for automotive mechanical design processes');
#3 = SHAPE_DEFINITION_REPRESENTATION(#4,#10);
#4 = PRODUCT_DEFINITION_SHAPE('','',#5);
#5 = PRODUCT_DEFINITION('design','',#6,#9);
#6 = PRODUCT_DEFINITION_FORMATION('','',#7);
#7 = PRODUCT('Open CASCADE STEP translator 7.8 1',
  'Open CASCADE STEP translator 7.8 1','',(#8));
#8 = PRODUCT_CONTEXT('',#2,'mechanical');
#9 = PRODUCT_DEFINITION_CONTEXT('part definition',#2,'design');
#10 = SHAPE_REPRESENTATION('',(#11,#15,#726),#2636);
#11 = AXIS2_PLACEMENT_3D('',#12,#13,#14);
#12 = CARTESIAN_POINT('',(0.,0.,0.));
#13 = DIRECTION('',(0.,0.,1.));
#14 = DIRECTION('',(1.,0.,-0.));
#15 = MANIFOLD_SOLID_BREP('',#16);
#16 = CLOSED_SHELL('',(#17,#121,#168,#192,#216,#240,#264,#304,#328,#368,
    #392,#416,#440,#473,#504,#541,#565,#600,#624,#648,#672,#689,#706));
#17 = ADVANCED_FACE('',(#18),#116,.F.);
#18 = FACE_BOUND('',#19,.F.);
#19 = EDGE_LOOP('',(#20,#30,#38,#46,#54,#62,#70,#78,#86,#94,#102,#110));
#20 = ORIENTED_EDGE('',*,*,#21,.T.);
#21 = EDGE_CURVE('',#22,#24,#26,.T.);
#22 = VERTEX_POINT('',#23);
#23 = CARTESIAN_POINT('',(0.,52.,0.));
#24 = VERTEX_POINT('',#25);
#25 = CARTESIAN_POINT('',(0.,0.,0.));
#26 = LINE('',#27,#28);
#27 = CARTESIAN_POINT('',(0.,52.,0.));
#28 = VECTOR('',#29,1.);
#29 = DIRECTION('',(0.,-1.,0.));
#30 = ORIENTED_EDGE('',*,*,#31,.T.);
#31 = EDGE_CURVE('',#24,#32,#34,.T.);
#32 = VERTEX_POINT('',#33);
#33 = CARTESIAN_POINT('',(84.,0.,0.));
#34 = LINE('',#35,#36);
#35 = CARTESIAN_POINT('',(0.,0.,0.));
#36 = VECTOR('',#37,1.);
#37 = DIRECTION('',(1.,0.,0.));
#38 = ORIENTED_EDGE('',*,*,#39,.T.);
#39 = EDGE_CURVE('',#32,#40,#42,.T.);
#40 = VERTEX_POINT('',#41);
#41 = CARTESIAN_POINT('',(84.,11.38,0.));
#42 = LINE('',#43,#44);
#43 = CARTESIAN_POINT('',(84.,0.,0.));
#44 = VECTOR('',#45,1.);
#45 = DIRECTION('',(0.,1.,0.));
#46 = ORIENTED_EDGE('',*,*,#47,.T.);
#47 = EDGE_CURVE('',#40,#48,#50,.T.);
#48 = VERTEX_POINT('',#49);
#49 = CARTESIAN_POINT('',(83.2,11.38,0.));
#50 = LINE('',#51,#52);
#51 = CARTESIAN_POINT('',(84.,11.38,0.));
#52 = VECTOR('',#53,1.);
#53 = DIRECTION('',(-1.,0.,0.));
#54 = ORIENTED_EDGE('',*,*,#55,.F.);
#55 = EDGE_CURVE('',#56,#48,#58,.T.);
#56 = VERTEX_POINT('',#57);
#57 = CARTESIAN_POINT('',(83.2,10.22,0.));
#58 = LINE('',#59,#60);
#59 = CARTESIAN_POINT('',(83.2,17.881929824561,0.));
#60 = VECTOR('',#61,1.);
#61 = DIRECTION('',(0.,1.,0.));
#62 = ORIENTED_EDGE('',*,*,#63,.T.);
#63 = EDGE_CURVE('',#56,#64,#66,.T.);
#64 = VERTEX_POINT('',#65);
#65 = CARTESIAN_POINT('',(76.3,10.22,0.));
#66 = LINE('',#67,#68);
#67 = CARTESIAN_POINT('',(59.928403508772,10.22,0.));
#68 = VECTOR('',#69,1.);
#69 = DIRECTION('',(-1.,0.,0.));
#70 = ORIENTED_EDGE('',*,*,#71,.T.);
#71 = EDGE_CURVE('',#64,#72,#74,.T.);
#72 = VERTEX_POINT('',#73);
#73 = CARTESIAN_POINT('',(76.3,21.77,0.));
#74 = LINE('',#75,#76);
#75 = CARTESIAN_POINT('',(76.3,17.881929824561,0.));
#76 = VECTOR('',#77,1.);
#77 = DIRECTION('',(0.,1.,0.));
#78 = ORIENTED_EDGE('',*,*,#79,.F.);
#79 = EDGE_CURVE('',#80,#72,#82,.T.);
#80 = VERTEX_POINT('',#81);
#81 = CARTESIAN_POINT('',(83.2,21.77,0.));
#82 = LINE('',#83,#84);
#83 = CARTESIAN_POINT('',(59.928403508772,21.77,0.));
#84 = VECTOR('',#85,1.);
#85 = DIRECTION('',(-1.,0.,0.));
#86 = ORIENTED_EDGE('',*,*,#87,.F.);
#87 = EDGE_CURVE('',#88,#80,#90,.T.);
#88 = VERTEX_POINT('',#89);
#89 = CARTESIAN_POINT('',(83.2,20.62,0.));
#90 = LINE('',#91,#92);
#91 = CARTESIAN_POINT('',(83.2,17.881929824561,0.));
#92 = VECTOR('',#93,1.);
#93 = DIRECTION('',(0.,1.,0.));
#94 = ORIENTED_EDGE('',*,*,#95,.T.);
#95 = EDGE_CURVE('',#88,#96,#98,.T.);
#96 = VERTEX_POINT('',#97);
#97 = CARTESIAN_POINT('',(84.,20.62,0.));
#98 = LINE('',#99,#100);
#99 = CARTESIAN_POINT('',(77.5,20.62,0.));
#100 = VECTOR('',#101,1.);
#101 = DIRECTION('',(1.,0.,0.));
#102 = ORIENTED_EDGE('',*,*,#103,.T.);
#103 = EDGE_CURVE('',#96,#104,#106,.T.);
#104 = VERTEX_POINT('',#105);
#105 = CARTESIAN_POINT('',(84.,52.,0.));
#106 = LINE('',#107,#108);
#107 = CARTESIAN_POINT('',(84.,20.62,0.));
#108 = VECTOR('',#109,1.);
#109 = DIRECTION('',(0.,1.,0.));
#110 = ORIENTED_EDGE('',*,*,#111,.T.);
#111 = EDGE_CURVE('',#104,#22,#112,.T.);
#112 = LINE('',#113,#114);
#113 = CARTESIAN_POINT('',(84.,52.,0.));
#114 = VECTOR('',#115,1.);
#115 = DIRECTION('',(-1.,0.,0.));
#116 = PLANE('',#117);
#117 = AXIS2_PLACEMENT_3D('',#118,#119,#120);
#118 = CARTESIAN_POINT('',(43.556807017544,25.543859649123,0.));
#119 = DIRECTION('',(0.,0.,1.));
#120 = DIRECTION('',(1.,0.,0.));
#121 = ADVANCED_FACE('',(#122),#163,.T.);
#122 = FACE_BOUND('',#123,.T.);
#123 = EDGE_LOOP('',(#124,#125,#133,#141,#149,#157));
#124 = ORIENTED_EDGE('',*,*,#21,.T.);
#125 = ORIENTED_EDGE('',*,*,#126,.T.);
#126 = EDGE_CURVE('',#24,#127,#129,.T.);
#127 = VERTEX_POINT('',#128);
#128 = CARTESIAN_POINT('',(0.,0.,0.4));
#129 = LINE('',#130,#131);
#130 = CARTESIAN_POINT('',(0.,0.,0.));
#131 = VECTOR('',#132,1.);
#132 = DIRECTION('',(0.,0.,1.));
#133 = ORIENTED_EDGE('',*,*,#134,.F.);
#134 = EDGE_CURVE('',#135,#127,#137,.T.);
#135 = VERTEX_POINT('',#136);
#136 = CARTESIAN_POINT('',(0.,15.,0.4));
#137 = LINE('',#138,#139);
#138 = CARTESIAN_POINT('',(0.,52.,0.4));
#139 = VECTOR('',#140,1.);
#140 = DIRECTION('',(0.,-1.,0.));
#141 = ORIENTED_EDGE('',*,*,#142,.T.);
#142 = EDGE_CURVE('',#135,#143,#145,.T.);
#143 = VERTEX_POINT('',#144);
#144 = CARTESIAN_POINT('',(0.,15.,0.7));
#145 = LINE('',#146,#147);
#146 = CARTESIAN_POINT('',(0.,15.,0.4));
#147 = VECTOR('',#148,1.);
#148 = DIRECTION('',(0.,0.,1.));
#149 = ORIENTED_EDGE('',*,*,#150,.T.);
#150 = EDGE_CURVE('',#143,#151,#153,.T.);
#151 = VERTEX_POINT('',#152);
#152 = CARTESIAN_POINT('',(0.,52.,0.7));
#153 = LINE('',#154,#155);
#154 = CARTESIAN_POINT('',(0.,15.,0.7));
#155 = VECTOR('',#156,1.);
#156 = DIRECTION('',(0.,1.,0.));
#157 = ORIENTED_EDGE('',*,*,#158,.F.);
#158 = EDGE_CURVE('',#22,#151,#159,.T.);
#159 = LINE('',#160,#161);
#160 = CARTESIAN_POINT('',(0.,52.,0.4));
#161 = VECTOR('',#162,1.);
#162 = DIRECTION('',(0.,0.,1.));
#163 = PLANE('',#164);
#164 = AXIS2_PLACEMENT_3D('',#165,#166,#167);
#165 = CARTESIAN_POINT('',(0.,26.042694497154,0.307305502846));
#166 = DIRECTION('',(-1.,-0.,-0.));
#167 = DIRECTION('',(0.,0.,-1.));
#168 = ADVANCED_FACE('',(#169),#187,.T.);
#169 = FACE_BOUND('',#170,.T.);
#170 = EDGE_LOOP('',(#171,#179,#180,#181));
#171 = ORIENTED_EDGE('',*,*,#172,.F.);
#172 = EDGE_CURVE('',#104,#173,#175,.T.);
#173 = VERTEX_POINT('',#174);
#174 = CARTESIAN_POINT('',(84.,52.,0.7));
#175 = LINE('',#176,#177);
#176 = CARTESIAN_POINT('',(84.,52.,0.));
#177 = VECTOR('',#178,1.);
#178 = DIRECTION('',(0.,0.,1.));
#179 = ORIENTED_EDGE('',*,*,#111,.T.);
#180 = ORIENTED_EDGE('',*,*,#158,.T.);
#181 = ORIENTED_EDGE('',*,*,#182,.T.);
#182 = EDGE_CURVE('',#151,#173,#183,.T.);
#183 = LINE('',#184,#185);
#184 = CARTESIAN_POINT('',(0.,52.,0.7));
#185 = VECTOR('',#186,1.);
#186 = DIRECTION('',(1.,0.,0.));
#187 = PLANE('',#188);
#188 = AXIS2_PLACEMENT_3D('',#189,#190,#191);
#189 = CARTESIAN_POINT('',(42.,52.,0.35));
#190 = DIRECTION('',(0.,1.,0.));
#191 = DIRECTION('',(0.,0.,1.));
#192 = ADVANCED_FACE('',(#193),#211,.T.);
#193 = FACE_BOUND('',#194,.T.);
#194 = EDGE_LOOP('',(#195,#196,#197,#205));
#195 = ORIENTED_EDGE('',*,*,#103,.T.);
#196 = ORIENTED_EDGE('',*,*,#172,.T.);
#197 = ORIENTED_EDGE('',*,*,#198,.T.);
#198 = EDGE_CURVE('',#173,#199,#201,.T.);
#199 = VERTEX_POINT('',#200);
#200 = CARTESIAN_POINT('',(84.,20.62,0.7));
#201 = LINE('',#202,#203);
#202 = CARTESIAN_POINT('',(84.,52.,0.7));
#203 = VECTOR('',#204,1.);
#204 = DIRECTION('',(0.,-1.,0.));
#205 = ORIENTED_EDGE('',*,*,#206,.F.);
#206 = EDGE_CURVE('',#96,#199,#207,.T.);
#207 = LINE('',#208,#209);
#208 = CARTESIAN_POINT('',(84.,20.62,0.4));
#209 = VECTOR('',#210,1.);
#210 = DIRECTION('',(0.,0.,1.));
#211 = PLANE('',#212);
#212 = AXIS2_PLACEMENT_3D('',#213,#214,#215);
#213 = CARTESIAN_POINT('',(84.,36.31,0.35));
#214 = DIRECTION('',(1.,0.,0.));
#215 = DIRECTION('',(0.,0.,1.));
#216 = ADVANCED_FACE('',(#217),#235,.T.);
#217 = FACE_BOUND('',#218,.T.);
#218 = EDGE_LOOP('',(#219,#227,#228,#229));
#219 = ORIENTED_EDGE('',*,*,#220,.F.);
#220 = EDGE_CURVE('',#88,#221,#223,.T.);
#221 = VERTEX_POINT('',#222);
#222 = CARTESIAN_POINT('',(83.2,20.62,0.7));
#223 = LINE('',#224,#225);
#224 = CARTESIAN_POINT('',(83.2,20.62,6.770833333333E-02));
#225 = VECTOR('',#226,1.);
#226 = DIRECTION('',(0.,0.,1.));
#227 = ORIENTED_EDGE('',*,*,#95,.T.);
#228 = ORIENTED_EDGE('',*,*,#206,.T.);
#229 = ORIENTED_EDGE('',*,*,#230,.T.);
#230 = EDGE_CURVE('',#199,#221,#231,.T.);
#231 = LINE('',#232,#233);
#232 = CARTESIAN_POINT('',(84.,20.62,0.7));
#233 = VECTOR('',#234,1.);
#234 = DIRECTION('',(-1.,0.,0.));
#235 = PLANE('',#236);
#236 = AXIS2_PLACEMENT_3D('',#237,#238,#239);
#237 = CARTESIAN_POINT('',(80.864583333333,20.62,0.235416666667));
#238 = DIRECTION('',(-0.,-1.,-0.));
#239 = DIRECTION('',(0.,0.,-1.));
#240 = ADVANCED_FACE('',(#241),#259,.F.);
#241 = FACE_BOUND('',#242,.F.);
#242 = EDGE_LOOP('',(#243,#244,#252,#258));
#243 = ORIENTED_EDGE('',*,*,#87,.T.);
#244 = ORIENTED_EDGE('',*,*,#245,.T.);
#245 = EDGE_CURVE('',#80,#246,#248,.T.);
#246 = VERTEX_POINT('',#247);
#247 = CARTESIAN_POINT('',(83.2,21.77,0.7));
#248 = LINE('',#249,#250);
#249 = CARTESIAN_POINT('',(83.2,21.77,-0.1));
#250 = VECTOR('',#251,1.);
#251 = DIRECTION('',(0.,0.,1.));
#252 = ORIENTED_EDGE('',*,*,#253,.T.);
#253 = EDGE_CURVE('',#246,#221,#254,.T.);
#254 = LINE('',#255,#256);
#255 = CARTESIAN_POINT('',(83.2,18.76350877193,0.7));
#256 = VECTOR('',#257,1.);
#257 = DIRECTION('',(0.,-1.,0.));
#258 = ORIENTED_EDGE('',*,*,#220,.F.);
#259 = PLANE('',#260);
#260 = AXIS2_PLACEMENT_3D('',#261,#262,#263);
#261 = CARTESIAN_POINT('',(83.2,10.22,-0.1));
#262 = DIRECTION('',(1.,0.,0.));
#263 = DIRECTION('',(0.,0.,1.));
#264 = ADVANCED_FACE('',(#265),#299,.F.);
#265 = FACE_BOUND('',#266,.F.);
#266 = EDGE_LOOP('',(#267,#268,#269,#277,#285,#293));
#267 = ORIENTED_EDGE('',*,*,#245,.F.);
#268 = ORIENTED_EDGE('',*,*,#79,.T.);
#269 = ORIENTED_EDGE('',*,*,#270,.T.);
#270 = EDGE_CURVE('',#72,#271,#273,.T.);
#271 = VERTEX_POINT('',#272);
#272 = CARTESIAN_POINT('',(76.3,21.77,0.4));
#273 = LINE('',#274,#275);
#274 = CARTESIAN_POINT('',(76.3,21.77,-0.1));
#275 = VECTOR('',#276,1.);
#276 = DIRECTION('',(0.,0.,1.));
#277 = ORIENTED_EDGE('',*,*,#278,.F.);
#278 = EDGE_CURVE('',#279,#271,#281,.T.);
#279 = VERTEX_POINT('',#280);
#280 = CARTESIAN_POINT('',(83.,21.77,0.4));
#281 = LINE('',#282,#283);
#282 = CARTESIAN_POINT('',(59.928403508772,21.77,0.4));
#283 = VECTOR('',#284,1.);
#284 = DIRECTION('',(-1.,0.,0.));
#285 = ORIENTED_EDGE('',*,*,#286,.F.);
#286 = EDGE_CURVE('',#287,#279,#289,.T.);
#287 = VERTEX_POINT('',#288);
#288 = CARTESIAN_POINT('',(83.,21.77,0.7));
#289 = LINE('',#290,#291);
#290 = CARTESIAN_POINT('',(83.,21.77,0.15));
#291 = VECTOR('',#292,1.);
#292 = DIRECTION('',(0.,0.,-1.));
#293 = ORIENTED_EDGE('',*,*,#294,.T.);
#294 = EDGE_CURVE('',#287,#246,#295,.T.);
#295 = LINE('',#296,#297);
#296 = CARTESIAN_POINT('',(60.80998245614,21.77,0.7));
#297 = VECTOR('',#298,1.);
#298 = DIRECTION('',(1.,0.,0.));
#299 = PLANE('',#300);
#300 = AXIS2_PLACEMENT_3D('',#301,#302,#303);
#301 = CARTESIAN_POINT('',(76.3,21.77,-0.1));
#302 = DIRECTION('',(0.,1.,0.));
#303 = DIRECTION('',(0.,0.,1.));
#304 = ADVANCED_FACE('',(#305),#323,.T.);
#305 = FACE_BOUND('',#306,.T.);
#306 = EDGE_LOOP('',(#307,#315,#316,#317));
#307 = ORIENTED_EDGE('',*,*,#308,.F.);
#308 = EDGE_CURVE('',#64,#309,#311,.T.);
#309 = VERTEX_POINT('',#310);
#310 = CARTESIAN_POINT('',(76.3,10.22,0.4));
#311 = LINE('',#312,#313);
#312 = CARTESIAN_POINT('',(76.3,10.22,-0.1));
#313 = VECTOR('',#314,1.);
#314 = DIRECTION('',(0.,0.,1.));
#315 = ORIENTED_EDGE('',*,*,#71,.T.);
#316 = ORIENTED_EDGE('',*,*,#270,.T.);
#317 = ORIENTED_EDGE('',*,*,#318,.F.);
#318 = EDGE_CURVE('',#309,#271,#319,.T.);
#319 = LINE('',#320,#321);
#320 = CARTESIAN_POINT('',(76.3,17.881929824561,0.4));
#321 = VECTOR('',#322,1.);
#322 = DIRECTION('',(0.,1.,0.));
#323 = PLANE('',#324);
#324 = AXIS2_PLACEMENT_3D('',#325,#326,#327);
#325 = CARTESIAN_POINT('',(76.3,10.22,-0.1));
#326 = DIRECTION('',(1.,0.,0.));
#327 = DIRECTION('',(0.,0.,1.));
#328 = ADVANCED_FACE('',(#329),#363,.T.);
#329 = FACE_BOUND('',#330,.T.);
#330 = EDGE_LOOP('',(#331,#339,#340,#341,#349,#357));
#331 = ORIENTED_EDGE('',*,*,#332,.F.);
#332 = EDGE_CURVE('',#56,#333,#335,.T.);
#333 = VERTEX_POINT('',#334);
#334 = CARTESIAN_POINT('',(83.2,10.22,0.7));
#335 = LINE('',#336,#337);
#336 = CARTESIAN_POINT('',(83.2,10.22,-0.1));
#337 = VECTOR('',#338,1.);
#338 = DIRECTION('',(0.,0.,1.));
#339 = ORIENTED_EDGE('',*,*,#63,.T.);
#340 = ORIENTED_EDGE('',*,*,#308,.T.);
#341 = ORIENTED_EDGE('',*,*,#342,.F.);
#342 = EDGE_CURVE('',#343,#309,#345,.T.);
#343 = VERTEX_POINT('',#344);
#344 = CARTESIAN_POINT('',(83.,10.22,0.4));
#345 = LINE('',#346,#347);
#346 = CARTESIAN_POINT('',(59.928403508772,10.22,0.4));
#347 = VECTOR('',#348,1.);
#348 = DIRECTION('',(-1.,0.,0.));
#349 = ORIENTED_EDGE('',*,*,#350,.F.);
#350 = EDGE_CURVE('',#351,#343,#353,.T.);
#351 = VERTEX_POINT('',#352);
#352 = CARTESIAN_POINT('',(83.,10.22,0.7));
#353 = LINE('',#354,#355);
#354 = CARTESIAN_POINT('',(83.,10.22,0.15));
#355 = VECTOR('',#356,1.);
#356 = DIRECTION('',(0.,0.,-1.));
#357 = ORIENTED_EDGE('',*,*,#358,.T.);
#358 = EDGE_CURVE('',#351,#333,#359,.T.);
#359 = LINE('',#360,#361);
#360 = CARTESIAN_POINT('',(60.80998245614,10.22,0.7));
#361 = VECTOR('',#362,1.);
#362 = DIRECTION('',(1.,0.,0.));
#363 = PLANE('',#364);
#364 = AXIS2_PLACEMENT_3D('',#365,#366,#367);
#365 = CARTESIAN_POINT('',(76.3,10.22,-0.1));
#366 = DIRECTION('',(0.,1.,0.));
#367 = DIRECTION('',(0.,0.,1.));
#368 = ADVANCED_FACE('',(#369),#387,.F.);
#369 = FACE_BOUND('',#370,.F.);
#370 = EDGE_LOOP('',(#371,#372,#373,#381));
#371 = ORIENTED_EDGE('',*,*,#332,.F.);
#372 = ORIENTED_EDGE('',*,*,#55,.T.);
#373 = ORIENTED_EDGE('',*,*,#374,.F.);
#374 = EDGE_CURVE('',#375,#48,#377,.T.);
#375 = VERTEX_POINT('',#376);
#376 = CARTESIAN_POINT('',(83.2,11.38,0.7));
#377 = LINE('',#378,#379);
#378 = CARTESIAN_POINT('',(83.2,11.38,6.770833333333E-02));
#379 = VECTOR('',#380,1.);
#380 = DIRECTION('',(0.,0.,-1.));
#381 = ORIENTED_EDGE('',*,*,#382,.T.);
#382 = EDGE_CURVE('',#375,#333,#383,.T.);
#383 = LINE('',#384,#385);
#384 = CARTESIAN_POINT('',(83.2,18.76350877193,0.7));
#385 = VECTOR('',#386,1.);
#386 = DIRECTION('',(0.,-1.,0.));
#387 = PLANE('',#388);
#388 = AXIS2_PLACEMENT_3D('',#389,#390,#391);
#389 = CARTESIAN_POINT('',(83.2,10.22,-0.1));
#390 = DIRECTION('',(1.,0.,0.));
#391 = DIRECTION('',(0.,0.,1.));
#392 = ADVANCED_FACE('',(#393),#411,.T.);
#393 = FACE_BOUND('',#394,.T.);
#394 = EDGE_LOOP('',(#395,#403,#404,#405));
#395 = ORIENTED_EDGE('',*,*,#396,.F.);
#396 = EDGE_CURVE('',#40,#397,#399,.T.);
#397 = VERTEX_POINT('',#398);
#398 = CARTESIAN_POINT('',(84.,11.38,0.7));
#399 = LINE('',#400,#401);
#400 = CARTESIAN_POINT('',(84.,11.38,0.));
#401 = VECTOR('',#402,1.);
#402 = DIRECTION('',(0.,0.,1.));
#403 = ORIENTED_EDGE('',*,*,#47,.T.);
#404 = ORIENTED_EDGE('',*,*,#374,.F.);
#405 = ORIENTED_EDGE('',*,*,#406,.T.);
#406 = EDGE_CURVE('',#375,#397,#407,.T.);
#407 = LINE('',#408,#409);
#408 = CARTESIAN_POINT('',(77.5,11.38,0.7));
#409 = VECTOR('',#410,1.);
#410 = DIRECTION('',(1.,0.,0.));
#411 = PLANE('',#412);
#412 = AXIS2_PLACEMENT_3D('',#413,#414,#415);
#413 = CARTESIAN_POINT('',(80.864583333333,11.38,0.235416666667));
#414 = DIRECTION('',(0.,1.,0.));
#415 = DIRECTION('',(0.,0.,1.));
#416 = ADVANCED_FACE('',(#417),#435,.T.);
#417 = FACE_BOUND('',#418,.T.);
#418 = EDGE_LOOP('',(#419,#427,#428,#429));
#419 = ORIENTED_EDGE('',*,*,#420,.F.);
#420 = EDGE_CURVE('',#32,#421,#423,.T.);
#421 = VERTEX_POINT('',#422);
#422 = CARTESIAN_POINT('',(84.,0.,0.7));
#423 = LINE('',#424,#425);
#424 = CARTESIAN_POINT('',(84.,0.,0.));
#425 = VECTOR('',#426,1.);
#426 = DIRECTION('',(0.,0.,1.));
#427 = ORIENTED_EDGE('',*,*,#39,.T.);
#428 = ORIENTED_EDGE('',*,*,#396,.T.);
#429 = ORIENTED_EDGE('',*,*,#430,.T.);
#430 = EDGE_CURVE('',#397,#421,#431,.T.);
#431 = LINE('',#432,#433);
#432 = CARTESIAN_POINT('',(84.,11.38,0.7));
#433 = VECTOR('',#434,1.);
#434 = DIRECTION('',(0.,-1.,0.));
#435 = PLANE('',#436);
#436 = AXIS2_PLACEMENT_3D('',#437,#438,#439);
#437 = CARTESIAN_POINT('',(84.,5.69,0.35));
#438 = DIRECTION('',(1.,0.,0.));
#439 = DIRECTION('',(0.,0.,1.));
#440 = ADVANCED_FACE('',(#441),#468,.T.);
#441 = FACE_BOUND('',#442,.T.);
#442 = EDGE_LOOP('',(#443,#444,#445,#446,#454,#462));
#443 = ORIENTED_EDGE('',*,*,#126,.F.);
#444 = ORIENTED_EDGE('',*,*,#31,.T.);
#445 = ORIENTED_EDGE('',*,*,#420,.T.);
#446 = ORIENTED_EDGE('',*,*,#447,.T.);
#447 = EDGE_CURVE('',#421,#448,#450,.T.);
#448 = VERTEX_POINT('',#449);
#449 = CARTESIAN_POINT('',(33.5,0.,0.7));
#450 = LINE('',#451,#452);
#451 = CARTESIAN_POINT('',(84.,0.,0.7));
#452 = VECTOR('',#453,1.);
#453 = DIRECTION('',(-1.,0.,0.));
#454 = ORIENTED_EDGE('',*,*,#455,.F.);
#455 = EDGE_CURVE('',#456,#448,#458,.T.);
#456 = VERTEX_POINT('',#457);
#457 = CARTESIAN_POINT('',(33.5,0.,0.4));
#458 = LINE('',#459,#460);
#459 = CARTESIAN_POINT('',(33.5,0.,0.4));
#460 = VECTOR('',#461,1.);
#461 = DIRECTION('',(0.,0.,1.));
#462 = ORIENTED_EDGE('',*,*,#463,.F.);
#463 = EDGE_CURVE('',#127,#456,#464,.T.);
#464 = LINE('',#465,#466);
#465 = CARTESIAN_POINT('',(0.,0.,0.4));
#466 = VECTOR('',#467,1.);
#467 = DIRECTION('',(1.,0.,0.));
#468 = PLANE('',#469);
#469 = AXIS2_PLACEMENT_3D('',#470,#471,#472);
#470 = CARTESIAN_POINT('',(42.0593270366,0.,0.2906729634));
#471 = DIRECTION('',(-0.,-1.,-0.));
#472 = DIRECTION('',(0.,0.,-1.));
#473 = ADVANCED_FACE('',(#474),#499,.T.);
#474 = FACE_BOUND('',#475,.T.);
#475 = EDGE_LOOP('',(#476,#484,#492,#498));
#476 = ORIENTED_EDGE('',*,*,#477,.F.);
#477 = EDGE_CURVE('',#478,#135,#480,.T.);
#478 = VERTEX_POINT('',#479);
#479 = CARTESIAN_POINT('',(1.,15.,0.4));
#480 = LINE('',#481,#482);
#481 = CARTESIAN_POINT('',(33.5,15.,0.4));
#482 = VECTOR('',#483,1.);
#483 = DIRECTION('',(-1.,0.,0.));
#484 = ORIENTED_EDGE('',*,*,#485,.T.);
#485 = EDGE_CURVE('',#478,#486,#488,.T.);
#486 = VERTEX_POINT('',#487);
#487 = CARTESIAN_POINT('',(1.,15.,0.7));
#488 = LINE('',#489,#490);
#489 = CARTESIAN_POINT('',(1.,15.,0.4));
#490 = VECTOR('',#491,1.);
#491 = DIRECTION('',(0.,0.,1.));
#492 = ORIENTED_EDGE('',*,*,#493,.T.);
#493 = EDGE_CURVE('',#486,#143,#494,.T.);
#494 = LINE('',#495,#496);
#495 = CARTESIAN_POINT('',(33.5,15.,0.7));
#496 = VECTOR('',#497,1.);
#497 = DIRECTION('',(-1.,0.,0.));
#498 = ORIENTED_EDGE('',*,*,#142,.F.);
#499 = PLANE('',#500);
#500 = AXIS2_PLACEMENT_3D('',#501,#502,#503);
#501 = CARTESIAN_POINT('',(33.5,15.,0.4));
#502 = DIRECTION('',(0.,-1.,0.));
#503 = DIRECTION('',(-1.,0.,0.));
#504 = ADVANCED_FACE('',(#505),#536,.F.);
#505 = FACE_BOUND('',#506,.F.);
#506 = EDGE_LOOP('',(#507,#517,#523,#524,#525,#526,#527,#528,#529,#530)
  );
#507 = ORIENTED_EDGE('',*,*,#508,.T.);
#508 = EDGE_CURVE('',#509,#511,#513,.T.);
#509 = VERTEX_POINT('',#510);
#510 = CARTESIAN_POINT('',(83.,51.,0.7));
#511 = VERTEX_POINT('',#512);
#512 = CARTESIAN_POINT('',(1.,51.,0.7));
#513 = LINE('',#514,#515);
#514 = CARTESIAN_POINT('',(83.,51.,0.7));
#515 = VECTOR('',#516,1.);
#516 = DIRECTION('',(-1.,0.,0.));
#517 = ORIENTED_EDGE('',*,*,#518,.T.);
#518 = EDGE_CURVE('',#511,#486,#519,.T.);
#519 = LINE('',#520,#521);
#520 = CARTESIAN_POINT('',(1.,51.,0.7));
#521 = VECTOR('',#522,1.);
#522 = DIRECTION('',(0.,-1.,0.));
#523 = ORIENTED_EDGE('',*,*,#493,.T.);
#524 = ORIENTED_EDGE('',*,*,#150,.T.);
#525 = ORIENTED_EDGE('',*,*,#182,.T.);
#526 = ORIENTED_EDGE('',*,*,#198,.T.);
#527 = ORIENTED_EDGE('',*,*,#230,.T.);
#528 = ORIENTED_EDGE('',*,*,#253,.F.);
#529 = ORIENTED_EDGE('',*,*,#294,.F.);
#530 = ORIENTED_EDGE('',*,*,#531,.T.);
#531 = EDGE_CURVE('',#287,#509,#532,.T.);
#532 = LINE('',#533,#534);
#533 = CARTESIAN_POINT('',(83.,1.,0.7));
#534 = VECTOR('',#535,1.);
#535 = DIRECTION('',(0.,1.,0.));
#536 = PLANE('',#537);
#537 = AXIS2_PLACEMENT_3D('',#538,#539,#540);
#538 = CARTESIAN_POINT('',(45.319964912281,27.30701754386,0.7));
#539 = DIRECTION('',(-0.,-0.,-1.));
#540 = DIRECTION('',(-1.,0.,0.));
#541 = ADVANCED_FACE('',(#542),#560,.T.);
#542 = FACE_BOUND('',#543,.T.);
#543 = EDGE_LOOP('',(#544,#552,#553,#554));
#544 = ORIENTED_EDGE('',*,*,#545,.F.);
#545 = EDGE_CURVE('',#279,#546,#548,.T.);
#546 = VERTEX_POINT('',#547);
#547 = CARTESIAN_POINT('',(83.,51.,0.4));
#548 = LINE('',#549,#550);
#549 = CARTESIAN_POINT('',(83.,1.,0.4));
#550 = VECTOR('',#551,1.);
#551 = DIRECTION('',(0.,1.,0.));
#552 = ORIENTED_EDGE('',*,*,#286,.F.);
#553 = ORIENTED_EDGE('',*,*,#531,.T.);
#554 = ORIENTED_EDGE('',*,*,#555,.F.);
#555 = EDGE_CURVE('',#546,#509,#556,.T.);
#556 = LINE('',#557,#558);
#557 = CARTESIAN_POINT('',(83.,51.,0.4));
#558 = VECTOR('',#559,1.);
#559 = DIRECTION('',(0.,0.,1.));
#560 = PLANE('',#561);
#561 = AXIS2_PLACEMENT_3D('',#562,#563,#564);
#562 = CARTESIAN_POINT('',(83.,1.,0.4));
#563 = DIRECTION('',(-1.,0.,0.));
#564 = DIRECTION('',(0.,1.,0.));
#565 = ADVANCED_FACE('',(#566),#595,.F.);
#566 = FACE_BOUND('',#567,.F.);
#567 = EDGE_LOOP('',(#568,#569,#570,#578,#586,#592,#593,#594));
#568 = ORIENTED_EDGE('',*,*,#430,.T.);
#569 = ORIENTED_EDGE('',*,*,#447,.T.);
#570 = ORIENTED_EDGE('',*,*,#571,.T.);
#571 = EDGE_CURVE('',#448,#572,#574,.T.);
#572 = VERTEX_POINT('',#573);
#573 = CARTESIAN_POINT('',(33.5,1.,0.7));
#574 = LINE('',#575,#576);
#575 = CARTESIAN_POINT('',(33.5,0.,0.7));
#576 = VECTOR('',#577,1.);
#577 = DIRECTION('',(0.,1.,0.));
#578 = ORIENTED_EDGE('',*,*,#579,.T.);
#579 = EDGE_CURVE('',#572,#580,#582,.T.);
#580 = VERTEX_POINT('',#581);
#581 = CARTESIAN_POINT('',(83.,1.,0.7));
#582 = LINE('',#583,#584);
#583 = CARTESIAN_POINT('',(1.,1.,0.7));
#584 = VECTOR('',#585,1.);
#585 = DIRECTION('',(1.,0.,0.));
#586 = ORIENTED_EDGE('',*,*,#587,.T.);
#587 = EDGE_CURVE('',#580,#351,#588,.T.);
#588 = LINE('',#589,#590);
#589 = CARTESIAN_POINT('',(83.,1.,0.7));
#590 = VECTOR('',#591,1.);
#591 = DIRECTION('',(0.,1.,0.));
#592 = ORIENTED_EDGE('',*,*,#358,.T.);
#593 = ORIENTED_EDGE('',*,*,#382,.F.);
#594 = ORIENTED_EDGE('',*,*,#406,.T.);
#595 = PLANE('',#596);
#596 = AXIS2_PLACEMENT_3D('',#597,#598,#599);
#597 = CARTESIAN_POINT('',(45.319964912281,27.30701754386,0.7));
#598 = DIRECTION('',(-0.,-0.,-1.));
#599 = DIRECTION('',(-1.,0.,0.));
#600 = ADVANCED_FACE('',(#601),#619,.T.);
#601 = FACE_BOUND('',#602,.T.);
#602 = EDGE_LOOP('',(#603,#611,#617,#618));
#603 = ORIENTED_EDGE('',*,*,#604,.F.);
#604 = EDGE_CURVE('',#605,#343,#607,.T.);
#605 = VERTEX_POINT('',#606);
#606 = CARTESIAN_POINT('',(83.,1.,0.4));
#607 = LINE('',#608,#609);
#608 = CARTESIAN_POINT('',(83.,1.,0.4));
#609 = VECTOR('',#610,1.);
#610 = DIRECTION('',(0.,1.,0.));
#611 = ORIENTED_EDGE('',*,*,#612,.T.);
#612 = EDGE_CURVE('',#605,#580,#613,.T.);
#613 = LINE('',#614,#615);
#614 = CARTESIAN_POINT('',(83.,1.,0.4));
#615 = VECTOR('',#616,1.);
#616 = DIRECTION('',(0.,0.,1.));
#617 = ORIENTED_EDGE('',*,*,#587,.T.);
#618 = ORIENTED_EDGE('',*,*,#350,.T.);
#619 = PLANE('',#620);
#620 = AXIS2_PLACEMENT_3D('',#621,#622,#623);
#621 = CARTESIAN_POINT('',(83.,1.,0.4));
#622 = DIRECTION('',(-1.,0.,0.));
#623 = DIRECTION('',(0.,1.,0.));
#624 = ADVANCED_FACE('',(#625),#643,.T.);
#625 = FACE_BOUND('',#626,.T.);
#626 = EDGE_LOOP('',(#627,#635,#636,#637));
#627 = ORIENTED_EDGE('',*,*,#628,.F.);
#628 = EDGE_CURVE('',#456,#629,#631,.T.);
#629 = VERTEX_POINT('',#630);
#630 = CARTESIAN_POINT('',(33.5,1.,0.4));
#631 = LINE('',#632,#633);
#632 = CARTESIAN_POINT('',(33.5,0.,0.4));
#633 = VECTOR('',#634,1.);
#634 = DIRECTION('',(0.,1.,0.));
#635 = ORIENTED_EDGE('',*,*,#455,.T.);
#636 = ORIENTED_EDGE('',*,*,#571,.T.);
#637 = ORIENTED_EDGE('',*,*,#638,.T.);
#638 = EDGE_CURVE('',#572,#629,#639,.T.);
#639 = LINE('',#640,#641);
#640 = CARTESIAN_POINT('',(33.5,1.,0.4));
#641 = VECTOR('',#642,1.);
#642 = DIRECTION('',(0.,0.,-1.));
#643 = PLANE('',#644);
#644 = AXIS2_PLACEMENT_3D('',#645,#646,#647);
#645 = CARTESIAN_POINT('',(33.5,0.,0.4));
#646 = DIRECTION('',(-1.,0.,0.));
#647 = DIRECTION('',(0.,1.,0.));
#648 = ADVANCED_FACE('',(#649),#667,.T.);
#649 = FACE_BOUND('',#650,.T.);
#650 = EDGE_LOOP('',(#651,#659,#665,#666));
#651 = ORIENTED_EDGE('',*,*,#652,.F.);
#652 = EDGE_CURVE('',#653,#478,#655,.T.);
#653 = VERTEX_POINT('',#654);
#654 = CARTESIAN_POINT('',(1.,51.,0.4));
#655 = LINE('',#656,#657);
#656 = CARTESIAN_POINT('',(1.,51.,0.4));
#657 = VECTOR('',#658,1.);
#658 = DIRECTION('',(0.,-1.,0.));
#659 = ORIENTED_EDGE('',*,*,#660,.T.);
#660 = EDGE_CURVE('',#653,#511,#661,.T.);
#661 = LINE('',#662,#663);
#662 = CARTESIAN_POINT('',(1.,51.,0.4));
#663 = VECTOR('',#664,1.);
#664 = DIRECTION('',(0.,0.,1.));
#665 = ORIENTED_EDGE('',*,*,#518,.T.);
#666 = ORIENTED_EDGE('',*,*,#485,.F.);
#667 = PLANE('',#668);
#668 = AXIS2_PLACEMENT_3D('',#669,#670,#671);
#669 = CARTESIAN_POINT('',(1.,51.,0.4));
#670 = DIRECTION('',(1.,0.,0.));
#671 = DIRECTION('',(0.,-1.,0.));
#672 = ADVANCED_FACE('',(#673),#684,.T.);
#673 = FACE_BOUND('',#674,.T.);
#674 = EDGE_LOOP('',(#675,#676,#677,#678));
#675 = ORIENTED_EDGE('',*,*,#555,.T.);
#676 = ORIENTED_EDGE('',*,*,#508,.T.);
#677 = ORIENTED_EDGE('',*,*,#660,.F.);
#678 = ORIENTED_EDGE('',*,*,#679,.F.);
#679 = EDGE_CURVE('',#546,#653,#680,.T.);
#680 = LINE('',#681,#682);
#681 = CARTESIAN_POINT('',(83.,51.,0.4));
#682 = VECTOR('',#683,1.);
#683 = DIRECTION('',(-1.,0.,0.));
#684 = PLANE('',#685);
#685 = AXIS2_PLACEMENT_3D('',#686,#687,#688);
#686 = CARTESIAN_POINT('',(83.,51.,0.4));
#687 = DIRECTION('',(0.,-1.,0.));
#688 = DIRECTION('',(-1.,0.,0.));
#689 = ADVANCED_FACE('',(#690),#701,.T.);
#690 = FACE_BOUND('',#691,.T.);
#691 = EDGE_LOOP('',(#692,#698,#699,#700));
#692 = ORIENTED_EDGE('',*,*,#693,.F.);
#693 = EDGE_CURVE('',#629,#605,#694,.T.);
#694 = LINE('',#695,#696);
#695 = CARTESIAN_POINT('',(1.,1.,0.4));
#696 = VECTOR('',#697,1.);
#697 = DIRECTION('',(1.,0.,0.));
#698 = ORIENTED_EDGE('',*,*,#638,.F.);
#699 = ORIENTED_EDGE('',*,*,#579,.T.);
#700 = ORIENTED_EDGE('',*,*,#612,.F.);
#701 = PLANE('',#702);
#702 = AXIS2_PLACEMENT_3D('',#703,#704,#705);
#703 = CARTESIAN_POINT('',(1.,1.,0.4));
#704 = DIRECTION('',(0.,1.,0.));
#705 = DIRECTION('',(1.,0.,0.));
#706 = ADVANCED_FACE('',(#707),#721,.T.);
#707 = FACE_BOUND('',#708,.T.);
#708 = EDGE_LOOP('',(#709,#710,#711,#712,#713,#714,#715,#716,#717,#718,
    #719,#720));
#709 = ORIENTED_EDGE('',*,*,#628,.T.);
#710 = ORIENTED_EDGE('',*,*,#693,.T.);
#711 = ORIENTED_EDGE('',*,*,#604,.T.);
#712 = ORIENTED_EDGE('',*,*,#342,.T.);
#713 = ORIENTED_EDGE('',*,*,#318,.T.);
#714 = ORIENTED_EDGE('',*,*,#278,.F.);
#715 = ORIENTED_EDGE('',*,*,#545,.T.);
#716 = ORIENTED_EDGE('',*,*,#679,.T.);
#717 = ORIENTED_EDGE('',*,*,#652,.T.);
#718 = ORIENTED_EDGE('',*,*,#477,.T.);
#719 = ORIENTED_EDGE('',*,*,#134,.T.);
#720 = ORIENTED_EDGE('',*,*,#463,.T.);
#721 = PLANE('',#722);
#722 = AXIS2_PLACEMENT_3D('',#723,#724,#725);
#723 = CARTESIAN_POINT('',(42.993692253021,25.095355366027,0.4));
#724 = DIRECTION('',(0.,0.,1.));
#725 = DIRECTION('',(1.,0.,0.));
#726 = MANIFOLD_SOLID_BREP('',#727);
#727 = CLOSED_SHELL('',(#728,#768,#799,#839,#1173,#1190,#1271,#1312,
    #1329,#1360,#1384,#1408,#1448,#1472,#1496,#1529,#1569,#1593,#1617,
    #1634,#1658,#1692,#1739,#1763,#1780,#1804,#1823,#1840,#1865,#1896,
    #1920,#1944,#1961,#1986,#2017,#2041,#2065,#2082,#2113,#2137,#2161,
    #2178,#2277,#2308,#2322,#2334,#2362,#2393,#2428,#2440,#2452,#2464,
    #2476,#2522,#2539,#2556,#2568,#2590,#2607,#2624));
#728 = ADVANCED_FACE('',(#729),#763,.T.);
#729 = FACE_BOUND('',#730,.T.);
#730 = EDGE_LOOP('',(#731,#741,#749,#757));
#731 = ORIENTED_EDGE('',*,*,#732,.F.);
#732 = EDGE_CURVE('',#733,#735,#737,.T.);
#733 = VERTEX_POINT('',#734);
#734 = CARTESIAN_POINT('',(33.5,1.,1.5));
#735 = VERTEX_POINT('',#736);
#736 = CARTESIAN_POINT('',(35.,1.,1.5));
#737 = LINE('',#738,#739);
#738 = CARTESIAN_POINT('',(1.,1.,1.5));
#739 = VECTOR('',#740,1.);
#740 = DIRECTION('',(1.,0.,0.));
#741 = ORIENTED_EDGE('',*,*,#742,.F.);
#742 = EDGE_CURVE('',#743,#733,#745,.T.);
#743 = VERTEX_POINT('',#744);
#744 = CARTESIAN_POINT('',(33.5,1.,4.));
#745 = LINE('',#746,#747);
#746 = CARTESIAN_POINT('',(33.5,1.,1.5));
#747 = VECTOR('',#748,1.);
#748 = DIRECTION('',(0.,0.,-1.));
#749 = ORIENTED_EDGE('',*,*,#750,.T.);
#750 = EDGE_CURVE('',#743,#751,#753,.T.);
#751 = VERTEX_POINT('',#752);
#752 = CARTESIAN_POINT('',(35.,1.,4.));
#753 = LINE('',#754,#755);
#754 = CARTESIAN_POINT('',(1.,1.,4.));
#755 = VECTOR('',#756,1.);
#756 = DIRECTION('',(1.,0.,0.));
#757 = ORIENTED_EDGE('',*,*,#758,.T.);
#758 = EDGE_CURVE('',#751,#735,#759,.T.);
#759 = LINE('',#760,#761);
#760 = CARTESIAN_POINT('',(35.,1.,1.5));
#761 = VECTOR('',#762,1.);
#762 = DIRECTION('',(0.,0.,-1.));
#763 = PLANE('',#764);
#764 = AXIS2_PLACEMENT_3D('',#765,#766,#767);
#765 = CARTESIAN_POINT('',(1.,1.,1.5));
#766 = DIRECTION('',(0.,1.,0.));
#767 = DIRECTION('',(1.,0.,0.));
#768 = ADVANCED_FACE('',(#769),#794,.T.);
#769 = FACE_BOUND('',#770,.T.);
#770 = EDGE_LOOP('',(#771,#779,#787,#793));
#771 = ORIENTED_EDGE('',*,*,#772,.F.);
#772 = EDGE_CURVE('',#773,#735,#775,.T.);
#773 = VERTEX_POINT('',#774);
#774 = CARTESIAN_POINT('',(35.,0.,1.5));
#775 = LINE('',#776,#777);
#776 = CARTESIAN_POINT('',(35.,-0.1,1.5));
#777 = VECTOR('',#778,1.);
#778 = DIRECTION('',(0.,1.,0.));
#779 = ORIENTED_EDGE('',*,*,#780,.T.);
#780 = EDGE_CURVE('',#773,#781,#783,.T.);
#781 = VERTEX_POINT('',#782);
#782 = CARTESIAN_POINT('',(33.5,0.,1.5));
#783 = LINE('',#784,#785);
#784 = CARTESIAN_POINT('',(84.,0.,1.5));
#785 = VECTOR('',#786,1.);
#786 = DIRECTION('',(-1.,0.,0.));
#787 = ORIENTED_EDGE('',*,*,#788,.T.);
#788 = EDGE_CURVE('',#781,#733,#789,.T.);
#789 = LINE('',#790,#791);
#790 = CARTESIAN_POINT('',(33.5,0.,1.5));
#791 = VECTOR('',#792,1.);
#792 = DIRECTION('',(0.,1.,0.));
#793 = ORIENTED_EDGE('',*,*,#732,.T.);
#794 = PLANE('',#795);
#795 = AXIS2_PLACEMENT_3D('',#796,#797,#798);
#796 = CARTESIAN_POINT('',(45.319964912281,27.30701754386,1.5));
#797 = DIRECTION('',(-0.,-0.,-1.));
#798 = DIRECTION('',(-1.,0.,0.));
#799 = ADVANCED_FACE('',(#800),#834,.T.);
#800 = FACE_BOUND('',#801,.T.);
#801 = EDGE_LOOP('',(#802,#812,#818,#819,#820,#828));
#802 = ORIENTED_EDGE('',*,*,#803,.F.);
#803 = EDGE_CURVE('',#804,#806,#808,.T.);
#804 = VERTEX_POINT('',#805);
#805 = CARTESIAN_POINT('',(35.,0.,4.4));
#806 = VERTEX_POINT('',#807);
#807 = CARTESIAN_POINT('',(35.,1.1,4.4));
#808 = LINE('',#809,#810);
#809 = CARTESIAN_POINT('',(35.,-0.1,4.4));
#810 = VECTOR('',#811,1.);
#811 = DIRECTION('',(0.,1.,0.));
#812 = ORIENTED_EDGE('',*,*,#813,.F.);
#813 = EDGE_CURVE('',#773,#804,#814,.T.);
#814 = LINE('',#815,#816);
#815 = CARTESIAN_POINT('',(35.,0.,2.49066091954));
#816 = VECTOR('',#817,1.);
#817 = DIRECTION('',(0.,0.,1.));
#818 = ORIENTED_EDGE('',*,*,#772,.T.);
#819 = ORIENTED_EDGE('',*,*,#758,.F.);
#820 = ORIENTED_EDGE('',*,*,#821,.F.);
#821 = EDGE_CURVE('',#822,#751,#824,.T.);
#822 = VERTEX_POINT('',#823);
#823 = CARTESIAN_POINT('',(35.,1.1,4.));
#824 = LINE('',#825,#826);
#825 = CARTESIAN_POINT('',(35.,11.631118210863,4.));
#826 = VECTOR('',#827,1.);
#827 = DIRECTION('',(0.,-1.,0.));
#828 = ORIENTED_EDGE('',*,*,#829,.T.);
#829 = EDGE_CURVE('',#822,#806,#830,.T.);
#830 = LINE('',#831,#832);
#831 = CARTESIAN_POINT('',(35.,1.1,1.5));
#832 = VECTOR('',#833,1.);
#833 = DIRECTION('',(0.,0.,1.));
#834 = PLANE('',#835);
#835 = AXIS2_PLACEMENT_3D('',#836,#837,#838);
#836 = CARTESIAN_POINT('',(35.,-0.1,1.5));
#837 = DIRECTION('',(1.,0.,0.));
#838 = DIRECTION('',(0.,0.,1.));
#839 = ADVANCED_FACE('',(#840,#1044,#1055,#1089,#1100,#1134),#1168,.T.);
#840 = FACE_BOUND('',#841,.T.);
#841 = EDGE_LOOP('',(#842,#852,#860,#868,#876,#884,#892,#900,#908,#916,
    #924,#932,#940,#948,#956,#964,#972,#980,#989,#998,#1004,#1005,#1006,
    #1014,#1022,#1030,#1038));
#842 = ORIENTED_EDGE('',*,*,#843,.F.);
#843 = EDGE_CURVE('',#844,#846,#848,.T.);
#844 = VERTEX_POINT('',#845);
#845 = CARTESIAN_POINT('',(83.,51.,4.));
#846 = VERTEX_POINT('',#847);
#847 = CARTESIAN_POINT('',(1.,51.,4.));
#848 = LINE('',#849,#850);
#849 = CARTESIAN_POINT('',(83.,51.,4.));
#850 = VECTOR('',#851,1.);
#851 = DIRECTION('',(-1.,0.,0.));
#852 = ORIENTED_EDGE('',*,*,#853,.F.);
#853 = EDGE_CURVE('',#854,#844,#856,.T.);
#854 = VERTEX_POINT('',#855);
#855 = CARTESIAN_POINT('',(83.,21.87,4.));
#856 = LINE('',#857,#858);
#857 = CARTESIAN_POINT('',(83.,1.,4.));
#858 = VECTOR('',#859,1.);
#859 = DIRECTION('',(0.,1.,0.));
#860 = ORIENTED_EDGE('',*,*,#861,.T.);
#861 = EDGE_CURVE('',#854,#862,#864,.T.);
#862 = VERTEX_POINT('',#863);
#863 = CARTESIAN_POINT('',(76.,21.87,4.));
#864 = LINE('',#865,#866);
#865 = CARTESIAN_POINT('',(59.778403508772,21.87,4.));
#866 = VECTOR('',#867,1.);
#867 = DIRECTION('',(-1.,0.,0.));
#868 = ORIENTED_EDGE('',*,*,#869,.F.);
#869 = EDGE_CURVE('',#870,#862,#872,.T.);
#870 = VERTEX_POINT('',#871);
#871 = CARTESIAN_POINT('',(76.,10.12,4.));
#872 = LINE('',#873,#874);
#873 = CARTESIAN_POINT('',(76.,17.831929824561,4.));
#874 = VECTOR('',#875,1.);
#875 = DIRECTION('',(0.,1.,0.));
#876 = ORIENTED_EDGE('',*,*,#877,.F.);
#877 = EDGE_CURVE('',#878,#870,#880,.T.);
#878 = VERTEX_POINT('',#879);
#879 = CARTESIAN_POINT('',(83.,10.12,4.));
#880 = LINE('',#881,#882);
#881 = CARTESIAN_POINT('',(59.778403508772,10.12,4.));
#882 = VECTOR('',#883,1.);
#883 = DIRECTION('',(-1.,0.,0.));
#884 = ORIENTED_EDGE('',*,*,#885,.F.);
#885 = EDGE_CURVE('',#886,#878,#888,.T.);
#886 = VERTEX_POINT('',#887);
#887 = CARTESIAN_POINT('',(83.,1.,4.));
#888 = LINE('',#889,#890);
#889 = CARTESIAN_POINT('',(83.,1.,4.));
#890 = VECTOR('',#891,1.);
#891 = DIRECTION('',(0.,1.,0.));
#892 = ORIENTED_EDGE('',*,*,#893,.F.);
#893 = EDGE_CURVE('',#894,#886,#896,.T.);
#894 = VERTEX_POINT('',#895);
#895 = CARTESIAN_POINT('',(70.45,1.,4.));
#896 = LINE('',#897,#898);
#897 = CARTESIAN_POINT('',(1.,1.,4.));
#898 = VECTOR('',#899,1.);
#899 = DIRECTION('',(1.,0.,0.));
#900 = ORIENTED_EDGE('',*,*,#901,.F.);
#901 = EDGE_CURVE('',#902,#894,#904,.T.);
#902 = VERTEX_POINT('',#903);
#903 = CARTESIAN_POINT('',(70.45,0.,4.));
#904 = LINE('',#905,#906);
#905 = CARTESIAN_POINT('',(70.45,-0.1,4.));
#906 = VECTOR('',#907,1.);
#907 = DIRECTION('',(0.,1.,0.));
#908 = ORIENTED_EDGE('',*,*,#909,.T.);
#909 = EDGE_CURVE('',#902,#910,#912,.T.);
#910 = VERTEX_POINT('',#911);
#911 = CARTESIAN_POINT('',(59.55,0.,4.));
#912 = LINE('',#913,#914);
#913 = CARTESIAN_POINT('',(51.01566091954,0.,4.));
#914 = VECTOR('',#915,1.);
#915 = DIRECTION('',(-1.,0.,0.));
#916 = ORIENTED_EDGE('',*,*,#917,.T.);
#917 = EDGE_CURVE('',#910,#918,#920,.T.);
#918 = VERTEX_POINT('',#919);
#919 = CARTESIAN_POINT('',(59.55,1.,4.));
#920 = LINE('',#921,#922);
#921 = CARTESIAN_POINT('',(59.55,-0.1,4.));
#922 = VECTOR('',#923,1.);
#923 = DIRECTION('',(0.,1.,0.));
#924 = ORIENTED_EDGE('',*,*,#925,.F.);
#925 = EDGE_CURVE('',#926,#918,#928,.T.);
#926 = VERTEX_POINT('',#927);
#927 = CARTESIAN_POINT('',(43.4,1.,4.));
#928 = LINE('',#929,#930);
#929 = CARTESIAN_POINT('',(1.,1.,4.));
#930 = VECTOR('',#931,1.);
#931 = DIRECTION('',(1.,0.,0.));
#932 = ORIENTED_EDGE('',*,*,#933,.T.);
#933 = EDGE_CURVE('',#926,#934,#936,.T.);
#934 = VERTEX_POINT('',#935);
#935 = CARTESIAN_POINT('',(43.4,15.5,4.));
#936 = LINE('',#937,#938);
#937 = CARTESIAN_POINT('',(43.4,0.5,4.));
#938 = VECTOR('',#939,1.);
#939 = DIRECTION('',(0.,1.,0.));
#940 = ORIENTED_EDGE('',*,*,#941,.F.);
#941 = EDGE_CURVE('',#942,#934,#944,.T.);
#942 = VERTEX_POINT('',#943);
#943 = CARTESIAN_POINT('',(42.6,15.5,4.));
#944 = LINE('',#945,#946);
#945 = CARTESIAN_POINT('',(42.6,15.5,4.));
#946 = VECTOR('',#947,1.);
#947 = DIRECTION('',(1.,0.,0.));
#948 = ORIENTED_EDGE('',*,*,#949,.F.);
#949 = EDGE_CURVE('',#950,#942,#952,.T.);
#950 = VERTEX_POINT('',#951);
#951 = CARTESIAN_POINT('',(42.6,1.,4.));
#952 = LINE('',#953,#954);
#953 = CARTESIAN_POINT('',(42.6,0.5,4.));
#954 = VECTOR('',#955,1.);
#955 = DIRECTION('',(0.,1.,0.));
#956 = ORIENTED_EDGE('',*,*,#957,.F.);
#957 = EDGE_CURVE('',#958,#950,#960,.T.);
#958 = VERTEX_POINT('',#959);
#959 = CARTESIAN_POINT('',(41.3,1.,4.));
#960 = LINE('',#961,#962);
#961 = CARTESIAN_POINT('',(1.,1.,4.));
#962 = VECTOR('',#963,1.);
#963 = DIRECTION('',(1.,0.,0.));
#964 = ORIENTED_EDGE('',*,*,#965,.F.);
#965 = EDGE_CURVE('',#966,#958,#968,.T.);
#966 = VERTEX_POINT('',#967);
#967 = CARTESIAN_POINT('',(41.3,1.1,4.));
#968 = LINE('',#969,#970);
#969 = CARTESIAN_POINT('',(41.3,11.631118210863,4.));
#970 = VECTOR('',#971,1.);
#971 = DIRECTION('',(0.,-1.,0.));
#972 = ORIENTED_EDGE('',*,*,#973,.F.);
#973 = EDGE_CURVE('',#974,#966,#976,.T.);
#974 = VERTEX_POINT('',#975);
#975 = CARTESIAN_POINT('',(38.77082039325,1.1,4.));
#976 = LINE('',#977,#978);
#977 = CARTESIAN_POINT('',(39.091453674121,1.1,4.));
#978 = VECTOR('',#979,1.);
#979 = DIRECTION('',(1.,0.,0.));
#980 = ORIENTED_EDGE('',*,*,#981,.T.);
#981 = EDGE_CURVE('',#974,#982,#984,.T.);
#982 = VERTEX_POINT('',#983);
#983 = CARTESIAN_POINT('',(40.4,3.3,4.));
#984 = CIRCLE('',#985,2.3);
#985 = AXIS2_PLACEMENT_3D('',#986,#987,#988);
#986 = CARTESIAN_POINT('',(38.1,3.3,4.));
#987 = DIRECTION('',(0.,0.,1.));
#988 = DIRECTION('',(1.,0.,0.));
#989 = ORIENTED_EDGE('',*,*,#990,.T.);
#990 = EDGE_CURVE('',#982,#991,#993,.T.);
#991 = VERTEX_POINT('',#992);
#992 = CARTESIAN_POINT('',(37.42917960675,1.1,4.));
#993 = CIRCLE('',#994,2.3);
#994 = AXIS2_PLACEMENT_3D('',#995,#996,#997);
#995 = CARTESIAN_POINT('',(38.1,3.3,4.));
#996 = DIRECTION('',(0.,0.,1.));
#997 = DIRECTION('',(1.,0.,0.));
#998 = ORIENTED_EDGE('',*,*,#999,.F.);
#999 = EDGE_CURVE('',#822,#991,#1000,.T.);
#1000 = LINE('',#1001,#1002);
#1001 = CARTESIAN_POINT('',(39.091453674121,1.1,4.));
#1002 = VECTOR('',#1003,1.);
#1003 = DIRECTION('',(1.,0.,0.));
#1004 = ORIENTED_EDGE('',*,*,#821,.T.);
#1005 = ORIENTED_EDGE('',*,*,#750,.F.);
#1006 = ORIENTED_EDGE('',*,*,#1007,.F.);
#1007 = EDGE_CURVE('',#1008,#743,#1010,.T.);
#1008 = VERTEX_POINT('',#1009);
#1009 = CARTESIAN_POINT('',(33.5,0.,4.));
#1010 = LINE('',#1011,#1012);
#1011 = CARTESIAN_POINT('',(33.5,0.,4.));
#1012 = VECTOR('',#1013,1.);
#1013 = DIRECTION('',(0.,1.,0.));
#1014 = ORIENTED_EDGE('',*,*,#1015,.F.);
#1015 = EDGE_CURVE('',#1016,#1008,#1018,.T.);
#1016 = VERTEX_POINT('',#1017);
#1017 = CARTESIAN_POINT('',(0.,0.,4.));
#1018 = LINE('',#1019,#1020);
#1019 = CARTESIAN_POINT('',(0.,0.,4.));
#1020 = VECTOR('',#1021,1.);
#1021 = DIRECTION('',(1.,0.,0.));
#1022 = ORIENTED_EDGE('',*,*,#1023,.F.);
#1023 = EDGE_CURVE('',#1024,#1016,#1026,.T.);
#1024 = VERTEX_POINT('',#1025);
#1025 = CARTESIAN_POINT('',(0.,15.,4.));
#1026 = LINE('',#1027,#1028);
#1027 = CARTESIAN_POINT('',(0.,52.,4.));
#1028 = VECTOR('',#1029,1.);
#1029 = DIRECTION('',(0.,-1.,0.));
#1030 = ORIENTED_EDGE('',*,*,#1031,.F.);
#1031 = EDGE_CURVE('',#1032,#1024,#1034,.T.);
#1032 = VERTEX_POINT('',#1033);
#1033 = CARTESIAN_POINT('',(1.,15.,4.));
#1034 = LINE('',#1035,#1036);
#1035 = CARTESIAN_POINT('',(33.5,15.,4.));
#1036 = VECTOR('',#1037,1.);
#1037 = DIRECTION('',(-1.,0.,0.));
#1038 = ORIENTED_EDGE('',*,*,#1039,.F.);
#1039 = EDGE_CURVE('',#846,#1032,#1040,.T.);
#1040 = LINE('',#1041,#1042);
#1041 = CARTESIAN_POINT('',(1.,51.,4.));
#1042 = VECTOR('',#1043,1.);
#1043 = DIRECTION('',(0.,-1.,0.));
#1044 = FACE_BOUND('',#1045,.T.);
#1045 = EDGE_LOOP('',(#1046));
#1046 = ORIENTED_EDGE('',*,*,#1047,.T.);
#1047 = EDGE_CURVE('',#1048,#1048,#1050,.T.);
#1048 = VERTEX_POINT('',#1049);
#1049 = CARTESIAN_POINT('',(48.6,8.8,4.));
#1050 = CIRCLE('',#1051,2.3);
#1051 = AXIS2_PLACEMENT_3D('',#1052,#1053,#1054);
#1052 = CARTESIAN_POINT('',(46.3,8.8,4.));
#1053 = DIRECTION('',(0.,0.,1.));
#1054 = DIRECTION('',(1.,0.,0.));
#1055 = FACE_BOUND('',#1056,.T.);
#1056 = EDGE_LOOP('',(#1057,#1067,#1075,#1083));
#1057 = ORIENTED_EDGE('',*,*,#1058,.T.);
#1058 = EDGE_CURVE('',#1059,#1061,#1063,.T.);
#1059 = VERTEX_POINT('',#1060);
#1060 = CARTESIAN_POINT('',(41.,16.4,4.));
#1061 = VERTEX_POINT('',#1062);
#1062 = CARTESIAN_POINT('',(47.,16.4,4.));
#1063 = LINE('',#1064,#1065);
#1064 = CARTESIAN_POINT('',(41.,16.4,4.));
#1065 = VECTOR('',#1066,1.);
#1066 = DIRECTION('',(1.,0.,0.));
#1067 = ORIENTED_EDGE('',*,*,#1068,.T.);
#1068 = EDGE_CURVE('',#1061,#1069,#1071,.T.);
#1069 = VERTEX_POINT('',#1070);
#1070 = CARTESIAN_POINT('',(47.,17.2,4.));
#1071 = LINE('',#1072,#1073);
#1072 = CARTESIAN_POINT('',(47.,16.4,4.));
#1073 = VECTOR('',#1074,1.);
#1074 = DIRECTION('',(0.,1.,0.));
#1075 = ORIENTED_EDGE('',*,*,#1076,.F.);
#1076 = EDGE_CURVE('',#1077,#1069,#1079,.T.);
#1077 = VERTEX_POINT('',#1078);
#1078 = CARTESIAN_POINT('',(41.,17.2,4.));
#1079 = LINE('',#1080,#1081);
#1080 = CARTESIAN_POINT('',(41.,17.2,4.));
#1081 = VECTOR('',#1082,1.);
#1082 = DIRECTION('',(1.,0.,0.));
#1083 = ORIENTED_EDGE('',*,*,#1084,.F.);
#1084 = EDGE_CURVE('',#1059,#1077,#1085,.T.);
#1085 = LINE('',#1086,#1087);
#1086 = CARTESIAN_POINT('',(41.,16.4,4.));
#1087 = VECTOR('',#1088,1.);
#1088 = DIRECTION('',(0.,1.,0.));
#1089 = FACE_BOUND('',#1090,.T.);
#1090 = EDGE_LOOP('',(#1091));
#1091 = ORIENTED_EDGE('',*,*,#1092,.T.);
#1092 = EDGE_CURVE('',#1093,#1093,#1095,.T.);
#1093 = VERTEX_POINT('',#1094);
#1094 = CARTESIAN_POINT('',(40.4,15.1,4.));
#1095 = CIRCLE('',#1096,2.3);
#1096 = AXIS2_PLACEMENT_3D('',#1097,#1098,#1099);
#1097 = CARTESIAN_POINT('',(38.1,15.1,4.));
#1098 = DIRECTION('',(0.,0.,1.));
#1099 = DIRECTION('',(1.,0.,0.));
#1100 = FACE_BOUND('',#1101,.T.);
#1101 = EDGE_LOOP('',(#1102,#1112,#1120,#1128));
#1102 = ORIENTED_EDGE('',*,*,#1103,.T.);
#1103 = EDGE_CURVE('',#1104,#1106,#1108,.T.);
#1104 = VERTEX_POINT('',#1105);
#1105 = CARTESIAN_POINT('',(1.,7.1,4.));
#1106 = VERTEX_POINT('',#1107);
#1107 = CARTESIAN_POINT('',(33.,7.1,4.));
#1108 = LINE('',#1109,#1110);
#1109 = CARTESIAN_POINT('',(1.,7.1,4.));
#1110 = VECTOR('',#1111,1.);
#1111 = DIRECTION('',(1.,0.,0.));
#1112 = ORIENTED_EDGE('',*,*,#1113,.T.);
#1113 = EDGE_CURVE('',#1106,#1114,#1116,.T.);
#1114 = VERTEX_POINT('',#1115);
#1115 = CARTESIAN_POINT('',(33.,7.9,4.));
#1116 = LINE('',#1117,#1118);
#1117 = CARTESIAN_POINT('',(33.,7.1,4.));
#1118 = VECTOR('',#1119,1.);
#1119 = DIRECTION('',(0.,1.,0.));
#1120 = ORIENTED_EDGE('',*,*,#1121,.F.);
#1121 = EDGE_CURVE('',#1122,#1114,#1124,.T.);
#1122 = VERTEX_POINT('',#1123);
#1123 = CARTESIAN_POINT('',(1.,7.9,4.));
#1124 = LINE('',#1125,#1126);
#1125 = CARTESIAN_POINT('',(1.,7.9,4.));
#1126 = VECTOR('',#1127,1.);
#1127 = DIRECTION('',(1.,0.,0.));
#1128 = ORIENTED_EDGE('',*,*,#1129,.F.);
#1129 = EDGE_CURVE('',#1104,#1122,#1130,.T.);
#1130 = LINE('',#1131,#1132);
#1131 = CARTESIAN_POINT('',(1.,7.1,4.));
#1132 = VECTOR('',#1133,1.);
#1133 = DIRECTION('',(0.,1.,0.));
#1134 = FACE_BOUND('',#1135,.T.);
#1135 = EDGE_LOOP('',(#1136,#1146,#1154,#1162));
#1136 = ORIENTED_EDGE('',*,*,#1137,.F.);
#1137 = EDGE_CURVE('',#1138,#1140,#1142,.T.);
#1138 = VERTEX_POINT('',#1139);
#1139 = CARTESIAN_POINT('',(2.,18.3,4.));
#1140 = VERTEX_POINT('',#1141);
#1141 = CARTESIAN_POINT('',(2.,50.1,4.));
#1142 = LINE('',#1143,#1144);
#1143 = CARTESIAN_POINT('',(2.,18.3,4.));
#1144 = VECTOR('',#1145,1.);
#1145 = DIRECTION('',(0.,1.,0.));
#1146 = ORIENTED_EDGE('',*,*,#1147,.T.);
#1147 = EDGE_CURVE('',#1138,#1148,#1150,.T.);
#1148 = VERTEX_POINT('',#1149);
#1149 = CARTESIAN_POINT('',(39.32,18.3,4.));
#1150 = LINE('',#1151,#1152);
#1151 = CARTESIAN_POINT('',(2.,18.3,4.));
#1152 = VECTOR('',#1153,1.);
#1153 = DIRECTION('',(1.,0.,0.));
#1154 = ORIENTED_EDGE('',*,*,#1155,.T.);
#1155 = EDGE_CURVE('',#1148,#1156,#1158,.T.);
#1156 = VERTEX_POINT('',#1157);
#1157 = CARTESIAN_POINT('',(39.32,50.1,4.));
#1158 = LINE('',#1159,#1160);
#1159 = CARTESIAN_POINT('',(39.32,18.3,4.));
#1160 = VECTOR('',#1161,1.);
#1161 = DIRECTION('',(0.,1.,0.));
#1162 = ORIENTED_EDGE('',*,*,#1163,.F.);
#1163 = EDGE_CURVE('',#1140,#1156,#1164,.T.);
#1164 = LINE('',#1165,#1166);
#1165 = CARTESIAN_POINT('',(2.,50.1,4.));
#1166 = VECTOR('',#1167,1.);
#1167 = DIRECTION('',(1.,0.,0.));
#1168 = PLANE('',#1169);
#1169 = AXIS2_PLACEMENT_3D('',#1170,#1171,#1172);
#1170 = CARTESIAN_POINT('',(43.182907348243,23.362236421725,4.));
#1171 = DIRECTION('',(-0.,-0.,-1.));
#1172 = DIRECTION('',(-1.,0.,0.));
#1173 = ADVANCED_FACE('',(#1174),#1185,.T.);
#1174 = FACE_BOUND('',#1175,.T.);
#1175 = EDGE_LOOP('',(#1176,#1177,#1183,#1184));
#1176 = ORIENTED_EDGE('',*,*,#788,.F.);
#1177 = ORIENTED_EDGE('',*,*,#1178,.T.);
#1178 = EDGE_CURVE('',#781,#1008,#1179,.T.);
#1179 = LINE('',#1180,#1181);
#1180 = CARTESIAN_POINT('',(33.5,0.,1.5));
#1181 = VECTOR('',#1182,1.);
#1182 = DIRECTION('',(0.,0.,1.));
#1183 = ORIENTED_EDGE('',*,*,#1007,.T.);
#1184 = ORIENTED_EDGE('',*,*,#742,.T.);
#1185 = PLANE('',#1186);
#1186 = AXIS2_PLACEMENT_3D('',#1187,#1188,#1189);
#1187 = CARTESIAN_POINT('',(33.5,0.,1.5));
#1188 = DIRECTION('',(-1.,0.,0.));
#1189 = DIRECTION('',(0.,1.,0.));
#1190 = ADVANCED_FACE('',(#1191),#1266,.T.);
#1191 = FACE_BOUND('',#1192,.T.);
#1192 = EDGE_LOOP('',(#1193,#1201,#1202,#1203,#1204,#1205,#1213,#1221,
    #1229,#1235,#1236,#1244,#1252,#1260));
#1193 = ORIENTED_EDGE('',*,*,#1194,.F.);
#1194 = EDGE_CURVE('',#1016,#1195,#1197,.T.);
#1195 = VERTEX_POINT('',#1196);
#1196 = CARTESIAN_POINT('',(0.,0.,4.5));
#1197 = LINE('',#1198,#1199);
#1198 = CARTESIAN_POINT('',(0.,0.,4.));
#1199 = VECTOR('',#1200,1.);
#1200 = DIRECTION('',(0.,0.,1.));
#1201 = ORIENTED_EDGE('',*,*,#1015,.T.);
#1202 = ORIENTED_EDGE('',*,*,#1178,.F.);
#1203 = ORIENTED_EDGE('',*,*,#780,.F.);
#1204 = ORIENTED_EDGE('',*,*,#813,.T.);
#1205 = ORIENTED_EDGE('',*,*,#1206,.F.);
#1206 = EDGE_CURVE('',#1207,#804,#1209,.T.);
#1207 = VERTEX_POINT('',#1208);
#1208 = CARTESIAN_POINT('',(41.3,0.,4.4));
#1209 = LINE('',#1210,#1211);
#1210 = CARTESIAN_POINT('',(38.74066091954,0.,4.4));
#1211 = VECTOR('',#1212,1.);
#1212 = DIRECTION('',(-1.,0.,0.));
#1213 = ORIENTED_EDGE('',*,*,#1214,.F.);
#1214 = EDGE_CURVE('',#1215,#1207,#1217,.T.);
#1215 = VERTEX_POINT('',#1216);
#1216 = CARTESIAN_POINT('',(41.3,0.,1.5));
#1217 = LINE('',#1218,#1219);
#1218 = CARTESIAN_POINT('',(41.3,0.,2.49066091954));
#1219 = VECTOR('',#1220,1.);
#1220 = DIRECTION('',(0.,0.,1.));
#1221 = ORIENTED_EDGE('',*,*,#1222,.F.);
#1222 = EDGE_CURVE('',#1223,#1215,#1225,.T.);
#1223 = VERTEX_POINT('',#1224);
#1224 = CARTESIAN_POINT('',(59.55,0.,1.5));
#1225 = LINE('',#1226,#1227);
#1226 = CARTESIAN_POINT('',(84.,0.,1.5));
#1227 = VECTOR('',#1228,1.);
#1228 = DIRECTION('',(-1.,0.,0.));
#1229 = ORIENTED_EDGE('',*,*,#1230,.T.);
#1230 = EDGE_CURVE('',#1223,#910,#1231,.T.);
#1231 = LINE('',#1232,#1233);
#1232 = CARTESIAN_POINT('',(59.55,0.,2.49066091954));
#1233 = VECTOR('',#1234,1.);
#1234 = DIRECTION('',(0.,0.,1.));
#1235 = ORIENTED_EDGE('',*,*,#909,.F.);
#1236 = ORIENTED_EDGE('',*,*,#1237,.F.);
#1237 = EDGE_CURVE('',#1238,#902,#1240,.T.);
#1238 = VERTEX_POINT('',#1239);
#1239 = CARTESIAN_POINT('',(70.45,0.,1.5));
#1240 = LINE('',#1241,#1242);
#1241 = CARTESIAN_POINT('',(70.45,0.,2.49066091954));
#1242 = VECTOR('',#1243,1.);
#1243 = DIRECTION('',(0.,0.,1.));
#1244 = ORIENTED_EDGE('',*,*,#1245,.F.);
#1245 = EDGE_CURVE('',#1246,#1238,#1248,.T.);
#1246 = VERTEX_POINT('',#1247);
#1247 = CARTESIAN_POINT('',(84.,0.,1.5));
#1248 = LINE('',#1249,#1250);
#1249 = CARTESIAN_POINT('',(84.,0.,1.5));
#1250 = VECTOR('',#1251,1.);
#1251 = DIRECTION('',(-1.,0.,0.));
#1252 = ORIENTED_EDGE('',*,*,#1253,.T.);
#1253 = EDGE_CURVE('',#1246,#1254,#1256,.T.);
#1254 = VERTEX_POINT('',#1255);
#1255 = CARTESIAN_POINT('',(84.,0.,4.5));
#1256 = LINE('',#1257,#1258);
#1257 = CARTESIAN_POINT('',(84.,0.,1.5));
#1258 = VECTOR('',#1259,1.);
#1259 = DIRECTION('',(0.,0.,1.));
#1260 = ORIENTED_EDGE('',*,*,#1261,.F.);
#1261 = EDGE_CURVE('',#1195,#1254,#1262,.T.);
#1262 = LINE('',#1263,#1264);
#1263 = CARTESIAN_POINT('',(0.,0.,4.5));
#1264 = VECTOR('',#1265,1.);
#1265 = DIRECTION('',(1.,0.,0.));
#1266 = PLANE('',#1267);
#1267 = AXIS2_PLACEMENT_3D('',#1268,#1269,#1270);
#1268 = CARTESIAN_POINT('',(42.48132183908,0.,3.48132183908));
#1269 = DIRECTION('',(-0.,-1.,-0.));
#1270 = DIRECTION('',(0.,0.,-1.));
#1271 = ADVANCED_FACE('',(#1272),#1307,.F.);
#1272 = FACE_BOUND('',#1273,.F.);
#1273 = EDGE_LOOP('',(#1274,#1275,#1276,#1284,#1292,#1301));
#1274 = ORIENTED_EDGE('',*,*,#803,.F.);
#1275 = ORIENTED_EDGE('',*,*,#1206,.F.);
#1276 = ORIENTED_EDGE('',*,*,#1277,.T.);
#1277 = EDGE_CURVE('',#1207,#1278,#1280,.T.);
#1278 = VERTEX_POINT('',#1279);
#1279 = CARTESIAN_POINT('',(41.3,1.1,4.4));
#1280 = LINE('',#1281,#1282);
#1281 = CARTESIAN_POINT('',(41.3,-0.1,4.4));
#1282 = VECTOR('',#1283,1.);
#1283 = DIRECTION('',(0.,1.,0.));
#1284 = ORIENTED_EDGE('',*,*,#1285,.F.);
#1285 = EDGE_CURVE('',#1286,#1278,#1288,.T.);
#1286 = VERTEX_POINT('',#1287);
#1287 = CARTESIAN_POINT('',(38.77082039325,1.1,4.4));
#1288 = LINE('',#1289,#1290);
#1289 = CARTESIAN_POINT('',(35.,1.1,4.4));
#1290 = VECTOR('',#1291,1.);
#1291 = DIRECTION('',(1.,0.,0.));
#1292 = ORIENTED_EDGE('',*,*,#1293,.F.);
#1293 = EDGE_CURVE('',#1294,#1286,#1296,.T.);
#1294 = VERTEX_POINT('',#1295);
#1295 = CARTESIAN_POINT('',(37.42917960675,1.1,4.4));
#1296 = CIRCLE('',#1297,2.3);
#1297 = AXIS2_PLACEMENT_3D('',#1298,#1299,#1300);
#1298 = CARTESIAN_POINT('',(38.1,3.3,4.4));
#1299 = DIRECTION('',(0.,0.,1.));
#1300 = DIRECTION('',(1.,0.,0.));
#1301 = ORIENTED_EDGE('',*,*,#1302,.F.);
#1302 = EDGE_CURVE('',#806,#1294,#1303,.T.);
#1303 = LINE('',#1304,#1305);
#1304 = CARTESIAN_POINT('',(35.,1.1,4.4));
#1305 = VECTOR('',#1306,1.);
#1306 = DIRECTION('',(1.,0.,0.));
#1307 = PLANE('',#1308);
#1308 = AXIS2_PLACEMENT_3D('',#1309,#1310,#1311);
#1309 = CARTESIAN_POINT('',(35.,-0.1,4.4));
#1310 = DIRECTION('',(0.,0.,1.));
#1311 = DIRECTION('',(1.,0.,0.));
#1312 = ADVANCED_FACE('',(#1313),#1324,.F.);
#1313 = FACE_BOUND('',#1314,.F.);
#1314 = EDGE_LOOP('',(#1315,#1321,#1322,#1323));
#1315 = ORIENTED_EDGE('',*,*,#1316,.F.);
#1316 = EDGE_CURVE('',#991,#1294,#1317,.T.);
#1317 = LINE('',#1318,#1319);
#1318 = CARTESIAN_POINT('',(37.42917960675,1.1,3.8));
#1319 = VECTOR('',#1320,1.);
#1320 = DIRECTION('',(0.,0.,1.));
#1321 = ORIENTED_EDGE('',*,*,#999,.F.);
#1322 = ORIENTED_EDGE('',*,*,#829,.T.);
#1323 = ORIENTED_EDGE('',*,*,#1302,.T.);
#1324 = PLANE('',#1325);
#1325 = AXIS2_PLACEMENT_3D('',#1326,#1327,#1328);
#1326 = CARTESIAN_POINT('',(35.,1.1,1.5));
#1327 = DIRECTION('',(0.,1.,0.));
#1328 = DIRECTION('',(0.,0.,1.));
#1329 = ADVANCED_FACE('',(#1330),#1355,.T.);
#1330 = FACE_BOUND('',#1331,.T.);
#1331 = EDGE_LOOP('',(#1332,#1340,#1341,#1349));
#1332 = ORIENTED_EDGE('',*,*,#1333,.T.);
#1333 = EDGE_CURVE('',#1334,#844,#1336,.T.);
#1334 = VERTEX_POINT('',#1335);
#1335 = CARTESIAN_POINT('',(83.,51.,1.5));
#1336 = LINE('',#1337,#1338);
#1337 = CARTESIAN_POINT('',(83.,51.,1.5));
#1338 = VECTOR('',#1339,1.);
#1339 = DIRECTION('',(0.,0.,1.));
#1340 = ORIENTED_EDGE('',*,*,#843,.T.);
#1341 = ORIENTED_EDGE('',*,*,#1342,.F.);
#1342 = EDGE_CURVE('',#1343,#846,#1345,.T.);
#1343 = VERTEX_POINT('',#1344);
#1344 = CARTESIAN_POINT('',(1.,51.,1.5));
#1345 = LINE('',#1346,#1347);
#1346 = CARTESIAN_POINT('',(1.,51.,1.5));
#1347 = VECTOR('',#1348,1.);
#1348 = DIRECTION('',(0.,0.,1.));
#1349 = ORIENTED_EDGE('',*,*,#1350,.F.);
#1350 = EDGE_CURVE('',#1334,#1343,#1351,.T.);
#1351 = LINE('',#1352,#1353);
#1352 = CARTESIAN_POINT('',(83.,51.,1.5));
#1353 = VECTOR('',#1354,1.);
#1354 = DIRECTION('',(-1.,0.,0.));
#1355 = PLANE('',#1356);
#1356 = AXIS2_PLACEMENT_3D('',#1357,#1358,#1359);
#1357 = CARTESIAN_POINT('',(83.,51.,1.5));
#1358 = DIRECTION('',(0.,-1.,0.));
#1359 = DIRECTION('',(-1.,0.,0.));
#1360 = ADVANCED_FACE('',(#1361),#1379,.T.);
#1361 = FACE_BOUND('',#1362,.T.);
#1362 = EDGE_LOOP('',(#1363,#1371,#1377,#1378));
#1363 = ORIENTED_EDGE('',*,*,#1364,.F.);
#1364 = EDGE_CURVE('',#1365,#1334,#1367,.T.);
#1365 = VERTEX_POINT('',#1366);
#1366 = CARTESIAN_POINT('',(83.,21.87,1.5));
#1367 = LINE('',#1368,#1369);
#1368 = CARTESIAN_POINT('',(83.,1.,1.5));
#1369 = VECTOR('',#1370,1.);
#1370 = DIRECTION('',(0.,1.,0.));
#1371 = ORIENTED_EDGE('',*,*,#1372,.F.);
#1372 = EDGE_CURVE('',#854,#1365,#1373,.T.);
#1373 = LINE('',#1374,#1375);
#1374 = CARTESIAN_POINT('',(83.,21.87,1.4));
#1375 = VECTOR('',#1376,1.);
#1376 = DIRECTION('',(0.,0.,-1.));
#1377 = ORIENTED_EDGE('',*,*,#853,.T.);
#1378 = ORIENTED_EDGE('',*,*,#1333,.F.);
#1379 = PLANE('',#1380);
#1380 = AXIS2_PLACEMENT_3D('',#1381,#1382,#1383);
#1381 = CARTESIAN_POINT('',(83.,1.,1.5));
#1382 = DIRECTION('',(-1.,0.,0.));
#1383 = DIRECTION('',(0.,1.,0.));
#1384 = ADVANCED_FACE('',(#1385),#1403,.T.);
#1385 = FACE_BOUND('',#1386,.T.);
#1386 = EDGE_LOOP('',(#1387,#1395,#1396,#1397));
#1387 = ORIENTED_EDGE('',*,*,#1388,.F.);
#1388 = EDGE_CURVE('',#1343,#1389,#1391,.T.);
#1389 = VERTEX_POINT('',#1390);
#1390 = CARTESIAN_POINT('',(1.,15.,1.5));
#1391 = LINE('',#1392,#1393);
#1392 = CARTESIAN_POINT('',(1.,51.,1.5));
#1393 = VECTOR('',#1394,1.);
#1394 = DIRECTION('',(0.,-1.,0.));
#1395 = ORIENTED_EDGE('',*,*,#1342,.T.);
#1396 = ORIENTED_EDGE('',*,*,#1039,.T.);
#1397 = ORIENTED_EDGE('',*,*,#1398,.F.);
#1398 = EDGE_CURVE('',#1389,#1032,#1399,.T.);
#1399 = LINE('',#1400,#1401);
#1400 = CARTESIAN_POINT('',(1.,15.,1.5));
#1401 = VECTOR('',#1402,1.);
#1402 = DIRECTION('',(0.,0.,1.));
#1403 = PLANE('',#1404);
#1404 = AXIS2_PLACEMENT_3D('',#1405,#1406,#1407);
#1405 = CARTESIAN_POINT('',(1.,51.,1.5));
#1406 = DIRECTION('',(1.,0.,0.));
#1407 = DIRECTION('',(0.,-1.,0.));
#1408 = ADVANCED_FACE('',(#1409),#1443,.F.);
#1409 = FACE_BOUND('',#1410,.F.);
#1410 = EDGE_LOOP('',(#1411,#1412,#1420,#1428,#1436,#1442));
#1411 = ORIENTED_EDGE('',*,*,#861,.T.);
#1412 = ORIENTED_EDGE('',*,*,#1413,.T.);
#1413 = EDGE_CURVE('',#862,#1414,#1416,.T.);
#1414 = VERTEX_POINT('',#1415);
#1415 = CARTESIAN_POINT('',(76.,21.87,4.2));
#1416 = LINE('',#1417,#1418);
#1417 = CARTESIAN_POINT('',(76.,21.87,1.3));
#1418 = VECTOR('',#1419,1.);
#1419 = DIRECTION('',(0.,0.,1.));
#1420 = ORIENTED_EDGE('',*,*,#1421,.T.);
#1421 = EDGE_CURVE('',#1414,#1422,#1424,.T.);
#1422 = VERTEX_POINT('',#1423);
#1423 = CARTESIAN_POINT('',(84.,21.87,4.2));
#1424 = LINE('',#1425,#1426);
#1425 = CARTESIAN_POINT('',(76.,21.87,4.2));
#1426 = VECTOR('',#1427,1.);
#1427 = DIRECTION('',(1.,0.,0.));
#1428 = ORIENTED_EDGE('',*,*,#1429,.F.);
#1429 = EDGE_CURVE('',#1430,#1422,#1432,.T.);
#1430 = VERTEX_POINT('',#1431);
#1431 = CARTESIAN_POINT('',(84.,21.87,1.5));
#1432 = LINE('',#1433,#1434);
#1433 = CARTESIAN_POINT('',(84.,21.87,2.15));
#1434 = VECTOR('',#1435,1.);
#1435 = DIRECTION('',(0.,0.,1.));
#1436 = ORIENTED_EDGE('',*,*,#1437,.F.);
#1437 = EDGE_CURVE('',#1365,#1430,#1438,.T.);
#1438 = LINE('',#1439,#1440);
#1439 = CARTESIAN_POINT('',(60.65998245614,21.87,1.5));
#1440 = VECTOR('',#1441,1.);
#1441 = DIRECTION('',(1.,0.,0.));
#1442 = ORIENTED_EDGE('',*,*,#1372,.F.);
#1443 = PLANE('',#1444);
#1444 = AXIS2_PLACEMENT_3D('',#1445,#1446,#1447);
#1445 = CARTESIAN_POINT('',(76.,21.87,1.3));
#1446 = DIRECTION('',(0.,1.,0.));
#1447 = DIRECTION('',(0.,0.,1.));
#1448 = ADVANCED_FACE('',(#1449),#1467,.T.);
#1449 = FACE_BOUND('',#1450,.T.);
#1450 = EDGE_LOOP('',(#1451,#1459,#1460,#1461));
#1451 = ORIENTED_EDGE('',*,*,#1452,.F.);
#1452 = EDGE_CURVE('',#1389,#1453,#1455,.T.);
#1453 = VERTEX_POINT('',#1454);
#1454 = CARTESIAN_POINT('',(0.,15.,1.5));
#1455 = LINE('',#1456,#1457);
#1456 = CARTESIAN_POINT('',(33.5,15.,1.5));
#1457 = VECTOR('',#1458,1.);
#1458 = DIRECTION('',(-1.,0.,0.));
#1459 = ORIENTED_EDGE('',*,*,#1398,.T.);
#1460 = ORIENTED_EDGE('',*,*,#1031,.T.);
#1461 = ORIENTED_EDGE('',*,*,#1462,.F.);
#1462 = EDGE_CURVE('',#1453,#1024,#1463,.T.);
#1463 = LINE('',#1464,#1465);
#1464 = CARTESIAN_POINT('',(0.,15.,1.5));
#1465 = VECTOR('',#1466,1.);
#1466 = DIRECTION('',(0.,0.,1.));
#1467 = PLANE('',#1468);
#1468 = AXIS2_PLACEMENT_3D('',#1469,#1470,#1471);
#1469 = CARTESIAN_POINT('',(33.5,15.,1.5));
#1470 = DIRECTION('',(0.,-1.,0.));
#1471 = DIRECTION('',(-1.,0.,0.));
#1472 = ADVANCED_FACE('',(#1473),#1491,.T.);
#1473 = FACE_BOUND('',#1474,.T.);
#1474 = EDGE_LOOP('',(#1475,#1483,#1484,#1485));
#1475 = ORIENTED_EDGE('',*,*,#1476,.F.);
#1476 = EDGE_CURVE('',#870,#1477,#1479,.T.);
#1477 = VERTEX_POINT('',#1478);
#1478 = CARTESIAN_POINT('',(76.,10.12,4.2));
#1479 = LINE('',#1480,#1481);
#1480 = CARTESIAN_POINT('',(76.,10.12,1.3));
#1481 = VECTOR('',#1482,1.);
#1482 = DIRECTION('',(0.,0.,1.));
#1483 = ORIENTED_EDGE('',*,*,#869,.T.);
#1484 = ORIENTED_EDGE('',*,*,#1413,.T.);
#1485 = ORIENTED_EDGE('',*,*,#1486,.F.);
#1486 = EDGE_CURVE('',#1477,#1414,#1487,.T.);
#1487 = LINE('',#1488,#1489);
#1488 = CARTESIAN_POINT('',(76.,10.12,4.2));
#1489 = VECTOR('',#1490,1.);
#1490 = DIRECTION('',(0.,1.,0.));
#1491 = PLANE('',#1492);
#1492 = AXIS2_PLACEMENT_3D('',#1493,#1494,#1495);
#1493 = CARTESIAN_POINT('',(76.,10.12,1.3));
#1494 = DIRECTION('',(1.,0.,0.));
#1495 = DIRECTION('',(0.,0.,1.));
#1496 = ADVANCED_FACE('',(#1497),#1524,.T.);
#1497 = FACE_BOUND('',#1498,.T.);
#1498 = EDGE_LOOP('',(#1499,#1509,#1515,#1516,#1517,#1518));
#1499 = ORIENTED_EDGE('',*,*,#1500,.F.);
#1500 = EDGE_CURVE('',#1501,#1503,#1505,.T.);
#1501 = VERTEX_POINT('',#1502);
#1502 = CARTESIAN_POINT('',(0.,52.,1.5));
#1503 = VERTEX_POINT('',#1504);
#1504 = CARTESIAN_POINT('',(0.,52.,4.5));
#1505 = LINE('',#1506,#1507);
#1506 = CARTESIAN_POINT('',(0.,52.,4.));
#1507 = VECTOR('',#1508,1.);
#1508 = DIRECTION('',(0.,0.,1.));
#1509 = ORIENTED_EDGE('',*,*,#1510,.F.);
#1510 = EDGE_CURVE('',#1453,#1501,#1511,.T.);
#1511 = LINE('',#1512,#1513);
#1512 = CARTESIAN_POINT('',(0.,15.,1.5));
#1513 = VECTOR('',#1514,1.);
#1514 = DIRECTION('',(0.,1.,0.));
#1515 = ORIENTED_EDGE('',*,*,#1462,.T.);
#1516 = ORIENTED_EDGE('',*,*,#1023,.T.);
#1517 = ORIENTED_EDGE('',*,*,#1194,.T.);
#1518 = ORIENTED_EDGE('',*,*,#1519,.F.);
#1519 = EDGE_CURVE('',#1503,#1195,#1520,.T.);
#1520 = LINE('',#1521,#1522);
#1521 = CARTESIAN_POINT('',(0.,52.,4.5));
#1522 = VECTOR('',#1523,1.);
#1523 = DIRECTION('',(0.,-1.,0.));
#1524 = PLANE('',#1525);
#1525 = AXIS2_PLACEMENT_3D('',#1526,#1527,#1528);
#1526 = CARTESIAN_POINT('',(0.,26.340909090909,3.340909090909));
#1527 = DIRECTION('',(-1.,-0.,-0.));
#1528 = DIRECTION('',(0.,0.,-1.));
#1529 = ADVANCED_FACE('',(#1530),#1564,.T.);
#1530 = FACE_BOUND('',#1531,.T.);
#1531 = EDGE_LOOP('',(#1532,#1533,#1534,#1542,#1550,#1558));
#1532 = ORIENTED_EDGE('',*,*,#877,.T.);
#1533 = ORIENTED_EDGE('',*,*,#1476,.T.);
#1534 = ORIENTED_EDGE('',*,*,#1535,.T.);
#1535 = EDGE_CURVE('',#1477,#1536,#1538,.T.);
#1536 = VERTEX_POINT('',#1537);
#1537 = CARTESIAN_POINT('',(84.,10.12,4.2));
#1538 = LINE('',#1539,#1540);
#1539 = CARTESIAN_POINT('',(76.,10.12,4.2));
#1540 = VECTOR('',#1541,1.);
#1541 = DIRECTION('',(1.,0.,0.));
#1542 = ORIENTED_EDGE('',*,*,#1543,.F.);
#1543 = EDGE_CURVE('',#1544,#1536,#1546,.T.);
#1544 = VERTEX_POINT('',#1545);
#1545 = CARTESIAN_POINT('',(84.,10.12,1.5));
#1546 = LINE('',#1547,#1548);
#1547 = CARTESIAN_POINT('',(84.,10.12,2.15));
#1548 = VECTOR('',#1549,1.);
#1549 = DIRECTION('',(0.,0.,1.));
#1550 = ORIENTED_EDGE('',*,*,#1551,.F.);
#1551 = EDGE_CURVE('',#1552,#1544,#1554,.T.);
#1552 = VERTEX_POINT('',#1553);
#1553 = CARTESIAN_POINT('',(83.,10.12,1.5));
#1554 = LINE('',#1555,#1556);
#1555 = CARTESIAN_POINT('',(60.65998245614,10.12,1.5));
#1556 = VECTOR('',#1557,1.);
#1557 = DIRECTION('',(1.,0.,0.));
#1558 = ORIENTED_EDGE('',*,*,#1559,.F.);
#1559 = EDGE_CURVE('',#878,#1552,#1560,.T.);
#1560 = LINE('',#1561,#1562);
#1561 = CARTESIAN_POINT('',(83.,10.12,1.4));
#1562 = VECTOR('',#1563,1.);
#1563 = DIRECTION('',(0.,0.,-1.));
#1564 = PLANE('',#1565);
#1565 = AXIS2_PLACEMENT_3D('',#1566,#1567,#1568);
#1566 = CARTESIAN_POINT('',(76.,10.12,1.3));
#1567 = DIRECTION('',(0.,1.,0.));
#1568 = DIRECTION('',(0.,0.,1.));
#1569 = ADVANCED_FACE('',(#1570),#1588,.T.);
#1570 = FACE_BOUND('',#1571,.T.);
#1571 = EDGE_LOOP('',(#1572,#1580,#1586,#1587));
#1572 = ORIENTED_EDGE('',*,*,#1573,.F.);
#1573 = EDGE_CURVE('',#1574,#1552,#1576,.T.);
#1574 = VERTEX_POINT('',#1575);
#1575 = CARTESIAN_POINT('',(83.,1.,1.5));
#1576 = LINE('',#1577,#1578);
#1577 = CARTESIAN_POINT('',(83.,1.,1.5));
#1578 = VECTOR('',#1579,1.);
#1579 = DIRECTION('',(0.,1.,0.));
#1580 = ORIENTED_EDGE('',*,*,#1581,.T.);
#1581 = EDGE_CURVE('',#1574,#886,#1582,.T.);
#1582 = LINE('',#1583,#1584);
#1583 = CARTESIAN_POINT('',(83.,1.,1.5));
#1584 = VECTOR('',#1585,1.);
#1585 = DIRECTION('',(0.,0.,1.));
#1586 = ORIENTED_EDGE('',*,*,#885,.T.);
#1587 = ORIENTED_EDGE('',*,*,#1559,.T.);
#1588 = PLANE('',#1589);
#1589 = AXIS2_PLACEMENT_3D('',#1590,#1591,#1592);
#1590 = CARTESIAN_POINT('',(83.,1.,1.5));
#1591 = DIRECTION('',(-1.,0.,0.));
#1592 = DIRECTION('',(0.,1.,0.));
#1593 = ADVANCED_FACE('',(#1594),#1612,.T.);
#1594 = FACE_BOUND('',#1595,.T.);
#1595 = EDGE_LOOP('',(#1596,#1604,#1610,#1611));
#1596 = ORIENTED_EDGE('',*,*,#1597,.F.);
#1597 = EDGE_CURVE('',#1598,#1574,#1600,.T.);
#1598 = VERTEX_POINT('',#1599);
#1599 = CARTESIAN_POINT('',(70.45,1.,1.5));
#1600 = LINE('',#1601,#1602);
#1601 = CARTESIAN_POINT('',(1.,1.,1.5));
#1602 = VECTOR('',#1603,1.);
#1603 = DIRECTION('',(1.,0.,0.));
#1604 = ORIENTED_EDGE('',*,*,#1605,.F.);
#1605 = EDGE_CURVE('',#894,#1598,#1606,.T.);
#1606 = LINE('',#1607,#1608);
#1607 = CARTESIAN_POINT('',(70.45,1.,1.5));
#1608 = VECTOR('',#1609,1.);
#1609 = DIRECTION('',(0.,0.,-1.));
#1610 = ORIENTED_EDGE('',*,*,#893,.T.);
#1611 = ORIENTED_EDGE('',*,*,#1581,.F.);
#1612 = PLANE('',#1613);
#1613 = AXIS2_PLACEMENT_3D('',#1614,#1615,#1616);
#1614 = CARTESIAN_POINT('',(1.,1.,1.5));
#1615 = DIRECTION('',(0.,1.,0.));
#1616 = DIRECTION('',(1.,0.,0.));
#1617 = ADVANCED_FACE('',(#1618),#1629,.F.);
#1618 = FACE_BOUND('',#1619,.F.);
#1619 = EDGE_LOOP('',(#1620,#1621,#1622,#1628));
#1620 = ORIENTED_EDGE('',*,*,#901,.F.);
#1621 = ORIENTED_EDGE('',*,*,#1237,.F.);
#1622 = ORIENTED_EDGE('',*,*,#1623,.T.);
#1623 = EDGE_CURVE('',#1238,#1598,#1624,.T.);
#1624 = LINE('',#1625,#1626);
#1625 = CARTESIAN_POINT('',(70.45,-0.1,1.5));
#1626 = VECTOR('',#1627,1.);
#1627 = DIRECTION('',(0.,1.,0.));
#1628 = ORIENTED_EDGE('',*,*,#1605,.F.);
#1629 = PLANE('',#1630);
#1630 = AXIS2_PLACEMENT_3D('',#1631,#1632,#1633);
#1631 = CARTESIAN_POINT('',(70.45,-0.1,1.5));
#1632 = DIRECTION('',(1.,0.,0.));
#1633 = DIRECTION('',(0.,0.,1.));
#1634 = ADVANCED_FACE('',(#1635),#1653,.T.);
#1635 = FACE_BOUND('',#1636,.T.);
#1636 = EDGE_LOOP('',(#1637,#1638,#1639,#1647));
#1637 = ORIENTED_EDGE('',*,*,#917,.F.);
#1638 = ORIENTED_EDGE('',*,*,#1230,.F.);
#1639 = ORIENTED_EDGE('',*,*,#1640,.T.);
#1640 = EDGE_CURVE('',#1223,#1641,#1643,.T.);
#1641 = VERTEX_POINT('',#1642);
#1642 = CARTESIAN_POINT('',(59.55,1.,1.5));
#1643 = LINE('',#1644,#1645);
#1644 = CARTESIAN_POINT('',(59.55,-0.1,1.5));
#1645 = VECTOR('',#1646,1.);
#1646 = DIRECTION('',(0.,1.,0.));
#1647 = ORIENTED_EDGE('',*,*,#1648,.F.);
#1648 = EDGE_CURVE('',#918,#1641,#1649,.T.);
#1649 = LINE('',#1650,#1651);
#1650 = CARTESIAN_POINT('',(59.55,1.,1.5));
#1651 = VECTOR('',#1652,1.);
#1652 = DIRECTION('',(0.,0.,-1.));
#1653 = PLANE('',#1654);
#1654 = AXIS2_PLACEMENT_3D('',#1655,#1656,#1657);
#1655 = CARTESIAN_POINT('',(59.55,-0.1,1.5));
#1656 = DIRECTION('',(1.,0.,0.));
#1657 = DIRECTION('',(0.,0.,1.));
#1658 = ADVANCED_FACE('',(#1659),#1687,.F.);
#1659 = FACE_BOUND('',#1660,.F.);
#1660 = EDGE_LOOP('',(#1661,#1670,#1676,#1677,#1678,#1679,#1685,#1686));
#1661 = ORIENTED_EDGE('',*,*,#1662,.F.);
#1662 = EDGE_CURVE('',#1663,#1663,#1665,.T.);
#1663 = VERTEX_POINT('',#1664);
#1664 = CARTESIAN_POINT('',(40.4,3.3,4.5));
#1665 = CIRCLE('',#1666,2.3);
#1666 = AXIS2_PLACEMENT_3D('',#1667,#1668,#1669);
#1667 = CARTESIAN_POINT('',(38.1,3.3,4.5));
#1668 = DIRECTION('',(0.,0.,1.));
#1669 = DIRECTION('',(1.,0.,0.));
#1670 = ORIENTED_EDGE('',*,*,#1671,.F.);
#1671 = EDGE_CURVE('',#982,#1663,#1672,.T.);
#1672 = LINE('',#1673,#1674);
#1673 = CARTESIAN_POINT('',(40.4,3.3,3.8));
#1674 = VECTOR('',#1675,1.);
#1675 = DIRECTION('',(0.,0.,1.));
#1676 = ORIENTED_EDGE('',*,*,#990,.T.);
#1677 = ORIENTED_EDGE('',*,*,#1316,.T.);
#1678 = ORIENTED_EDGE('',*,*,#1293,.T.);
#1679 = ORIENTED_EDGE('',*,*,#1680,.F.);
#1680 = EDGE_CURVE('',#974,#1286,#1681,.T.);
#1681 = LINE('',#1682,#1683);
#1682 = CARTESIAN_POINT('',(38.77082039325,1.1,3.8));
#1683 = VECTOR('',#1684,1.);
#1684 = DIRECTION('',(0.,0.,1.));
#1685 = ORIENTED_EDGE('',*,*,#981,.T.);
#1686 = ORIENTED_EDGE('',*,*,#1671,.T.);
#1687 = CYLINDRICAL_SURFACE('',#1688,2.3);
#1688 = AXIS2_PLACEMENT_3D('',#1689,#1690,#1691);
#1689 = CARTESIAN_POINT('',(38.1,3.3,3.8));
#1690 = DIRECTION('',(0.,0.,1.));
#1691 = DIRECTION('',(1.,0.,0.));
#1692 = ADVANCED_FACE('',(#1693),#1734,.T.);
#1693 = FACE_BOUND('',#1694,.T.);
#1694 = EDGE_LOOP('',(#1695,#1703,#1709,#1710,#1718,#1726,#1732,#1733));
#1695 = ORIENTED_EDGE('',*,*,#1696,.F.);
#1696 = EDGE_CURVE('',#1697,#1641,#1699,.T.);
#1697 = VERTEX_POINT('',#1698);
#1698 = CARTESIAN_POINT('',(41.3,1.,1.5));
#1699 = LINE('',#1700,#1701);
#1700 = CARTESIAN_POINT('',(1.,1.,1.5));
#1701 = VECTOR('',#1702,1.);
#1702 = DIRECTION('',(1.,0.,0.));
#1703 = ORIENTED_EDGE('',*,*,#1704,.F.);
#1704 = EDGE_CURVE('',#958,#1697,#1705,.T.);
#1705 = LINE('',#1706,#1707);
#1706 = CARTESIAN_POINT('',(41.3,1.,1.5));
#1707 = VECTOR('',#1708,1.);
#1708 = DIRECTION('',(0.,0.,-1.));
#1709 = ORIENTED_EDGE('',*,*,#957,.T.);
#1710 = ORIENTED_EDGE('',*,*,#1711,.T.);
#1711 = EDGE_CURVE('',#950,#1712,#1714,.T.);
#1712 = VERTEX_POINT('',#1713);
#1713 = CARTESIAN_POINT('',(42.6,1.,3.6));
#1714 = LINE('',#1715,#1716);
#1715 = CARTESIAN_POINT('',(42.6,1.,2.55));
#1716 = VECTOR('',#1717,1.);
#1717 = DIRECTION('',(0.,0.,-1.));
#1718 = ORIENTED_EDGE('',*,*,#1719,.T.);
#1719 = EDGE_CURVE('',#1712,#1720,#1722,.T.);
#1720 = VERTEX_POINT('',#1721);
#1721 = CARTESIAN_POINT('',(43.4,1.,3.6));
#1722 = LINE('',#1723,#1724);
#1723 = CARTESIAN_POINT('',(21.8,1.,3.6));
#1724 = VECTOR('',#1725,1.);
#1725 = DIRECTION('',(1.,0.,0.));
#1726 = ORIENTED_EDGE('',*,*,#1727,.F.);
#1727 = EDGE_CURVE('',#926,#1720,#1728,.T.);
#1728 = LINE('',#1729,#1730);
#1729 = CARTESIAN_POINT('',(43.4,1.,2.55));
#1730 = VECTOR('',#1731,1.);
#1731 = DIRECTION('',(0.,0.,-1.));
#1732 = ORIENTED_EDGE('',*,*,#925,.T.);
#1733 = ORIENTED_EDGE('',*,*,#1648,.T.);
#1734 = PLANE('',#1735);
#1735 = AXIS2_PLACEMENT_3D('',#1736,#1737,#1738);
#1736 = CARTESIAN_POINT('',(1.,1.,1.5));
#1737 = DIRECTION('',(0.,1.,0.));
#1738 = DIRECTION('',(1.,0.,0.));
#1739 = ADVANCED_FACE('',(#1740),#1758,.T.);
#1740 = FACE_BOUND('',#1741,.T.);
#1741 = EDGE_LOOP('',(#1742,#1743,#1744,#1752));
#1742 = ORIENTED_EDGE('',*,*,#933,.F.);
#1743 = ORIENTED_EDGE('',*,*,#1727,.T.);
#1744 = ORIENTED_EDGE('',*,*,#1745,.T.);
#1745 = EDGE_CURVE('',#1720,#1746,#1748,.T.);
#1746 = VERTEX_POINT('',#1747);
#1747 = CARTESIAN_POINT('',(43.4,15.5,3.6));
#1748 = LINE('',#1749,#1750);
#1749 = CARTESIAN_POINT('',(43.4,0.5,3.6));
#1750 = VECTOR('',#1751,1.);
#1751 = DIRECTION('',(0.,1.,0.));
#1752 = ORIENTED_EDGE('',*,*,#1753,.T.);
#1753 = EDGE_CURVE('',#1746,#934,#1754,.T.);
#1754 = LINE('',#1755,#1756);
#1755 = CARTESIAN_POINT('',(43.4,15.5,3.6));
#1756 = VECTOR('',#1757,1.);
#1757 = DIRECTION('',(0.,0.,1.));
#1758 = PLANE('',#1759);
#1759 = AXIS2_PLACEMENT_3D('',#1760,#1761,#1762);
#1760 = CARTESIAN_POINT('',(43.4,0.5,3.6));
#1761 = DIRECTION('',(1.,0.,0.));
#1762 = DIRECTION('',(0.,0.,1.));
#1763 = ADVANCED_FACE('',(#1764),#1775,.F.);
#1764 = FACE_BOUND('',#1765,.F.);
#1765 = EDGE_LOOP('',(#1766,#1772,#1773,#1774));
#1766 = ORIENTED_EDGE('',*,*,#1767,.F.);
#1767 = EDGE_CURVE('',#966,#1278,#1768,.T.);
#1768 = LINE('',#1769,#1770);
#1769 = CARTESIAN_POINT('',(41.3,1.1,1.5));
#1770 = VECTOR('',#1771,1.);
#1771 = DIRECTION('',(0.,0.,1.));
#1772 = ORIENTED_EDGE('',*,*,#973,.F.);
#1773 = ORIENTED_EDGE('',*,*,#1680,.T.);
#1774 = ORIENTED_EDGE('',*,*,#1285,.T.);
#1775 = PLANE('',#1776);
#1776 = AXIS2_PLACEMENT_3D('',#1777,#1778,#1779);
#1777 = CARTESIAN_POINT('',(35.,1.1,1.5));
#1778 = DIRECTION('',(0.,1.,0.));
#1779 = DIRECTION('',(0.,0.,1.));
#1780 = ADVANCED_FACE('',(#1781),#1799,.T.);
#1781 = FACE_BOUND('',#1782,.T.);
#1782 = EDGE_LOOP('',(#1783,#1791,#1797,#1798));
#1783 = ORIENTED_EDGE('',*,*,#1784,.F.);
#1784 = EDGE_CURVE('',#1785,#1746,#1787,.T.);
#1785 = VERTEX_POINT('',#1786);
#1786 = CARTESIAN_POINT('',(42.6,15.5,3.6));
#1787 = LINE('',#1788,#1789);
#1788 = CARTESIAN_POINT('',(42.6,15.5,3.6));
#1789 = VECTOR('',#1790,1.);
#1790 = DIRECTION('',(1.,0.,0.));
#1791 = ORIENTED_EDGE('',*,*,#1792,.T.);
#1792 = EDGE_CURVE('',#1785,#942,#1793,.T.);
#1793 = LINE('',#1794,#1795);
#1794 = CARTESIAN_POINT('',(42.6,15.5,3.6));
#1795 = VECTOR('',#1796,1.);
#1796 = DIRECTION('',(0.,0.,1.));
#1797 = ORIENTED_EDGE('',*,*,#941,.T.);
#1798 = ORIENTED_EDGE('',*,*,#1753,.F.);
#1799 = PLANE('',#1800);
#1800 = AXIS2_PLACEMENT_3D('',#1801,#1802,#1803);
#1801 = CARTESIAN_POINT('',(42.6,15.5,3.6));
#1802 = DIRECTION('',(0.,1.,0.));
#1803 = DIRECTION('',(0.,0.,1.));
#1804 = ADVANCED_FACE('',(#1805),#1818,.F.);
#1805 = FACE_BOUND('',#1806,.F.);
#1806 = EDGE_LOOP('',(#1807,#1808,#1809,#1815,#1816,#1817));
#1807 = ORIENTED_EDGE('',*,*,#1277,.F.);
#1808 = ORIENTED_EDGE('',*,*,#1214,.F.);
#1809 = ORIENTED_EDGE('',*,*,#1810,.T.);
#1810 = EDGE_CURVE('',#1215,#1697,#1811,.T.);
#1811 = LINE('',#1812,#1813);
#1812 = CARTESIAN_POINT('',(41.3,-0.1,1.5));
#1813 = VECTOR('',#1814,1.);
#1814 = DIRECTION('',(0.,1.,0.));
#1815 = ORIENTED_EDGE('',*,*,#1704,.F.);
#1816 = ORIENTED_EDGE('',*,*,#965,.F.);
#1817 = ORIENTED_EDGE('',*,*,#1767,.T.);
#1818 = PLANE('',#1819);
#1819 = AXIS2_PLACEMENT_3D('',#1820,#1821,#1822);
#1820 = CARTESIAN_POINT('',(41.3,-0.1,1.5));
#1821 = DIRECTION('',(1.,0.,0.));
#1822 = DIRECTION('',(0.,0.,1.));
#1823 = ADVANCED_FACE('',(#1824),#1835,.F.);
#1824 = FACE_BOUND('',#1825,.F.);
#1825 = EDGE_LOOP('',(#1826,#1827,#1828,#1834));
#1826 = ORIENTED_EDGE('',*,*,#949,.F.);
#1827 = ORIENTED_EDGE('',*,*,#1711,.T.);
#1828 = ORIENTED_EDGE('',*,*,#1829,.T.);
#1829 = EDGE_CURVE('',#1712,#1785,#1830,.T.);
#1830 = LINE('',#1831,#1832);
#1831 = CARTESIAN_POINT('',(42.6,0.5,3.6));
#1832 = VECTOR('',#1833,1.);
#1833 = DIRECTION('',(0.,1.,0.));
#1834 = ORIENTED_EDGE('',*,*,#1792,.T.);
#1835 = PLANE('',#1836);
#1836 = AXIS2_PLACEMENT_3D('',#1837,#1838,#1839);
#1837 = CARTESIAN_POINT('',(42.6,0.5,3.6));
#1838 = DIRECTION('',(1.,0.,0.));
#1839 = DIRECTION('',(0.,0.,1.));
#1840 = ADVANCED_FACE('',(#1841),#1860,.F.);
#1841 = FACE_BOUND('',#1842,.F.);
#1842 = EDGE_LOOP('',(#1843,#1852,#1858,#1859));
#1843 = ORIENTED_EDGE('',*,*,#1844,.F.);
#1844 = EDGE_CURVE('',#1845,#1845,#1847,.T.);
#1845 = VERTEX_POINT('',#1846);
#1846 = CARTESIAN_POINT('',(48.6,8.8,4.5));
#1847 = CIRCLE('',#1848,2.3);
#1848 = AXIS2_PLACEMENT_3D('',#1849,#1850,#1851);
#1849 = CARTESIAN_POINT('',(46.3,8.8,4.5));
#1850 = DIRECTION('',(0.,0.,1.));
#1851 = DIRECTION('',(1.,0.,0.));
#1852 = ORIENTED_EDGE('',*,*,#1853,.F.);
#1853 = EDGE_CURVE('',#1048,#1845,#1854,.T.);
#1854 = LINE('',#1855,#1856);
#1855 = CARTESIAN_POINT('',(48.6,8.8,3.8));
#1856 = VECTOR('',#1857,1.);
#1857 = DIRECTION('',(0.,0.,1.));
#1858 = ORIENTED_EDGE('',*,*,#1047,.T.);
#1859 = ORIENTED_EDGE('',*,*,#1853,.T.);
#1860 = CYLINDRICAL_SURFACE('',#1861,2.3);
#1861 = AXIS2_PLACEMENT_3D('',#1862,#1863,#1864);
#1862 = CARTESIAN_POINT('',(46.3,8.8,3.8));
#1863 = DIRECTION('',(0.,0.,1.));
#1864 = DIRECTION('',(1.,0.,0.));
#1865 = ADVANCED_FACE('',(#1866),#1891,.F.);
#1866 = FACE_BOUND('',#1867,.F.);
#1867 = EDGE_LOOP('',(#1868,#1878,#1884,#1885));
#1868 = ORIENTED_EDGE('',*,*,#1869,.F.);
#1869 = EDGE_CURVE('',#1870,#1872,#1874,.T.);
#1870 = VERTEX_POINT('',#1871);
#1871 = CARTESIAN_POINT('',(41.,16.4,3.6));
#1872 = VERTEX_POINT('',#1873);
#1873 = CARTESIAN_POINT('',(47.,16.4,3.6));
#1874 = LINE('',#1875,#1876);
#1875 = CARTESIAN_POINT('',(41.,16.4,3.6));
#1876 = VECTOR('',#1877,1.);
#1877 = DIRECTION('',(1.,0.,0.));
#1878 = ORIENTED_EDGE('',*,*,#1879,.T.);
#1879 = EDGE_CURVE('',#1870,#1059,#1880,.T.);
#1880 = LINE('',#1881,#1882);
#1881 = CARTESIAN_POINT('',(41.,16.4,3.6));
#1882 = VECTOR('',#1883,1.);
#1883 = DIRECTION('',(0.,0.,1.));
#1884 = ORIENTED_EDGE('',*,*,#1058,.T.);
#1885 = ORIENTED_EDGE('',*,*,#1886,.F.);
#1886 = EDGE_CURVE('',#1872,#1061,#1887,.T.);
#1887 = LINE('',#1888,#1889);
#1888 = CARTESIAN_POINT('',(47.,16.4,3.6));
#1889 = VECTOR('',#1890,1.);
#1890 = DIRECTION('',(0.,0.,1.));
#1891 = PLANE('',#1892);
#1892 = AXIS2_PLACEMENT_3D('',#1893,#1894,#1895);
#1893 = CARTESIAN_POINT('',(41.,16.4,3.6));
#1894 = DIRECTION('',(0.,1.,0.));
#1895 = DIRECTION('',(0.,0.,1.));
#1896 = ADVANCED_FACE('',(#1897),#1915,.F.);
#1897 = FACE_BOUND('',#1898,.F.);
#1898 = EDGE_LOOP('',(#1899,#1900,#1908,#1914));
#1899 = ORIENTED_EDGE('',*,*,#1879,.F.);
#1900 = ORIENTED_EDGE('',*,*,#1901,.T.);
#1901 = EDGE_CURVE('',#1870,#1902,#1904,.T.);
#1902 = VERTEX_POINT('',#1903);
#1903 = CARTESIAN_POINT('',(41.,17.2,3.6));
#1904 = LINE('',#1905,#1906);
#1905 = CARTESIAN_POINT('',(41.,16.4,3.6));
#1906 = VECTOR('',#1907,1.);
#1907 = DIRECTION('',(0.,1.,0.));
#1908 = ORIENTED_EDGE('',*,*,#1909,.T.);
#1909 = EDGE_CURVE('',#1902,#1077,#1910,.T.);
#1910 = LINE('',#1911,#1912);
#1911 = CARTESIAN_POINT('',(41.,17.2,3.6));
#1912 = VECTOR('',#1913,1.);
#1913 = DIRECTION('',(0.,0.,1.));
#1914 = ORIENTED_EDGE('',*,*,#1084,.F.);
#1915 = PLANE('',#1916);
#1916 = AXIS2_PLACEMENT_3D('',#1917,#1918,#1919);
#1917 = CARTESIAN_POINT('',(41.,16.4,3.6));
#1918 = DIRECTION('',(1.,0.,0.));
#1919 = DIRECTION('',(0.,0.,1.));
#1920 = ADVANCED_FACE('',(#1921),#1939,.T.);
#1921 = FACE_BOUND('',#1922,.T.);
#1922 = EDGE_LOOP('',(#1923,#1924,#1932,#1938));
#1923 = ORIENTED_EDGE('',*,*,#1886,.F.);
#1924 = ORIENTED_EDGE('',*,*,#1925,.T.);
#1925 = EDGE_CURVE('',#1872,#1926,#1928,.T.);
#1926 = VERTEX_POINT('',#1927);
#1927 = CARTESIAN_POINT('',(47.,17.2,3.6));
#1928 = LINE('',#1929,#1930);
#1929 = CARTESIAN_POINT('',(47.,16.4,3.6));
#1930 = VECTOR('',#1931,1.);
#1931 = DIRECTION('',(0.,1.,0.));
#1932 = ORIENTED_EDGE('',*,*,#1933,.T.);
#1933 = EDGE_CURVE('',#1926,#1069,#1934,.T.);
#1934 = LINE('',#1935,#1936);
#1935 = CARTESIAN_POINT('',(47.,17.2,3.6));
#1936 = VECTOR('',#1937,1.);
#1937 = DIRECTION('',(0.,0.,1.));
#1938 = ORIENTED_EDGE('',*,*,#1068,.F.);
#1939 = PLANE('',#1940);
#1940 = AXIS2_PLACEMENT_3D('',#1941,#1942,#1943);
#1941 = CARTESIAN_POINT('',(47.,16.4,3.6));
#1942 = DIRECTION('',(1.,0.,0.));
#1943 = DIRECTION('',(0.,0.,1.));
#1944 = ADVANCED_FACE('',(#1945),#1956,.T.);
#1945 = FACE_BOUND('',#1946,.T.);
#1946 = EDGE_LOOP('',(#1947,#1953,#1954,#1955));
#1947 = ORIENTED_EDGE('',*,*,#1948,.F.);
#1948 = EDGE_CURVE('',#1902,#1926,#1949,.T.);
#1949 = LINE('',#1950,#1951);
#1950 = CARTESIAN_POINT('',(41.,17.2,3.6));
#1951 = VECTOR('',#1952,1.);
#1952 = DIRECTION('',(1.,0.,0.));
#1953 = ORIENTED_EDGE('',*,*,#1909,.T.);
#1954 = ORIENTED_EDGE('',*,*,#1076,.T.);
#1955 = ORIENTED_EDGE('',*,*,#1933,.F.);
#1956 = PLANE('',#1957);
#1957 = AXIS2_PLACEMENT_3D('',#1958,#1959,#1960);
#1958 = CARTESIAN_POINT('',(41.,17.2,3.6));
#1959 = DIRECTION('',(0.,1.,0.));
#1960 = DIRECTION('',(0.,0.,1.));
#1961 = ADVANCED_FACE('',(#1962),#1981,.F.);
#1962 = FACE_BOUND('',#1963,.F.);
#1963 = EDGE_LOOP('',(#1964,#1973,#1979,#1980));
#1964 = ORIENTED_EDGE('',*,*,#1965,.F.);
#1965 = EDGE_CURVE('',#1966,#1966,#1968,.T.);
#1966 = VERTEX_POINT('',#1967);
#1967 = CARTESIAN_POINT('',(40.4,15.1,4.5));
#1968 = CIRCLE('',#1969,2.3);
#1969 = AXIS2_PLACEMENT_3D('',#1970,#1971,#1972);
#1970 = CARTESIAN_POINT('',(38.1,15.1,4.5));
#1971 = DIRECTION('',(0.,0.,1.));
#1972 = DIRECTION('',(1.,0.,0.));
#1973 = ORIENTED_EDGE('',*,*,#1974,.F.);
#1974 = EDGE_CURVE('',#1093,#1966,#1975,.T.);
#1975 = LINE('',#1976,#1977);
#1976 = CARTESIAN_POINT('',(40.4,15.1,3.8));
#1977 = VECTOR('',#1978,1.);
#1978 = DIRECTION('',(0.,0.,1.));
#1979 = ORIENTED_EDGE('',*,*,#1092,.T.);
#1980 = ORIENTED_EDGE('',*,*,#1974,.T.);
#1981 = CYLINDRICAL_SURFACE('',#1982,2.3);
#1982 = AXIS2_PLACEMENT_3D('',#1983,#1984,#1985);
#1983 = CARTESIAN_POINT('',(38.1,15.1,3.8));
#1984 = DIRECTION('',(0.,0.,1.));
#1985 = DIRECTION('',(1.,0.,0.));
#1986 = ADVANCED_FACE('',(#1987),#2012,.F.);
#1987 = FACE_BOUND('',#1988,.F.);
#1988 = EDGE_LOOP('',(#1989,#1999,#2005,#2006));
#1989 = ORIENTED_EDGE('',*,*,#1990,.F.);
#1990 = EDGE_CURVE('',#1991,#1993,#1995,.T.);
#1991 = VERTEX_POINT('',#1992);
#1992 = CARTESIAN_POINT('',(1.,7.1,3.6));
#1993 = VERTEX_POINT('',#1994);
#1994 = CARTESIAN_POINT('',(33.,7.1,3.6));
#1995 = LINE('',#1996,#1997);
#1996 = CARTESIAN_POINT('',(1.,7.1,3.6));
#1997 = VECTOR('',#1998,1.);
#1998 = DIRECTION('',(1.,0.,0.));
#1999 = ORIENTED_EDGE('',*,*,#2000,.T.);
#2000 = EDGE_CURVE('',#1991,#1104,#2001,.T.);
#2001 = LINE('',#2002,#2003);
#2002 = CARTESIAN_POINT('',(1.,7.1,3.6));
#2003 = VECTOR('',#2004,1.);
#2004 = DIRECTION('',(0.,0.,1.));
#2005 = ORIENTED_EDGE('',*,*,#1103,.T.);
#2006 = ORIENTED_EDGE('',*,*,#2007,.F.);
#2007 = EDGE_CURVE('',#1993,#1106,#2008,.T.);
#2008 = LINE('',#2009,#2010);
#2009 = CARTESIAN_POINT('',(33.,7.1,3.6));
#2010 = VECTOR('',#2011,1.);
#2011 = DIRECTION('',(0.,0.,1.));
#2012 = PLANE('',#2013);
#2013 = AXIS2_PLACEMENT_3D('',#2014,#2015,#2016);
#2014 = CARTESIAN_POINT('',(1.,7.1,3.6));
#2015 = DIRECTION('',(0.,1.,0.));
#2016 = DIRECTION('',(0.,0.,1.));
#2017 = ADVANCED_FACE('',(#2018),#2036,.F.);
#2018 = FACE_BOUND('',#2019,.F.);
#2019 = EDGE_LOOP('',(#2020,#2021,#2029,#2035));
#2020 = ORIENTED_EDGE('',*,*,#2000,.F.);
#2021 = ORIENTED_EDGE('',*,*,#2022,.T.);
#2022 = EDGE_CURVE('',#1991,#2023,#2025,.T.);
#2023 = VERTEX_POINT('',#2024);
#2024 = CARTESIAN_POINT('',(1.,7.9,3.6));
#2025 = LINE('',#2026,#2027);
#2026 = CARTESIAN_POINT('',(1.,7.1,3.6));
#2027 = VECTOR('',#2028,1.);
#2028 = DIRECTION('',(0.,1.,0.));
#2029 = ORIENTED_EDGE('',*,*,#2030,.T.);
#2030 = EDGE_CURVE('',#2023,#1122,#2031,.T.);
#2031 = LINE('',#2032,#2033);
#2032 = CARTESIAN_POINT('',(1.,7.9,3.6));
#2033 = VECTOR('',#2034,1.);
#2034 = DIRECTION('',(0.,0.,1.));
#2035 = ORIENTED_EDGE('',*,*,#1129,.F.);
#2036 = PLANE('',#2037);
#2037 = AXIS2_PLACEMENT_3D('',#2038,#2039,#2040);
#2038 = CARTESIAN_POINT('',(1.,7.1,3.6));
#2039 = DIRECTION('',(1.,0.,0.));
#2040 = DIRECTION('',(0.,0.,1.));
#2041 = ADVANCED_FACE('',(#2042),#2060,.T.);
#2042 = FACE_BOUND('',#2043,.T.);
#2043 = EDGE_LOOP('',(#2044,#2045,#2053,#2059));
#2044 = ORIENTED_EDGE('',*,*,#2007,.F.);
#2045 = ORIENTED_EDGE('',*,*,#2046,.T.);
#2046 = EDGE_CURVE('',#1993,#2047,#2049,.T.);
#2047 = VERTEX_POINT('',#2048);
#2048 = CARTESIAN_POINT('',(33.,7.9,3.6));
#2049 = LINE('',#2050,#2051);
#2050 = CARTESIAN_POINT('',(33.,7.1,3.6));
#2051 = VECTOR('',#2052,1.);
#2052 = DIRECTION('',(0.,1.,0.));
#2053 = ORIENTED_EDGE('',*,*,#2054,.T.);
#2054 = EDGE_CURVE('',#2047,#1114,#2055,.T.);
#2055 = LINE('',#2056,#2057);
#2056 = CARTESIAN_POINT('',(33.,7.9,3.6));
#2057 = VECTOR('',#2058,1.);
#2058 = DIRECTION('',(0.,0.,1.));
#2059 = ORIENTED_EDGE('',*,*,#1113,.F.);
#2060 = PLANE('',#2061);
#2061 = AXIS2_PLACEMENT_3D('',#2062,#2063,#2064);
#2062 = CARTESIAN_POINT('',(33.,7.1,3.6));
#2063 = DIRECTION('',(1.,0.,0.));
#2064 = DIRECTION('',(0.,0.,1.));
#2065 = ADVANCED_FACE('',(#2066),#2077,.T.);
#2066 = FACE_BOUND('',#2067,.T.);
#2067 = EDGE_LOOP('',(#2068,#2074,#2075,#2076));
#2068 = ORIENTED_EDGE('',*,*,#2069,.F.);
#2069 = EDGE_CURVE('',#2023,#2047,#2070,.T.);
#2070 = LINE('',#2071,#2072);
#2071 = CARTESIAN_POINT('',(1.,7.9,3.6));
#2072 = VECTOR('',#2073,1.);
#2073 = DIRECTION('',(1.,0.,0.));
#2074 = ORIENTED_EDGE('',*,*,#2030,.T.);
#2075 = ORIENTED_EDGE('',*,*,#1121,.T.);
#2076 = ORIENTED_EDGE('',*,*,#2054,.F.);
#2077 = PLANE('',#2078);
#2078 = AXIS2_PLACEMENT_3D('',#2079,#2080,#2081);
#2079 = CARTESIAN_POINT('',(1.,7.9,3.6));
#2080 = DIRECTION('',(0.,1.,0.));
#2081 = DIRECTION('',(0.,0.,1.));
#2082 = ADVANCED_FACE('',(#2083),#2108,.F.);
#2083 = FACE_BOUND('',#2084,.F.);
#2084 = EDGE_LOOP('',(#2085,#2093,#2101,#2107));
#2085 = ORIENTED_EDGE('',*,*,#2086,.F.);
#2086 = EDGE_CURVE('',#2087,#1138,#2089,.T.);
#2087 = VERTEX_POINT('',#2088);
#2088 = CARTESIAN_POINT('',(2.,18.3,3.9));
#2089 = LINE('',#2090,#2091);
#2090 = CARTESIAN_POINT('',(2.,18.3,3.9));
#2091 = VECTOR('',#2092,1.);
#2092 = DIRECTION('',(0.,0.,1.));
#2093 = ORIENTED_EDGE('',*,*,#2094,.T.);
#2094 = EDGE_CURVE('',#2087,#2095,#2097,.T.);
#2095 = VERTEX_POINT('',#2096);
#2096 = CARTESIAN_POINT('',(2.,50.1,3.9));
#2097 = LINE('',#2098,#2099);
#2098 = CARTESIAN_POINT('',(2.,18.3,3.9));
#2099 = VECTOR('',#2100,1.);
#2100 = DIRECTION('',(0.,1.,0.));
#2101 = ORIENTED_EDGE('',*,*,#2102,.T.);
#2102 = EDGE_CURVE('',#2095,#1140,#2103,.T.);
#2103 = LINE('',#2104,#2105);
#2104 = CARTESIAN_POINT('',(2.,50.1,3.9));
#2105 = VECTOR('',#2106,1.);
#2106 = DIRECTION('',(0.,0.,1.));
#2107 = ORIENTED_EDGE('',*,*,#1137,.F.);
#2108 = PLANE('',#2109);
#2109 = AXIS2_PLACEMENT_3D('',#2110,#2111,#2112);
#2110 = CARTESIAN_POINT('',(2.,18.3,3.9));
#2111 = DIRECTION('',(1.,0.,0.));
#2112 = DIRECTION('',(0.,0.,1.));
#2113 = ADVANCED_FACE('',(#2114),#2132,.F.);
#2114 = FACE_BOUND('',#2115,.F.);
#2115 = EDGE_LOOP('',(#2116,#2124,#2125,#2126));
#2116 = ORIENTED_EDGE('',*,*,#2117,.F.);
#2117 = EDGE_CURVE('',#2087,#2118,#2120,.T.);
#2118 = VERTEX_POINT('',#2119);
#2119 = CARTESIAN_POINT('',(39.32,18.3,3.9));
#2120 = LINE('',#2121,#2122);
#2121 = CARTESIAN_POINT('',(2.,18.3,3.9));
#2122 = VECTOR('',#2123,1.);
#2123 = DIRECTION('',(1.,0.,0.));
#2124 = ORIENTED_EDGE('',*,*,#2086,.T.);
#2125 = ORIENTED_EDGE('',*,*,#1147,.T.);
#2126 = ORIENTED_EDGE('',*,*,#2127,.F.);
#2127 = EDGE_CURVE('',#2118,#1148,#2128,.T.);
#2128 = LINE('',#2129,#2130);
#2129 = CARTESIAN_POINT('',(39.32,18.3,3.9));
#2130 = VECTOR('',#2131,1.);
#2131 = DIRECTION('',(0.,0.,1.));
#2132 = PLANE('',#2133);
#2133 = AXIS2_PLACEMENT_3D('',#2134,#2135,#2136);
#2134 = CARTESIAN_POINT('',(2.,18.3,3.9));
#2135 = DIRECTION('',(0.,1.,0.));
#2136 = DIRECTION('',(0.,0.,1.));
#2137 = ADVANCED_FACE('',(#2138),#2156,.T.);
#2138 = FACE_BOUND('',#2139,.T.);
#2139 = EDGE_LOOP('',(#2140,#2148,#2149,#2150));
#2140 = ORIENTED_EDGE('',*,*,#2141,.F.);
#2141 = EDGE_CURVE('',#2095,#2142,#2144,.T.);
#2142 = VERTEX_POINT('',#2143);
#2143 = CARTESIAN_POINT('',(39.32,50.1,3.9));
#2144 = LINE('',#2145,#2146);
#2145 = CARTESIAN_POINT('',(2.,50.1,3.9));
#2146 = VECTOR('',#2147,1.);
#2147 = DIRECTION('',(1.,0.,0.));
#2148 = ORIENTED_EDGE('',*,*,#2102,.T.);
#2149 = ORIENTED_EDGE('',*,*,#1163,.T.);
#2150 = ORIENTED_EDGE('',*,*,#2151,.F.);
#2151 = EDGE_CURVE('',#2142,#1156,#2152,.T.);
#2152 = LINE('',#2153,#2154);
#2153 = CARTESIAN_POINT('',(39.32,50.1,3.9));
#2154 = VECTOR('',#2155,1.);
#2155 = DIRECTION('',(0.,0.,1.));
#2156 = PLANE('',#2157);
#2157 = AXIS2_PLACEMENT_3D('',#2158,#2159,#2160);
#2158 = CARTESIAN_POINT('',(2.,50.1,3.9));
#2159 = DIRECTION('',(0.,1.,0.));
#2160 = DIRECTION('',(0.,0.,1.));
#2161 = ADVANCED_FACE('',(#2162),#2173,.T.);
#2162 = FACE_BOUND('',#2163,.T.);
#2163 = EDGE_LOOP('',(#2164,#2165,#2171,#2172));
#2164 = ORIENTED_EDGE('',*,*,#2127,.F.);
#2165 = ORIENTED_EDGE('',*,*,#2166,.T.);
#2166 = EDGE_CURVE('',#2118,#2142,#2167,.T.);
#2167 = LINE('',#2168,#2169);
#2168 = CARTESIAN_POINT('',(39.32,18.3,3.9));
#2169 = VECTOR('',#2170,1.);
#2170 = DIRECTION('',(0.,1.,0.));
#2171 = ORIENTED_EDGE('',*,*,#2151,.T.);
#2172 = ORIENTED_EDGE('',*,*,#1155,.F.);
#2173 = PLANE('',#2174);
#2174 = AXIS2_PLACEMENT_3D('',#2175,#2176,#2177);
#2175 = CARTESIAN_POINT('',(39.32,18.3,3.9));
#2176 = DIRECTION('',(1.,0.,0.));
#2177 = DIRECTION('',(0.,0.,1.));
#2178 = ADVANCED_FACE('',(#2179,#2229,#2232,#2235,#2238),#2272,.T.);
#2179 = FACE_BOUND('',#2180,.T.);
#2180 = EDGE_LOOP('',(#2181,#2182,#2190,#2198,#2206,#2214,#2222,#2228));
#2181 = ORIENTED_EDGE('',*,*,#1261,.T.);
#2182 = ORIENTED_EDGE('',*,*,#2183,.T.);
#2183 = EDGE_CURVE('',#1254,#2184,#2186,.T.);
#2184 = VERTEX_POINT('',#2185);
#2185 = CARTESIAN_POINT('',(84.,11.38,4.5));
#2186 = LINE('',#2187,#2188);
#2187 = CARTESIAN_POINT('',(84.,0.,4.5));
#2188 = VECTOR('',#2189,1.);
#2189 = DIRECTION('',(0.,1.,0.));
#2190 = ORIENTED_EDGE('',*,*,#2191,.T.);
#2191 = EDGE_CURVE('',#2184,#2192,#2194,.T.);
#2192 = VERTEX_POINT('',#2193);
#2193 = CARTESIAN_POINT('',(77.5,11.38,4.5));
#2194 = LINE('',#2195,#2196);
#2195 = CARTESIAN_POINT('',(84.,11.38,4.5));
#2196 = VECTOR('',#2197,1.);
#2197 = DIRECTION('',(-1.,0.,0.));
#2198 = ORIENTED_EDGE('',*,*,#2199,.T.);
#2199 = EDGE_CURVE('',#2192,#2200,#2202,.T.);
#2200 = VERTEX_POINT('',#2201);
#2201 = CARTESIAN_POINT('',(77.5,20.62,4.5));
#2202 = LINE('',#2203,#2204);
#2203 = CARTESIAN_POINT('',(77.5,11.38,4.5));
#2204 = VECTOR('',#2205,1.);
#2205 = DIRECTION('',(0.,1.,0.));
#2206 = ORIENTED_EDGE('',*,*,#2207,.T.);
#2207 = EDGE_CURVE('',#2200,#2208,#2210,.T.);
#2208 = VERTEX_POINT('',#2209);
#2209 = CARTESIAN_POINT('',(84.,20.62,4.5));
#2210 = LINE('',#2211,#2212);
#2211 = CARTESIAN_POINT('',(77.5,20.62,4.5));
#2212 = VECTOR('',#2213,1.);
#2213 = DIRECTION('',(1.,0.,0.));
#2214 = ORIENTED_EDGE('',*,*,#2215,.T.);
#2215 = EDGE_CURVE('',#2208,#2216,#2218,.T.);
#2216 = VERTEX_POINT('',#2217);
#2217 = CARTESIAN_POINT('',(84.,52.,4.5));
#2218 = LINE('',#2219,#2220);
#2219 = CARTESIAN_POINT('',(84.,20.62,4.5));
#2220 = VECTOR('',#2221,1.);
#2221 = DIRECTION('',(0.,1.,0.));
#2222 = ORIENTED_EDGE('',*,*,#2223,.T.);
#2223 = EDGE_CURVE('',#2216,#1503,#2224,.T.);
#2224 = LINE('',#2225,#2226);
#2225 = CARTESIAN_POINT('',(84.,52.,4.5));
#2226 = VECTOR('',#2227,1.);
#2227 = DIRECTION('',(-1.,0.,0.));
#2228 = ORIENTED_EDGE('',*,*,#1519,.T.);
#2229 = FACE_BOUND('',#2230,.T.);
#2230 = EDGE_LOOP('',(#2231));
#2231 = ORIENTED_EDGE('',*,*,#1662,.F.);
#2232 = FACE_BOUND('',#2233,.T.);
#2233 = EDGE_LOOP('',(#2234));
#2234 = ORIENTED_EDGE('',*,*,#1844,.F.);
#2235 = FACE_BOUND('',#2236,.T.);
#2236 = EDGE_LOOP('',(#2237));
#2237 = ORIENTED_EDGE('',*,*,#1965,.F.);
#2238 = FACE_BOUND('',#2239,.T.);
#2239 = EDGE_LOOP('',(#2240,#2250,#2258,#2266));
#2240 = ORIENTED_EDGE('',*,*,#2241,.T.);
#2241 = EDGE_CURVE('',#2242,#2244,#2246,.T.);
#2242 = VERTEX_POINT('',#2243);
#2243 = CARTESIAN_POINT('',(31.8,20.3,4.5));
#2244 = VERTEX_POINT('',#2245);
#2245 = CARTESIAN_POINT('',(4.,20.3,4.5));
#2246 = LINE('',#2247,#2248);
#2247 = CARTESIAN_POINT('',(23.778403508772,20.3,4.5));
#2248 = VECTOR('',#2249,1.);
#2249 = DIRECTION('',(-1.,0.,0.));
#2250 = ORIENTED_EDGE('',*,*,#2251,.T.);
#2251 = EDGE_CURVE('',#2244,#2252,#2254,.T.);
#2252 = VERTEX_POINT('',#2253);
#2253 = CARTESIAN_POINT('',(4.,48.1,4.5));
#2254 = LINE('',#2255,#2256);
#2255 = CARTESIAN_POINT('',(4.,22.921929824561,4.5));
#2256 = VECTOR('',#2257,1.);
#2257 = DIRECTION('',(0.,1.,0.));
#2258 = ORIENTED_EDGE('',*,*,#2259,.F.);
#2259 = EDGE_CURVE('',#2260,#2252,#2262,.T.);
#2260 = VERTEX_POINT('',#2261);
#2261 = CARTESIAN_POINT('',(31.8,48.1,4.5));
#2262 = LINE('',#2263,#2264);
#2263 = CARTESIAN_POINT('',(23.778403508772,48.1,4.5));
#2264 = VECTOR('',#2265,1.);
#2265 = DIRECTION('',(-1.,0.,0.));
#2266 = ORIENTED_EDGE('',*,*,#2267,.F.);
#2267 = EDGE_CURVE('',#2242,#2260,#2268,.T.);
#2268 = LINE('',#2269,#2270);
#2269 = CARTESIAN_POINT('',(31.8,22.921929824561,4.5));
#2270 = VECTOR('',#2271,1.);
#2271 = DIRECTION('',(0.,1.,0.));
#2272 = PLANE('',#2273);
#2273 = AXIS2_PLACEMENT_3D('',#2274,#2275,#2276);
#2274 = CARTESIAN_POINT('',(43.556807017544,25.543859649123,4.5));
#2275 = DIRECTION('',(0.,0.,1.));
#2276 = DIRECTION('',(1.,0.,0.));
#2277 = ADVANCED_FACE('',(#2278),#2303,.T.);
#2278 = FACE_BOUND('',#2279,.T.);
#2279 = EDGE_LOOP('',(#2280,#2281,#2287,#2288,#2296,#2302));
#2280 = ORIENTED_EDGE('',*,*,#1253,.F.);
#2281 = ORIENTED_EDGE('',*,*,#2282,.F.);
#2282 = EDGE_CURVE('',#1544,#1246,#2283,.T.);
#2283 = LINE('',#2284,#2285);
#2284 = CARTESIAN_POINT('',(84.,11.38,1.5));
#2285 = VECTOR('',#2286,1.);
#2286 = DIRECTION('',(0.,-1.,0.));
#2287 = ORIENTED_EDGE('',*,*,#1543,.T.);
#2288 = ORIENTED_EDGE('',*,*,#2289,.F.);
#2289 = EDGE_CURVE('',#2290,#1536,#2292,.T.);
#2290 = VERTEX_POINT('',#2291);
#2291 = CARTESIAN_POINT('',(84.,11.38,4.2));
#2292 = LINE('',#2293,#2294);
#2293 = CARTESIAN_POINT('',(84.,7.905,4.2));
#2294 = VECTOR('',#2295,1.);
#2295 = DIRECTION('',(0.,-1.,0.));
#2296 = ORIENTED_EDGE('',*,*,#2297,.T.);
#2297 = EDGE_CURVE('',#2290,#2184,#2298,.T.);
#2298 = LINE('',#2299,#2300);
#2299 = CARTESIAN_POINT('',(84.,11.38,1.5));
#2300 = VECTOR('',#2301,1.);
#2301 = DIRECTION('',(0.,0.,1.));
#2302 = ORIENTED_EDGE('',*,*,#2183,.F.);
#2303 = PLANE('',#2304);
#2304 = AXIS2_PLACEMENT_3D('',#2305,#2306,#2307);
#2305 = CARTESIAN_POINT('',(84.,5.69,3.));
#2306 = DIRECTION('',(1.,0.,0.));
#2307 = DIRECTION('',(0.,0.,1.));
#2308 = ADVANCED_FACE('',(#2309),#2317,.T.);
#2309 = FACE_BOUND('',#2310,.T.);
#2310 = EDGE_LOOP('',(#2311,#2312,#2313,#2314,#2315,#2316));
#2311 = ORIENTED_EDGE('',*,*,#1551,.T.);
#2312 = ORIENTED_EDGE('',*,*,#2282,.T.);
#2313 = ORIENTED_EDGE('',*,*,#1245,.T.);
#2314 = ORIENTED_EDGE('',*,*,#1623,.T.);
#2315 = ORIENTED_EDGE('',*,*,#1597,.T.);
#2316 = ORIENTED_EDGE('',*,*,#1573,.T.);
#2317 = PLANE('',#2318);
#2318 = AXIS2_PLACEMENT_3D('',#2319,#2320,#2321);
#2319 = CARTESIAN_POINT('',(45.319964912281,27.30701754386,1.5));
#2320 = DIRECTION('',(-0.,-0.,-1.));
#2321 = DIRECTION('',(-1.,0.,0.));
#2322 = ADVANCED_FACE('',(#2323),#2329,.T.);
#2323 = FACE_BOUND('',#2324,.T.);
#2324 = EDGE_LOOP('',(#2325,#2326,#2327,#2328));
#2325 = ORIENTED_EDGE('',*,*,#1640,.F.);
#2326 = ORIENTED_EDGE('',*,*,#1222,.T.);
#2327 = ORIENTED_EDGE('',*,*,#1810,.T.);
#2328 = ORIENTED_EDGE('',*,*,#1696,.T.);
#2329 = PLANE('',#2330);
#2330 = AXIS2_PLACEMENT_3D('',#2331,#2332,#2333);
#2331 = CARTESIAN_POINT('',(45.319964912281,27.30701754386,1.5));
#2332 = DIRECTION('',(-0.,-0.,-1.));
#2333 = DIRECTION('',(-1.,0.,0.));
#2334 = ADVANCED_FACE('',(#2335),#2357,.T.);
#2335 = FACE_BOUND('',#2336,.T.);
#2336 = EDGE_LOOP('',(#2337,#2338,#2339,#2340,#2341,#2349,#2355,#2356));
#2337 = ORIENTED_EDGE('',*,*,#1350,.T.);
#2338 = ORIENTED_EDGE('',*,*,#1388,.T.);
#2339 = ORIENTED_EDGE('',*,*,#1452,.T.);
#2340 = ORIENTED_EDGE('',*,*,#1510,.T.);
#2341 = ORIENTED_EDGE('',*,*,#2342,.T.);
#2342 = EDGE_CURVE('',#1501,#2343,#2345,.T.);
#2343 = VERTEX_POINT('',#2344);
#2344 = CARTESIAN_POINT('',(84.,52.,1.5));
#2345 = LINE('',#2346,#2347);
#2346 = CARTESIAN_POINT('',(0.,52.,1.5));
#2347 = VECTOR('',#2348,1.);
#2348 = DIRECTION('',(1.,0.,0.));
#2349 = ORIENTED_EDGE('',*,*,#2350,.T.);
#2350 = EDGE_CURVE('',#2343,#1430,#2351,.T.);
#2351 = LINE('',#2352,#2353);
#2352 = CARTESIAN_POINT('',(84.,52.,1.5));
#2353 = VECTOR('',#2354,1.);
#2354 = DIRECTION('',(0.,-1.,0.));
#2355 = ORIENTED_EDGE('',*,*,#1437,.F.);
#2356 = ORIENTED_EDGE('',*,*,#1364,.T.);
#2357 = PLANE('',#2358);
#2358 = AXIS2_PLACEMENT_3D('',#2359,#2360,#2361);
#2359 = CARTESIAN_POINT('',(45.319964912281,27.30701754386,1.5));
#2360 = DIRECTION('',(-0.,-0.,-1.));
#2361 = DIRECTION('',(-1.,0.,0.));
#2362 = ADVANCED_FACE('',(#2363),#2388,.T.);
#2363 = FACE_BOUND('',#2364,.T.);
#2364 = EDGE_LOOP('',(#2365,#2373,#2379,#2380,#2381,#2387));
#2365 = ORIENTED_EDGE('',*,*,#2366,.F.);
#2366 = EDGE_CURVE('',#2367,#2208,#2369,.T.);
#2367 = VERTEX_POINT('',#2368);
#2368 = CARTESIAN_POINT('',(84.,20.62,4.2));
#2369 = LINE('',#2370,#2371);
#2370 = CARTESIAN_POINT('',(84.,20.62,4.));
#2371 = VECTOR('',#2372,1.);
#2372 = DIRECTION('',(0.,0.,1.));
#2373 = ORIENTED_EDGE('',*,*,#2374,.F.);
#2374 = EDGE_CURVE('',#1422,#2367,#2375,.T.);
#2375 = LINE('',#2376,#2377);
#2376 = CARTESIAN_POINT('',(84.,23.215,4.2));
#2377 = VECTOR('',#2378,1.);
#2378 = DIRECTION('',(0.,-1.,0.));
#2379 = ORIENTED_EDGE('',*,*,#1429,.F.);
#2380 = ORIENTED_EDGE('',*,*,#2350,.F.);
#2381 = ORIENTED_EDGE('',*,*,#2382,.T.);
#2382 = EDGE_CURVE('',#2343,#2216,#2383,.T.);
#2383 = LINE('',#2384,#2385);
#2384 = CARTESIAN_POINT('',(84.,52.,1.5));
#2385 = VECTOR('',#2386,1.);
#2386 = DIRECTION('',(0.,0.,1.));
#2387 = ORIENTED_EDGE('',*,*,#2215,.F.);
#2388 = PLANE('',#2389);
#2389 = AXIS2_PLACEMENT_3D('',#2390,#2391,#2392);
#2390 = CARTESIAN_POINT('',(84.,36.31,3.));
#2391 = DIRECTION('',(1.,0.,0.));
#2392 = DIRECTION('',(0.,0.,1.));
#2393 = ADVANCED_FACE('',(#2394),#2423,.F.);
#2394 = FACE_BOUND('',#2395,.F.);
#2395 = EDGE_LOOP('',(#2396,#2397,#2398,#2399,#2400,#2408,#2416,#2422));
#2396 = ORIENTED_EDGE('',*,*,#1421,.F.);
#2397 = ORIENTED_EDGE('',*,*,#1486,.F.);
#2398 = ORIENTED_EDGE('',*,*,#1535,.T.);
#2399 = ORIENTED_EDGE('',*,*,#2289,.F.);
#2400 = ORIENTED_EDGE('',*,*,#2401,.F.);
#2401 = EDGE_CURVE('',#2402,#2290,#2404,.T.);
#2402 = VERTEX_POINT('',#2403);
#2403 = CARTESIAN_POINT('',(77.5,11.38,4.2));
#2404 = LINE('',#2405,#2406);
#2405 = CARTESIAN_POINT('',(78.736842105263,11.38,4.2));
#2406 = VECTOR('',#2407,1.);
#2407 = DIRECTION('',(1.,0.,0.));
#2408 = ORIENTED_EDGE('',*,*,#2409,.T.);
#2409 = EDGE_CURVE('',#2402,#2410,#2412,.T.);
#2410 = VERTEX_POINT('',#2411);
#2411 = CARTESIAN_POINT('',(77.5,20.62,4.2));
#2412 = LINE('',#2413,#2414);
#2413 = CARTESIAN_POINT('',(77.5,10.75,4.2));
#2414 = VECTOR('',#2415,1.);
#2415 = DIRECTION('',(0.,1.,0.));
#2416 = ORIENTED_EDGE('',*,*,#2417,.F.);
#2417 = EDGE_CURVE('',#2367,#2410,#2418,.T.);
#2418 = LINE('',#2419,#2420);
#2419 = CARTESIAN_POINT('',(78.736842105263,20.62,4.2));
#2420 = VECTOR('',#2421,1.);
#2421 = DIRECTION('',(-1.,0.,0.));
#2422 = ORIENTED_EDGE('',*,*,#2374,.F.);
#2423 = PLANE('',#2424);
#2424 = AXIS2_PLACEMENT_3D('',#2425,#2426,#2427);
#2425 = CARTESIAN_POINT('',(76.,10.12,4.2));
#2426 = DIRECTION('',(0.,0.,1.));
#2427 = DIRECTION('',(1.,0.,0.));
#2428 = ADVANCED_FACE('',(#2429),#2435,.T.);
#2429 = FACE_BOUND('',#2430,.T.);
#2430 = EDGE_LOOP('',(#2431,#2432,#2433,#2434));
#2431 = ORIENTED_EDGE('',*,*,#2382,.F.);
#2432 = ORIENTED_EDGE('',*,*,#2342,.F.);
#2433 = ORIENTED_EDGE('',*,*,#1500,.T.);
#2434 = ORIENTED_EDGE('',*,*,#2223,.F.);
#2435 = PLANE('',#2436);
#2436 = AXIS2_PLACEMENT_3D('',#2437,#2438,#2439);
#2437 = CARTESIAN_POINT('',(42.,52.,3.));
#2438 = DIRECTION('',(0.,1.,0.));
#2439 = DIRECTION('',(0.,0.,1.));
#2440 = ADVANCED_FACE('',(#2441),#2447,.F.);
#2441 = FACE_BOUND('',#2442,.F.);
#2442 = EDGE_LOOP('',(#2443,#2444,#2445,#2446));
#2443 = ORIENTED_EDGE('',*,*,#1829,.F.);
#2444 = ORIENTED_EDGE('',*,*,#1719,.T.);
#2445 = ORIENTED_EDGE('',*,*,#1745,.T.);
#2446 = ORIENTED_EDGE('',*,*,#1784,.F.);
#2447 = PLANE('',#2448);
#2448 = AXIS2_PLACEMENT_3D('',#2449,#2450,#2451);
#2449 = CARTESIAN_POINT('',(42.6,0.5,3.6));
#2450 = DIRECTION('',(0.,0.,1.));
#2451 = DIRECTION('',(1.,0.,0.));
#2452 = ADVANCED_FACE('',(#2453),#2459,.F.);
#2453 = FACE_BOUND('',#2454,.F.);
#2454 = EDGE_LOOP('',(#2455,#2456,#2457,#2458));
#2455 = ORIENTED_EDGE('',*,*,#1901,.F.);
#2456 = ORIENTED_EDGE('',*,*,#1869,.T.);
#2457 = ORIENTED_EDGE('',*,*,#1925,.T.);
#2458 = ORIENTED_EDGE('',*,*,#1948,.F.);
#2459 = PLANE('',#2460);
#2460 = AXIS2_PLACEMENT_3D('',#2461,#2462,#2463);
#2461 = CARTESIAN_POINT('',(41.,16.4,3.6));
#2462 = DIRECTION('',(0.,0.,1.));
#2463 = DIRECTION('',(1.,0.,0.));
#2464 = ADVANCED_FACE('',(#2465),#2471,.F.);
#2465 = FACE_BOUND('',#2466,.F.);
#2466 = EDGE_LOOP('',(#2467,#2468,#2469,#2470));
#2467 = ORIENTED_EDGE('',*,*,#2022,.F.);
#2468 = ORIENTED_EDGE('',*,*,#1990,.T.);
#2469 = ORIENTED_EDGE('',*,*,#2046,.T.);
#2470 = ORIENTED_EDGE('',*,*,#2069,.F.);
#2471 = PLANE('',#2472);
#2472 = AXIS2_PLACEMENT_3D('',#2473,#2474,#2475);
#2473 = CARTESIAN_POINT('',(1.,7.1,3.6));
#2474 = DIRECTION('',(0.,0.,1.));
#2475 = DIRECTION('',(1.,0.,0.));
#2476 = ADVANCED_FACE('',(#2477,#2483),#2517,.F.);
#2477 = FACE_BOUND('',#2478,.F.);
#2478 = EDGE_LOOP('',(#2479,#2480,#2481,#2482));
#2479 = ORIENTED_EDGE('',*,*,#2094,.F.);
#2480 = ORIENTED_EDGE('',*,*,#2117,.T.);
#2481 = ORIENTED_EDGE('',*,*,#2166,.T.);
#2482 = ORIENTED_EDGE('',*,*,#2141,.F.);
#2483 = FACE_BOUND('',#2484,.F.);
#2484 = EDGE_LOOP('',(#2485,#2495,#2503,#2511));
#2485 = ORIENTED_EDGE('',*,*,#2486,.T.);
#2486 = EDGE_CURVE('',#2487,#2489,#2491,.T.);
#2487 = VERTEX_POINT('',#2488);
#2488 = CARTESIAN_POINT('',(31.8,20.3,3.9));
#2489 = VERTEX_POINT('',#2490);
#2490 = CARTESIAN_POINT('',(4.,20.3,3.9));
#2491 = LINE('',#2492,#2493);
#2492 = CARTESIAN_POINT('',(3.,20.3,3.9));
#2493 = VECTOR('',#2494,1.);
#2494 = DIRECTION('',(-1.,0.,0.));
#2495 = ORIENTED_EDGE('',*,*,#2496,.T.);
#2496 = EDGE_CURVE('',#2489,#2497,#2499,.T.);
#2497 = VERTEX_POINT('',#2498);
#2498 = CARTESIAN_POINT('',(4.,48.1,3.9));
#2499 = LINE('',#2500,#2501);
#2500 = CARTESIAN_POINT('',(4.,19.3,3.9));
#2501 = VECTOR('',#2502,1.);
#2502 = DIRECTION('',(0.,1.,0.));
#2503 = ORIENTED_EDGE('',*,*,#2504,.F.);
#2504 = EDGE_CURVE('',#2505,#2497,#2507,.T.);
#2505 = VERTEX_POINT('',#2506);
#2506 = CARTESIAN_POINT('',(31.8,48.1,3.9));
#2507 = LINE('',#2508,#2509);
#2508 = CARTESIAN_POINT('',(3.,48.1,3.9));
#2509 = VECTOR('',#2510,1.);
#2510 = DIRECTION('',(-1.,0.,0.));
#2511 = ORIENTED_EDGE('',*,*,#2512,.F.);
#2512 = EDGE_CURVE('',#2487,#2505,#2513,.T.);
#2513 = LINE('',#2514,#2515);
#2514 = CARTESIAN_POINT('',(31.8,19.3,3.9));
#2515 = VECTOR('',#2516,1.);
#2516 = DIRECTION('',(0.,1.,0.));
#2517 = PLANE('',#2518);
#2518 = AXIS2_PLACEMENT_3D('',#2519,#2520,#2521);
#2519 = CARTESIAN_POINT('',(2.,18.3,3.9));
#2520 = DIRECTION('',(0.,0.,1.));
#2521 = DIRECTION('',(1.,0.,0.));
#2522 = ADVANCED_FACE('',(#2523),#2534,.T.);
#2523 = FACE_BOUND('',#2524,.T.);
#2524 = EDGE_LOOP('',(#2525,#2526,#2527,#2533));
#2525 = ORIENTED_EDGE('',*,*,#2297,.F.);
#2526 = ORIENTED_EDGE('',*,*,#2401,.F.);
#2527 = ORIENTED_EDGE('',*,*,#2528,.T.);
#2528 = EDGE_CURVE('',#2402,#2192,#2529,.T.);
#2529 = LINE('',#2530,#2531);
#2530 = CARTESIAN_POINT('',(77.5,11.38,4.));
#2531 = VECTOR('',#2532,1.);
#2532 = DIRECTION('',(0.,0.,1.));
#2533 = ORIENTED_EDGE('',*,*,#2191,.F.);
#2534 = PLANE('',#2535);
#2535 = AXIS2_PLACEMENT_3D('',#2536,#2537,#2538);
#2536 = CARTESIAN_POINT('',(81.473684210526,11.38,3.723684210526));
#2537 = DIRECTION('',(0.,1.,0.));
#2538 = DIRECTION('',(0.,0.,1.));
#2539 = ADVANCED_FACE('',(#2540),#2551,.F.);
#2540 = FACE_BOUND('',#2541,.F.);
#2541 = EDGE_LOOP('',(#2542,#2543,#2544,#2545));
#2542 = ORIENTED_EDGE('',*,*,#2409,.F.);
#2543 = ORIENTED_EDGE('',*,*,#2528,.T.);
#2544 = ORIENTED_EDGE('',*,*,#2199,.T.);
#2545 = ORIENTED_EDGE('',*,*,#2546,.F.);
#2546 = EDGE_CURVE('',#2410,#2200,#2547,.T.);
#2547 = LINE('',#2548,#2549);
#2548 = CARTESIAN_POINT('',(77.5,20.62,4.));
#2549 = VECTOR('',#2550,1.);
#2550 = DIRECTION('',(0.,0.,1.));
#2551 = PLANE('',#2552);
#2552 = AXIS2_PLACEMENT_3D('',#2553,#2554,#2555);
#2553 = CARTESIAN_POINT('',(77.5,11.38,4.));
#2554 = DIRECTION('',(-1.,0.,0.));
#2555 = DIRECTION('',(0.,1.,0.));
#2556 = ADVANCED_FACE('',(#2557),#2563,.T.);
#2557 = FACE_BOUND('',#2558,.T.);
#2558 = EDGE_LOOP('',(#2559,#2560,#2561,#2562));
#2559 = ORIENTED_EDGE('',*,*,#2546,.F.);
#2560 = ORIENTED_EDGE('',*,*,#2417,.F.);
#2561 = ORIENTED_EDGE('',*,*,#2366,.T.);
#2562 = ORIENTED_EDGE('',*,*,#2207,.F.);
#2563 = PLANE('',#2564);
#2564 = AXIS2_PLACEMENT_3D('',#2565,#2566,#2567);
#2565 = CARTESIAN_POINT('',(81.473684210526,20.62,3.723684210526));
#2566 = DIRECTION('',(-0.,-1.,-0.));
#2567 = DIRECTION('',(0.,0.,-1.));
#2568 = ADVANCED_FACE('',(#2569),#2585,.T.);
#2569 = FACE_BOUND('',#2570,.T.);
#2570 = EDGE_LOOP('',(#2571,#2577,#2578,#2584));
#2571 = ORIENTED_EDGE('',*,*,#2572,.F.);
#2572 = EDGE_CURVE('',#2487,#2242,#2573,.T.);
#2573 = LINE('',#2574,#2575);
#2574 = CARTESIAN_POINT('',(31.8,20.3,3.7));
#2575 = VECTOR('',#2576,1.);
#2576 = DIRECTION('',(0.,0.,1.));
#2577 = ORIENTED_EDGE('',*,*,#2486,.T.);
#2578 = ORIENTED_EDGE('',*,*,#2579,.T.);
#2579 = EDGE_CURVE('',#2489,#2244,#2580,.T.);
#2580 = LINE('',#2581,#2582);
#2581 = CARTESIAN_POINT('',(4.,20.3,3.7));
#2582 = VECTOR('',#2583,1.);
#2583 = DIRECTION('',(0.,0.,1.));
#2584 = ORIENTED_EDGE('',*,*,#2241,.F.);
#2585 = PLANE('',#2586);
#2586 = AXIS2_PLACEMENT_3D('',#2587,#2588,#2589);
#2587 = CARTESIAN_POINT('',(4.,20.3,3.7));
#2588 = DIRECTION('',(0.,1.,0.));
#2589 = DIRECTION('',(0.,0.,1.));
#2590 = ADVANCED_FACE('',(#2591),#2602,.F.);
#2591 = FACE_BOUND('',#2592,.F.);
#2592 = EDGE_LOOP('',(#2593,#2594,#2595,#2601));
#2593 = ORIENTED_EDGE('',*,*,#2572,.F.);
#2594 = ORIENTED_EDGE('',*,*,#2512,.T.);
#2595 = ORIENTED_EDGE('',*,*,#2596,.T.);
#2596 = EDGE_CURVE('',#2505,#2260,#2597,.T.);
#2597 = LINE('',#2598,#2599);
#2598 = CARTESIAN_POINT('',(31.8,48.1,3.7));
#2599 = VECTOR('',#2600,1.);
#2600 = DIRECTION('',(0.,0.,1.));
#2601 = ORIENTED_EDGE('',*,*,#2267,.F.);
#2602 = PLANE('',#2603);
#2603 = AXIS2_PLACEMENT_3D('',#2604,#2605,#2606);
#2604 = CARTESIAN_POINT('',(31.8,20.3,3.7));
#2605 = DIRECTION('',(1.,0.,0.));
#2606 = DIRECTION('',(0.,0.,1.));
#2607 = ADVANCED_FACE('',(#2608),#2619,.T.);
#2608 = FACE_BOUND('',#2609,.T.);
#2609 = EDGE_LOOP('',(#2610,#2611,#2612,#2618));
#2610 = ORIENTED_EDGE('',*,*,#2579,.F.);
#2611 = ORIENTED_EDGE('',*,*,#2496,.T.);
#2612 = ORIENTED_EDGE('',*,*,#2613,.T.);
#2613 = EDGE_CURVE('',#2497,#2252,#2614,.T.);
#2614 = LINE('',#2615,#2616);
#2615 = CARTESIAN_POINT('',(4.,48.1,3.7));
#2616 = VECTOR('',#2617,1.);
#2617 = DIRECTION('',(0.,0.,1.));
#2618 = ORIENTED_EDGE('',*,*,#2251,.F.);
#2619 = PLANE('',#2620);
#2620 = AXIS2_PLACEMENT_3D('',#2621,#2622,#2623);
#2621 = CARTESIAN_POINT('',(4.,20.3,3.7));
#2622 = DIRECTION('',(1.,0.,0.));
#2623 = DIRECTION('',(0.,0.,1.));
#2624 = ADVANCED_FACE('',(#2625),#2631,.F.);
#2625 = FACE_BOUND('',#2626,.F.);
#2626 = EDGE_LOOP('',(#2627,#2628,#2629,#2630));
#2627 = ORIENTED_EDGE('',*,*,#2596,.F.);
#2628 = ORIENTED_EDGE('',*,*,#2504,.T.);
#2629 = ORIENTED_EDGE('',*,*,#2613,.T.);
#2630 = ORIENTED_EDGE('',*,*,#2259,.F.);
#2631 = PLANE('',#2632);
#2632 = AXIS2_PLACEMENT_3D('',#2633,#2634,#2635);
#2633 = CARTESIAN_POINT('',(4.,48.1,3.7));
#2634 = DIRECTION('',(0.,1.,0.));
#2635 = DIRECTION('',(0.,0.,1.));
#2636 = ( GEOMETRIC_REPRESENTATION_CONTEXT(3) 
GLOBAL_UNCERTAINTY_ASSIGNED_CONTEXT((#2640)) 
GLOBAL_UNIT_ASSIGNED_CONTEXT((#2637,#2638,#2639)) REPRESENTATION_CONTEXT
('Context #1','3D Context with UNIT and UNCERTAINTY') );
#2637 = ( LENGTH_UNIT() NAMED_UNIT(*) SI_UNIT(.MILLI.,.METRE.) );
#2638 = ( NAMED_UNIT(*) PLANE_ANGLE_UNIT() SI_UNIT($,.RADIAN.) );
#2639 = ( NAMED_UNIT(*) SI_UNIT($,.STERADIAN.) SOLID_ANGLE_UNIT() );
#2640 = UNCERTAINTY_MEASURE_WITH_UNIT(LENGTH_MEASURE(2.E-07),#2637,
  'distance_accuracy_value','confusion accuracy');
#2641 = PRODUCT_RELATED_PRODUCT_CATEGORY('part',$,(#7));
ENDSEC;
END-ISO-10303-21;
