ISO-10303-21;
HEADER;
FILE_DESCRIPTION(('FreeCAD Model'),'2;1');
FILE_NAME('Open CASCADE Shape Model','2026-09-24T11:25:15',('FreeCAD'),(
    'FreeCAD'),'Open CASCADE STEP processor 7.8','FreeCAD','Unknown');
FILE_SCHEMA(('AUTOMOTIVE_DESIGN { 1 0 10303 214 1 1 1 1 }'));
ENDSEC;
DATA;
#1 = APPLICATION_PROTOCOL_DEFINITION('international standard',
  'automotive_design',2000,#2);
#2 = APPLICATION_CONTEXT(
  'core data for automotive mechanical design processes');
#3 = SHAPE_DEFINITION_REPRESENTATION(#4,#10);
#4 = PRODUCT_DEFINITION_SHAPE('','',#5);
#5 = PRODUCT_DEFINITION('design','',#6,#9);
#6 = PRODUCT_DEFINITION_FORMATION('','',#7);
#7 = PRODUCT('Open CASCADE STEP translator 7.8 1',
  'Open CASCADE STEP translator 7.8 1','',(#8));
#8 = PRODUCT_CONTEXT('',#2,'mechanical');
#9 = PRODUCT_DEFINITION_CONTEXT('part definition',#2,'design');
#10 = SHAPE_REPRESENTATION('',(#11,#15,#2689),#3740);
#11 = AXIS2_PLACEMENT_3D('',#12,#13,#14);
#12 = CARTESIAN_POINT('',(0.,0.,0.));
#13 = DIRECTION('',(0.,0.,1.));
#14 = DIRECTION('',(1.,0.,-0.));
#15 = MANIFOLD_SOLID_BREP('',#16);
#16 = CLOSED_SHELL('',(#17,#100,#131,#156,#379,#539,#578,#603,#835,#859,
    #877,#902,#920,#999,#1027,#1108,#1132,#1188,#1213,#1237,#1261,#1286,
    #1311,#1328,#1353,#1378,#1403,#1435,#1459,#1483,#1508,#1533,#1557,
    #1581,#1599,#1617,#1642,#1660,#1686,#1704,#1729,#1747,#1773,#1791,
    #1816,#1834,#1860,#1872,#1897,#1915,#1939,#2036,#2057,#2083,#2178,
    #2203,#2229,#2254,#2279,#2305,#2331,#2348,#2366,#2384,#2402,#2426,
    #2444,#2462,#2480,#2498,#2516,#2534,#2546,#2563,#2575,#2592,#2609,
    #2626,#2643,#2660,#2677));
#17 = ADVANCED_FACE('',(#18),#95,.F.);
#18 = FACE_BOUND('',#19,.F.);
#19 = EDGE_LOOP('',(#20,#30,#38,#46,#54,#63,#71,#80,#88));
#20 = ORIENTED_EDGE('',*,*,#21,.T.);
#21 = EDGE_CURVE('',#22,#24,#26,.T.);
#22 = VERTEX_POINT('',#23);
#23 = CARTESIAN_POINT('',(83.4,32.10054,8.E-02));
#24 = VERTEX_POINT('',#25);
#25 = CARTESIAN_POINT('',(83.4,32.10054,5.));
#26 = LINE('',#27,#28);
#27 = CARTESIAN_POINT('',(83.4,32.10054,-1.));
#28 = VECTOR('',#29,1.);
#29 = DIRECTION('',(0.,0.,1.));
#30 = ORIENTED_EDGE('',*,*,#31,.T.);
#31 = EDGE_CURVE('',#24,#32,#34,.T.);
#32 = VERTEX_POINT('',#33);
#33 = CARTESIAN_POINT('',(83.22,32.10054,5.));
#34 = LINE('',#35,#36);
#35 = CARTESIAN_POINT('',(62.55,32.10054,5.));
#36 = VECTOR('',#37,1.);
#37 = DIRECTION('',(-1.,0.,0.));
#38 = ORIENTED_EDGE('',*,*,#39,.T.);
#39 = EDGE_CURVE('',#32,#40,#42,.T.);
#40 = VERTEX_POINT('',#41);
#41 = CARTESIAN_POINT('',(83.22,32.10054,5.8));
#42 = LINE('',#43,#44);
#43 = CARTESIAN_POINT('',(83.22,32.10054,5.));
#44 = VECTOR('',#45,1.);
#45 = DIRECTION('',(0.,0.,1.));
#46 = ORIENTED_EDGE('',*,*,#47,.F.);
#47 = EDGE_CURVE('',#48,#40,#50,.T.);
#48 = VERTEX_POINT('',#49);
#49 = CARTESIAN_POINT('',(84.,32.10054,5.8));
#50 = LINE('',#51,#52);
#51 = CARTESIAN_POINT('',(62.55,32.10054,5.8));
#52 = VECTOR('',#53,1.);
#53 = DIRECTION('',(-1.,0.,0.));
#54 = ORIENTED_EDGE('',*,*,#55,.T.);
#55 = EDGE_CURVE('',#48,#56,#58,.T.);
#56 = VERTEX_POINT('',#57);
#57 = CARTESIAN_POINT('',(84.6,32.10054,5.2));
#58 = CIRCLE('',#59,0.6);
#59 = AXIS2_PLACEMENT_3D('',#60,#61,#62);
#60 = CARTESIAN_POINT('',(84.,32.10054,5.2));
#61 = DIRECTION('',(-0.,1.,0.));
#62 = DIRECTION('',(1.,0.,0.));
#63 = ORIENTED_EDGE('',*,*,#64,.F.);
#64 = EDGE_CURVE('',#65,#56,#67,.T.);
#65 = VERTEX_POINT('',#66);
#66 = CARTESIAN_POINT('',(84.6,32.10054,0.4));
#67 = LINE('',#68,#69);
#68 = CARTESIAN_POINT('',(84.6,32.10054,-0.5));
#69 = VECTOR('',#70,1.);
#70 = DIRECTION('',(0.,0.,1.));
#71 = ORIENTED_EDGE('',*,*,#72,.T.);
#72 = EDGE_CURVE('',#65,#73,#75,.T.);
#73 = VERTEX_POINT('',#74);
#74 = CARTESIAN_POINT('',(84.2,32.10054,-5.551115123126E-17));
#75 = CIRCLE('',#76,0.4);
#76 = AXIS2_PLACEMENT_3D('',#77,#78,#79);
#77 = CARTESIAN_POINT('',(84.2,32.10054,0.4));
#78 = DIRECTION('',(-0.,1.,0.));
#79 = DIRECTION('',(1.,0.,0.));
#80 = ORIENTED_EDGE('',*,*,#81,.F.);
#81 = EDGE_CURVE('',#82,#73,#84,.T.);
#82 = VERTEX_POINT('',#83);
#83 = CARTESIAN_POINT('',(83.48,32.10054,-1.387778780781E-17));
#84 = LINE('',#85,#86);
#85 = CARTESIAN_POINT('',(62.55,32.10054,0.));
#86 = VECTOR('',#87,1.);
#87 = DIRECTION('',(1.,0.,0.));
#88 = ORIENTED_EDGE('',*,*,#89,.F.);
#89 = EDGE_CURVE('',#22,#82,#90,.T.);
#90 = CIRCLE('',#91,8.E-02);
#91 = AXIS2_PLACEMENT_3D('',#92,#93,#94);
#92 = CARTESIAN_POINT('',(83.48,32.10054,8.E-02));
#93 = DIRECTION('',(0.,-1.,0.));
#94 = DIRECTION('',(0.,0.,-1.));
#95 = PLANE('',#96);
#96 = AXIS2_PLACEMENT_3D('',#97,#98,#99);
#97 = CARTESIAN_POINT('',(83.1,32.10054,-1.));
#98 = DIRECTION('',(0.,1.,0.));
#99 = DIRECTION('',(0.,0.,1.));
#100 = ADVANCED_FACE('',(#101),#126,.F.);
#101 = FACE_BOUND('',#102,.F.);
#102 = EDGE_LOOP('',(#103,#104,#112,#120));
#103 = ORIENTED_EDGE('',*,*,#21,.F.);
#104 = ORIENTED_EDGE('',*,*,#105,.F.);
#105 = EDGE_CURVE('',#106,#22,#108,.T.);
#106 = VERTEX_POINT('',#107);
#107 = CARTESIAN_POINT('',(83.4,50.,8.E-02));
#108 = LINE('',#109,#110);
#109 = CARTESIAN_POINT('',(83.4,50.,8.E-02));
#110 = VECTOR('',#111,1.);
#111 = DIRECTION('',(0.,-1.,0.));
#112 = ORIENTED_EDGE('',*,*,#113,.T.);
#113 = EDGE_CURVE('',#106,#114,#116,.T.);
#114 = VERTEX_POINT('',#115);
#115 = CARTESIAN_POINT('',(83.4,50.,5.));
#116 = LINE('',#117,#118);
#117 = CARTESIAN_POINT('',(83.4,50.,-1.));
#118 = VECTOR('',#119,1.);
#119 = DIRECTION('',(0.,0.,1.));
#120 = ORIENTED_EDGE('',*,*,#121,.F.);
#121 = EDGE_CURVE('',#24,#114,#122,.T.);
#122 = LINE('',#123,#124);
#123 = CARTESIAN_POINT('',(83.4,2.,5.));
#124 = VECTOR('',#125,1.);
#125 = DIRECTION('',(0.,1.,0.));
#126 = PLANE('',#127);
#127 = AXIS2_PLACEMENT_3D('',#128,#129,#130);
#128 = CARTESIAN_POINT('',(83.4,2.,-1.));
#129 = DIRECTION('',(1.,0.,0.));
#130 = DIRECTION('',(0.,0.,1.));
#131 = ADVANCED_FACE('',(#132),#151,.T.);
#132 = FACE_BOUND('',#133,.T.);
#133 = EDGE_LOOP('',(#134,#143,#149,#150));
#134 = ORIENTED_EDGE('',*,*,#135,.T.);
#135 = EDGE_CURVE('',#106,#136,#138,.T.);
#136 = VERTEX_POINT('',#137);
#137 = CARTESIAN_POINT('',(83.48,50.,0.));
#138 = CIRCLE('',#139,8.E-02);
#139 = AXIS2_PLACEMENT_3D('',#140,#141,#142);
#140 = CARTESIAN_POINT('',(83.48,50.,8.E-02));
#141 = DIRECTION('',(-9.737094927481E-17,-1.,0.));
#142 = DIRECTION('',(1.,-9.737094927481E-17,0.));
#143 = ORIENTED_EDGE('',*,*,#144,.T.);
#144 = EDGE_CURVE('',#136,#82,#145,.T.);
#145 = LINE('',#146,#147);
#146 = CARTESIAN_POINT('',(83.48,50.,-1.387778780781E-17));
#147 = VECTOR('',#148,1.);
#148 = DIRECTION('',(0.,-1.,0.));
#149 = ORIENTED_EDGE('',*,*,#89,.F.);
#150 = ORIENTED_EDGE('',*,*,#105,.F.);
#151 = CYLINDRICAL_SURFACE('',#152,8.E-02);
#152 = AXIS2_PLACEMENT_3D('',#153,#154,#155);
#153 = CARTESIAN_POINT('',(83.48,50.,8.E-02));
#154 = DIRECTION('',(0.,-1.,0.));
#155 = DIRECTION('',(-1.,0.,0.));
#156 = ADVANCED_FACE('',(#157,#271,#282,#293,#304),#374,.F.);
#157 = FACE_BOUND('',#158,.F.);
#158 = EDGE_LOOP('',(#159,#160,#161,#170,#178,#187,#195,#204,#212,#221,
    #229,#237,#251,#259));
#159 = ORIENTED_EDGE('',*,*,#31,.F.);
#160 = ORIENTED_EDGE('',*,*,#121,.T.);
#161 = ORIENTED_EDGE('',*,*,#162,.T.);
#162 = EDGE_CURVE('',#114,#163,#165,.T.);
#163 = VERTEX_POINT('',#164);
#164 = CARTESIAN_POINT('',(82.,51.4,5.));
#165 = CIRCLE('',#166,1.4);
#166 = AXIS2_PLACEMENT_3D('',#167,#168,#169);
#167 = CARTESIAN_POINT('',(82.,50.,5.));
#168 = DIRECTION('',(0.,0.,1.));
#169 = DIRECTION('',(1.,0.,0.));
#170 = ORIENTED_EDGE('',*,*,#171,.F.);
#171 = EDGE_CURVE('',#172,#163,#174,.T.);
#172 = VERTEX_POINT('',#173);
#173 = CARTESIAN_POINT('',(2.,51.4,5.));
#174 = LINE('',#175,#176);
#175 = CARTESIAN_POINT('',(2.,51.4,5.));
#176 = VECTOR('',#177,1.);
#177 = DIRECTION('',(1.,0.,0.));
#178 = ORIENTED_EDGE('',*,*,#179,.T.);
#179 = EDGE_CURVE('',#172,#180,#182,.T.);
#180 = VERTEX_POINT('',#181);
#181 = CARTESIAN_POINT('',(0.6,50.,5.));
#182 = CIRCLE('',#183,1.4);
#183 = AXIS2_PLACEMENT_3D('',#184,#185,#186);
#184 = CARTESIAN_POINT('',(2.,50.,5.));
#185 = DIRECTION('',(0.,0.,1.));
#186 = DIRECTION('',(1.,0.,0.));
#187 = ORIENTED_EDGE('',*,*,#188,.F.);
#188 = EDGE_CURVE('',#189,#180,#191,.T.);
#189 = VERTEX_POINT('',#190);
#190 = CARTESIAN_POINT('',(0.6,2.,5.));
#191 = LINE('',#192,#193);
#192 = CARTESIAN_POINT('',(0.6,2.,5.));
#193 = VECTOR('',#194,1.);
#194 = DIRECTION('',(0.,1.,0.));
#195 = ORIENTED_EDGE('',*,*,#196,.T.);
#196 = EDGE_CURVE('',#189,#197,#199,.T.);
#197 = VERTEX_POINT('',#198);
#198 = CARTESIAN_POINT('',(2.,0.6,5.));
#199 = CIRCLE('',#200,1.4);
#200 = AXIS2_PLACEMENT_3D('',#201,#202,#203);
#201 = CARTESIAN_POINT('',(2.,2.,5.));
#202 = DIRECTION('',(0.,0.,1.));
#203 = DIRECTION('',(1.,0.,0.));
#204 = ORIENTED_EDGE('',*,*,#205,.T.);
#205 = EDGE_CURVE('',#197,#206,#208,.T.);
#206 = VERTEX_POINT('',#207);
#207 = CARTESIAN_POINT('',(82.,0.6,5.));
#208 = LINE('',#209,#210);
#209 = CARTESIAN_POINT('',(2.,0.6,5.));
#210 = VECTOR('',#211,1.);
#211 = DIRECTION('',(1.,0.,0.));
#212 = ORIENTED_EDGE('',*,*,#213,.T.);
#213 = EDGE_CURVE('',#206,#214,#216,.T.);
#214 = VERTEX_POINT('',#215);
#215 = CARTESIAN_POINT('',(83.4,2.,5.));
#216 = CIRCLE('',#217,1.4);
#217 = AXIS2_PLACEMENT_3D('',#218,#219,#220);
#218 = CARTESIAN_POINT('',(82.,2.,5.));
#219 = DIRECTION('',(0.,0.,1.));
#220 = DIRECTION('',(1.,0.,0.));
#221 = ORIENTED_EDGE('',*,*,#222,.T.);
#222 = EDGE_CURVE('',#214,#223,#225,.T.);
#223 = VERTEX_POINT('',#224);
#224 = CARTESIAN_POINT('',(83.4,19.90054,5.));
#225 = LINE('',#226,#227);
#226 = CARTESIAN_POINT('',(83.4,2.,5.));
#227 = VECTOR('',#228,1.);
#228 = DIRECTION('',(0.,1.,0.));
#229 = ORIENTED_EDGE('',*,*,#230,.T.);
#230 = EDGE_CURVE('',#223,#231,#233,.T.);
#231 = VERTEX_POINT('',#232);
#232 = CARTESIAN_POINT('',(83.22,19.90054,5.));
#233 = LINE('',#234,#235);
#234 = CARTESIAN_POINT('',(62.55,19.90054,5.));
#235 = VECTOR('',#236,1.);
#236 = DIRECTION('',(-1.,0.,0.));
#237 = ORIENTED_EDGE('',*,*,#238,.F.);
#238 = EDGE_CURVE('',#239,#231,#241,.T.);
#239 = VERTEX_POINT('',#240);
#240 = CARTESIAN_POINT('',(82.98,20.02054,5.));
#241 = B_SPLINE_CURVE_WITH_KNOTS('',8,(#242,#243,#244,#245,#246,#247,
    #248,#249,#250),.UNSPECIFIED.,.F.,.F.,(9,9),(0.,1.),
  .PIECEWISE_BEZIER_KNOTS.);
#242 = CARTESIAN_POINT('',(82.98,20.02054,5.));
#243 = CARTESIAN_POINT('',(82.98,19.984454157496,5.));
#244 = CARTESIAN_POINT('',(83.01592088648,19.950648903068,5.));
#245 = CARTESIAN_POINT('',(83.045130696852,19.945222681428,5.));
#246 = CARTESIAN_POINT('',(83.076873867409,19.917449325613,5.));
#247 = CARTESIAN_POINT('',(83.113746943393,19.915111697982,5.));
#248 = CARTESIAN_POINT('',(83.147879351048,19.903977450033,5.));
#249 = CARTESIAN_POINT('',(83.184075905528,19.90054,5.));
#250 = CARTESIAN_POINT('',(83.22,19.90054,5.));
#251 = ORIENTED_EDGE('',*,*,#252,.T.);
#252 = EDGE_CURVE('',#239,#253,#255,.T.);
#253 = VERTEX_POINT('',#254);
#254 = CARTESIAN_POINT('',(82.98,31.98054,5.));
#255 = LINE('',#256,#257);
#256 = CARTESIAN_POINT('',(82.98,19.90054,5.));
#257 = VECTOR('',#258,1.);
#258 = DIRECTION('',(0.,1.,0.));
#259 = ORIENTED_EDGE('',*,*,#260,.T.);
#260 = EDGE_CURVE('',#253,#32,#261,.T.);
#261 = B_SPLINE_CURVE_WITH_KNOTS('',8,(#262,#263,#264,#265,#266,#267,
    #268,#269,#270),.UNSPECIFIED.,.F.,.F.,(9,9),(0.,1.),
  .PIECEWISE_BEZIER_KNOTS.);
#262 = CARTESIAN_POINT('',(82.98,31.98054,5.));
#263 = CARTESIAN_POINT('',(82.98,32.016625842503,5.));
#264 = CARTESIAN_POINT('',(83.01592088648,32.050431096931,5.));
#265 = CARTESIAN_POINT('',(83.045130696852,32.055857318573,5.));
#266 = CARTESIAN_POINT('',(83.076873867409,32.083630674385,5.));
#267 = CARTESIAN_POINT('',(83.113746943393,32.08596830202,5.));
#268 = CARTESIAN_POINT('',(83.147879351048,32.097102549966,5.));
#269 = CARTESIAN_POINT('',(83.184075905528,32.10054,5.));
#270 = CARTESIAN_POINT('',(83.22,32.10054,5.));
#271 = FACE_BOUND('',#272,.F.);
#272 = EDGE_LOOP('',(#273));
#273 = ORIENTED_EDGE('',*,*,#274,.F.);
#274 = EDGE_CURVE('',#275,#275,#277,.T.);
#275 = VERTEX_POINT('',#276);
#276 = CARTESIAN_POINT('',(43.7,4.5,5.));
#277 = CIRCLE('',#278,2.6);
#278 = AXIS2_PLACEMENT_3D('',#279,#280,#281);
#279 = CARTESIAN_POINT('',(41.1,4.5,5.));
#280 = DIRECTION('',(0.,0.,1.));
#281 = DIRECTION('',(1.,0.,0.));
#282 = FACE_BOUND('',#283,.F.);
#283 = EDGE_LOOP('',(#284));
#284 = ORIENTED_EDGE('',*,*,#285,.F.);
#285 = EDGE_CURVE('',#286,#286,#288,.T.);
#286 = VERTEX_POINT('',#287);
#287 = CARTESIAN_POINT('',(52.2,8.80000526,5.));
#288 = CIRCLE('',#289,2.6);
#289 = AXIS2_PLACEMENT_3D('',#290,#291,#292);
#290 = CARTESIAN_POINT('',(49.6,8.80000526,5.));
#291 = DIRECTION('',(0.,0.,1.));
#292 = DIRECTION('',(1.,0.,0.));
#293 = FACE_BOUND('',#294,.F.);
#294 = EDGE_LOOP('',(#295));
#295 = ORIENTED_EDGE('',*,*,#296,.F.);
#296 = EDGE_CURVE('',#297,#297,#299,.T.);
#297 = VERTEX_POINT('',#298);
#298 = CARTESIAN_POINT('',(43.7,14.4,5.));
#299 = CIRCLE('',#300,2.6);
#300 = AXIS2_PLACEMENT_3D('',#301,#302,#303);
#301 = CARTESIAN_POINT('',(41.1,14.4,5.));
#302 = DIRECTION('',(0.,0.,1.));
#303 = DIRECTION('',(1.,0.,0.));
#304 = FACE_BOUND('',#305,.F.);
#305 = EDGE_LOOP('',(#306,#317,#325,#334,#342,#351,#359,#368));
#306 = ORIENTED_EDGE('',*,*,#307,.F.);
#307 = EDGE_CURVE('',#308,#310,#312,.T.);
#308 = VERTEX_POINT('',#309);
#309 = CARTESIAN_POINT('',(4.,20.6,5.));
#310 = VERTEX_POINT('',#311);
#311 = CARTESIAN_POINT('',(4.3,20.3,5.));
#312 = CIRCLE('',#313,0.3);
#313 = AXIS2_PLACEMENT_3D('',#314,#315,#316);
#314 = CARTESIAN_POINT('',(4.3,20.6,5.));
#315 = DIRECTION('',(0.,0.,1.));
#316 = DIRECTION('',(1.,0.,0.));
#317 = ORIENTED_EDGE('',*,*,#318,.T.);
#318 = EDGE_CURVE('',#308,#319,#321,.T.);
#319 = VERTEX_POINT('',#320);
#320 = CARTESIAN_POINT('',(4.,47.8,5.));
#321 = LINE('',#322,#323);
#322 = CARTESIAN_POINT('',(4.,23.3,5.));
#323 = VECTOR('',#324,1.);
#324 = DIRECTION('',(0.,1.,0.));
#325 = ORIENTED_EDGE('',*,*,#326,.F.);
#326 = EDGE_CURVE('',#327,#319,#329,.T.);
#327 = VERTEX_POINT('',#328);
#328 = CARTESIAN_POINT('',(4.3,48.1,5.));
#329 = CIRCLE('',#330,0.3);
#330 = AXIS2_PLACEMENT_3D('',#331,#332,#333);
#331 = CARTESIAN_POINT('',(4.3,47.8,5.));
#332 = DIRECTION('',(0.,0.,1.));
#333 = DIRECTION('',(1.,0.,0.));
#334 = ORIENTED_EDGE('',*,*,#335,.F.);
#335 = EDGE_CURVE('',#336,#327,#338,.T.);
#336 = VERTEX_POINT('',#337);
#337 = CARTESIAN_POINT('',(31.5,48.1,5.));
#338 = LINE('',#339,#340);
#339 = CARTESIAN_POINT('',(23.15,48.1,5.));
#340 = VECTOR('',#341,1.);
#341 = DIRECTION('',(-1.,0.,0.));
#342 = ORIENTED_EDGE('',*,*,#343,.F.);
#343 = EDGE_CURVE('',#344,#336,#346,.T.);
#344 = VERTEX_POINT('',#345);
#345 = CARTESIAN_POINT('',(31.8,47.8,5.));
#346 = CIRCLE('',#347,0.3);
#347 = AXIS2_PLACEMENT_3D('',#348,#349,#350);
#348 = CARTESIAN_POINT('',(31.5,47.8,5.));
#349 = DIRECTION('',(0.,0.,1.));
#350 = DIRECTION('',(1.,0.,0.));
#351 = ORIENTED_EDGE('',*,*,#352,.F.);
#352 = EDGE_CURVE('',#353,#344,#355,.T.);
#353 = VERTEX_POINT('',#354);
#354 = CARTESIAN_POINT('',(31.8,20.6,5.));
#355 = LINE('',#356,#357);
#356 = CARTESIAN_POINT('',(31.8,23.3,5.));
#357 = VECTOR('',#358,1.);
#358 = DIRECTION('',(0.,1.,0.));
#359 = ORIENTED_EDGE('',*,*,#360,.F.);
#360 = EDGE_CURVE('',#361,#353,#363,.T.);
#361 = VERTEX_POINT('',#362);
#362 = CARTESIAN_POINT('',(31.5,20.3,5.));
#363 = CIRCLE('',#364,0.3);
#364 = AXIS2_PLACEMENT_3D('',#365,#366,#367);
#365 = CARTESIAN_POINT('',(31.5,20.6,5.));
#366 = DIRECTION('',(0.,0.,1.));
#367 = DIRECTION('',(1.,0.,0.));
#368 = ORIENTED_EDGE('',*,*,#369,.T.);
#369 = EDGE_CURVE('',#361,#310,#370,.T.);
#370 = LINE('',#371,#372);
#371 = CARTESIAN_POINT('',(23.15,20.3,5.));
#372 = VECTOR('',#373,1.);
#373 = DIRECTION('',(-1.,0.,0.));
#374 = PLANE('',#375);
#375 = AXIS2_PLACEMENT_3D('',#376,#377,#378);
#376 = CARTESIAN_POINT('',(42.,26.,5.));
#377 = DIRECTION('',(0.,0.,1.));
#378 = DIRECTION('',(1.,0.,0.));
#379 = ADVANCED_FACE('',(#380),#534,.T.);
#380 = FACE_BOUND('',#381,.T.);
#381 = EDGE_LOOP('',(#382,#392,#400,#409,#417,#426,#434,#443,#451,#460,
    #466,#467,#468,#477,#485,#494,#502,#511,#519,#528));
#382 = ORIENTED_EDGE('',*,*,#383,.T.);
#383 = EDGE_CURVE('',#384,#386,#388,.T.);
#384 = VERTEX_POINT('',#385);
#385 = CARTESIAN_POINT('',(83.48,19.90054,-1.387778780781E-17));
#386 = VERTEX_POINT('',#387);
#387 = CARTESIAN_POINT('',(84.2,19.90054,-5.551115123126E-17));
#388 = LINE('',#389,#390);
#389 = CARTESIAN_POINT('',(62.55,19.90054,0.));
#390 = VECTOR('',#391,1.);
#391 = DIRECTION('',(1.,0.,0.));
#392 = ORIENTED_EDGE('',*,*,#393,.F.);
#393 = EDGE_CURVE('',#394,#386,#396,.T.);
#394 = VERTEX_POINT('',#395);
#395 = CARTESIAN_POINT('',(84.2,2.,0.));
#396 = LINE('',#397,#398);
#397 = CARTESIAN_POINT('',(84.2,2.,-5.551115123126E-17));
#398 = VECTOR('',#399,1.);
#399 = DIRECTION('',(0.,1.,0.));
#400 = ORIENTED_EDGE('',*,*,#401,.F.);
#401 = EDGE_CURVE('',#402,#394,#404,.T.);
#402 = VERTEX_POINT('',#403);
#403 = CARTESIAN_POINT('',(82.,-0.2,-5.551115123126E-17));
#404 = CIRCLE('',#405,2.2);
#405 = AXIS2_PLACEMENT_3D('',#406,#407,#408);
#406 = CARTESIAN_POINT('',(82.,2.,0.));
#407 = DIRECTION('',(0.,0.,1.));
#408 = DIRECTION('',(-5.465713352001E-15,-1.,0.));
#409 = ORIENTED_EDGE('',*,*,#410,.F.);
#410 = EDGE_CURVE('',#411,#402,#413,.T.);
#411 = VERTEX_POINT('',#412);
#412 = CARTESIAN_POINT('',(2.,-0.2,0.));
#413 = LINE('',#414,#415);
#414 = CARTESIAN_POINT('',(2.,-0.2,-5.551115123126E-17));
#415 = VECTOR('',#416,1.);
#416 = DIRECTION('',(1.,0.,0.));
#417 = ORIENTED_EDGE('',*,*,#418,.F.);
#418 = EDGE_CURVE('',#419,#411,#421,.T.);
#419 = VERTEX_POINT('',#420);
#420 = CARTESIAN_POINT('',(-0.2,2.,0.));
#421 = CIRCLE('',#422,2.2);
#422 = AXIS2_PLACEMENT_3D('',#423,#424,#425);
#423 = CARTESIAN_POINT('',(2.,2.,0.));
#424 = DIRECTION('',(0.,0.,1.));
#425 = DIRECTION('',(-1.,1.7080354225E-16,0.));
#426 = ORIENTED_EDGE('',*,*,#427,.F.);
#427 = EDGE_CURVE('',#428,#419,#430,.T.);
#428 = VERTEX_POINT('',#429);
#429 = CARTESIAN_POINT('',(-0.2,50.,0.));
#430 = LINE('',#431,#432);
#431 = CARTESIAN_POINT('',(-0.2,50.,-5.551115123126E-17));
#432 = VECTOR('',#433,1.);
#433 = DIRECTION('',(0.,-1.,0.));
#434 = ORIENTED_EDGE('',*,*,#435,.F.);
#435 = EDGE_CURVE('',#436,#428,#438,.T.);
#436 = VERTEX_POINT('',#437);
#437 = CARTESIAN_POINT('',(2.,52.2,-5.551115123126E-17));
#438 = CIRCLE('',#439,2.2);
#439 = AXIS2_PLACEMENT_3D('',#440,#441,#442);
#440 = CARTESIAN_POINT('',(2.,50.,0.));
#441 = DIRECTION('',(0.,-0.,1.));
#442 = DIRECTION('',(0.,1.,0.));
#443 = ORIENTED_EDGE('',*,*,#444,.F.);
#444 = EDGE_CURVE('',#445,#436,#447,.T.);
#445 = VERTEX_POINT('',#446);
#446 = CARTESIAN_POINT('',(82.,52.2,0.));
#447 = LINE('',#448,#449);
#448 = CARTESIAN_POINT('',(82.,52.2,-5.551115123126E-17));
#449 = VECTOR('',#450,1.);
#450 = DIRECTION('',(-1.,0.,0.));
#451 = ORIENTED_EDGE('',*,*,#452,.F.);
#452 = EDGE_CURVE('',#453,#445,#455,.T.);
#453 = VERTEX_POINT('',#454);
#454 = CARTESIAN_POINT('',(84.2,50.,-5.551115123126E-17));
#455 = CIRCLE('',#456,2.2);
#456 = AXIS2_PLACEMENT_3D('',#457,#458,#459);
#457 = CARTESIAN_POINT('',(82.,50.,0.));
#458 = DIRECTION('',(0.,0.,1.));
#459 = DIRECTION('',(1.,0.,0.));
#460 = ORIENTED_EDGE('',*,*,#461,.F.);
#461 = EDGE_CURVE('',#73,#453,#462,.T.);
#462 = LINE('',#463,#464);
#463 = CARTESIAN_POINT('',(84.2,2.,-5.551115123126E-17));
#464 = VECTOR('',#465,1.);
#465 = DIRECTION('',(0.,1.,0.));
#466 = ORIENTED_EDGE('',*,*,#81,.F.);
#467 = ORIENTED_EDGE('',*,*,#144,.F.);
#468 = ORIENTED_EDGE('',*,*,#469,.F.);
#469 = EDGE_CURVE('',#470,#136,#472,.T.);
#470 = VERTEX_POINT('',#471);
#471 = CARTESIAN_POINT('',(82.,51.48,-1.387778780781E-17));
#472 = CIRCLE('',#473,1.48);
#473 = AXIS2_PLACEMENT_3D('',#474,#475,#476);
#474 = CARTESIAN_POINT('',(82.,50.,0.));
#475 = DIRECTION('',(0.,0.,-1.));
#476 = DIRECTION('',(1.015061051086E-14,1.,0.));
#477 = ORIENTED_EDGE('',*,*,#478,.F.);
#478 = EDGE_CURVE('',#479,#470,#481,.T.);
#479 = VERTEX_POINT('',#480);
#480 = CARTESIAN_POINT('',(2.,51.48,0.));
#481 = LINE('',#482,#483);
#482 = CARTESIAN_POINT('',(2.,51.48,-1.387778780781E-17));
#483 = VECTOR('',#484,1.);
#484 = DIRECTION('',(1.,0.,0.));
#485 = ORIENTED_EDGE('',*,*,#486,.F.);
#486 = EDGE_CURVE('',#487,#479,#489,.T.);
#487 = VERTEX_POINT('',#488);
#488 = CARTESIAN_POINT('',(0.52,50.,-1.387778780781E-17));
#489 = CIRCLE('',#490,1.48);
#490 = AXIS2_PLACEMENT_3D('',#491,#492,#493);
#491 = CARTESIAN_POINT('',(2.,50.,0.));
#492 = DIRECTION('',(0.,0.,-1.));
#493 = DIRECTION('',(-1.,0.,0.));
#494 = ORIENTED_EDGE('',*,*,#495,.F.);
#495 = EDGE_CURVE('',#496,#487,#498,.T.);
#496 = VERTEX_POINT('',#497);
#497 = CARTESIAN_POINT('',(0.52,2.,0.));
#498 = LINE('',#499,#500);
#499 = CARTESIAN_POINT('',(0.52,2.,-1.387778780781E-17));
#500 = VECTOR('',#501,1.);
#501 = DIRECTION('',(0.,1.,0.));
#502 = ORIENTED_EDGE('',*,*,#503,.F.);
#503 = EDGE_CURVE('',#504,#496,#506,.T.);
#504 = VERTEX_POINT('',#505);
#505 = CARTESIAN_POINT('',(2.,0.52,-1.387778780781E-17));
#506 = CIRCLE('',#507,1.48);
#507 = AXIS2_PLACEMENT_3D('',#508,#509,#510);
#508 = CARTESIAN_POINT('',(2.,2.,0.));
#509 = DIRECTION('',(-0.,0.,-1.));
#510 = DIRECTION('',(-1.586032892322E-16,-1.,0.));
#511 = ORIENTED_EDGE('',*,*,#512,.F.);
#512 = EDGE_CURVE('',#513,#504,#515,.T.);
#513 = VERTEX_POINT('',#514);
#514 = CARTESIAN_POINT('',(82.,0.52,0.));
#515 = LINE('',#516,#517);
#516 = CARTESIAN_POINT('',(82.,0.52,-1.387778780781E-17));
#517 = VECTOR('',#518,1.);
#518 = DIRECTION('',(-1.,0.,0.));
#519 = ORIENTED_EDGE('',*,*,#520,.F.);
#520 = EDGE_CURVE('',#521,#513,#523,.T.);
#521 = VERTEX_POINT('',#522);
#522 = CARTESIAN_POINT('',(83.48,2.,-1.387778780781E-17));
#523 = CIRCLE('',#524,1.48);
#524 = AXIS2_PLACEMENT_3D('',#525,#526,#527);
#525 = CARTESIAN_POINT('',(82.,2.,0.));
#526 = DIRECTION('',(0.,-0.,-1.));
#527 = DIRECTION('',(1.,-3.172065784643E-16,0.));
#528 = ORIENTED_EDGE('',*,*,#529,.F.);
#529 = EDGE_CURVE('',#384,#521,#530,.T.);
#530 = LINE('',#531,#532);
#531 = CARTESIAN_POINT('',(83.48,19.90054,-1.387778780781E-17));
#532 = VECTOR('',#533,1.);
#533 = DIRECTION('',(0.,-1.,0.));
#534 = PLANE('',#535);
#535 = AXIS2_PLACEMENT_3D('',#536,#537,#538);
#536 = CARTESIAN_POINT('',(42.,26.,0.));
#537 = DIRECTION('',(-0.,-0.,-1.));
#538 = DIRECTION('',(-1.,0.,0.));
#539 = ADVANCED_FACE('',(#540),#573,.F.);
#540 = FACE_BOUND('',#541,.F.);
#541 = EDGE_LOOP('',(#542,#556,#564,#572));
#542 = ORIENTED_EDGE('',*,*,#543,.F.);
#543 = EDGE_CURVE('',#544,#32,#546,.T.);
#544 = VERTEX_POINT('',#545);
#545 = CARTESIAN_POINT('',(83.1,31.98054,5.12));
#546 = B_SPLINE_CURVE_WITH_KNOTS('',8,(#547,#548,#549,#550,#551,#552,
    #553,#554,#555),.UNSPECIFIED.,.F.,.F.,(9,9),(0.,1.),
  .PIECEWISE_BEZIER_KNOTS.);
#547 = CARTESIAN_POINT('',(83.1,31.98054,5.12));
#548 = CARTESIAN_POINT('',(83.1,32.004101944902,5.105));
#549 = CARTESIAN_POINT('',(83.105287294675,32.02766389722,5.09));
#550 = CARTESIAN_POINT('',(83.115861832096,32.049841588121,5.075));
#551 = CARTESIAN_POINT('',(83.131288949306,32.069251050693,5.06));
#552 = CARTESIAN_POINT('',(83.15069841188,32.084678167905,5.045));
#553 = CARTESIAN_POINT('',(83.172876102779,32.095252705324,5.03));
#554 = CARTESIAN_POINT('',(83.196438055098,32.10054,5.015));
#555 = CARTESIAN_POINT('',(83.22,32.10054,5.));
#556 = ORIENTED_EDGE('',*,*,#557,.T.);
#557 = EDGE_CURVE('',#544,#558,#560,.T.);
#558 = VERTEX_POINT('',#559);
#559 = CARTESIAN_POINT('',(83.1,31.98054,5.68));
#560 = LINE('',#561,#562);
#561 = CARTESIAN_POINT('',(83.1,31.98054,5.));
#562 = VECTOR('',#563,1.);
#563 = DIRECTION('',(0.,0.,1.));
#564 = ORIENTED_EDGE('',*,*,#565,.T.);
#565 = EDGE_CURVE('',#558,#40,#566,.T.);
#566 = B_SPLINE_CURVE_WITH_KNOTS('',4,(#567,#568,#569,#570,#571),
  .UNSPECIFIED.,.F.,.F.,(5,5),(0.,1.575373320922),
  .PIECEWISE_BEZIER_KNOTS.);
#567 = CARTESIAN_POINT('',(83.1,31.98054,5.68));
#568 = CARTESIAN_POINT('',(83.1,32.027663889804,5.71));
#569 = CARTESIAN_POINT('',(83.125148299336,32.075391700664,5.74));
#570 = CARTESIAN_POINT('',(83.172876110196,32.10054,5.77));
#571 = CARTESIAN_POINT('',(83.22,32.10054,5.8));
#572 = ORIENTED_EDGE('',*,*,#39,.F.);
#573 = CYLINDRICAL_SURFACE('',#574,0.12);
#574 = AXIS2_PLACEMENT_3D('',#575,#576,#577);
#575 = CARTESIAN_POINT('',(83.22,31.98054,5.));
#576 = DIRECTION('',(0.,0.,1.));
#577 = DIRECTION('',(0.,1.,0.));
#578 = ADVANCED_FACE('',(#579),#598,.T.);
#579 = FACE_BOUND('',#580,.T.);
#580 = EDGE_LOOP('',(#581,#589,#590,#591));
#581 = ORIENTED_EDGE('',*,*,#582,.F.);
#582 = EDGE_CURVE('',#65,#583,#585,.T.);
#583 = VERTEX_POINT('',#584);
#584 = CARTESIAN_POINT('',(84.6,50.,0.4));
#585 = LINE('',#586,#587);
#586 = CARTESIAN_POINT('',(84.6,2.,0.4));
#587 = VECTOR('',#588,1.);
#588 = DIRECTION('',(0.,1.,0.));
#589 = ORIENTED_EDGE('',*,*,#72,.T.);
#590 = ORIENTED_EDGE('',*,*,#461,.T.);
#591 = ORIENTED_EDGE('',*,*,#592,.F.);
#592 = EDGE_CURVE('',#583,#453,#593,.T.);
#593 = CIRCLE('',#594,0.4);
#594 = AXIS2_PLACEMENT_3D('',#595,#596,#597);
#595 = CARTESIAN_POINT('',(84.2,50.,0.4));
#596 = DIRECTION('',(-0.,1.,0.));
#597 = DIRECTION('',(1.,0.,0.));
#598 = CYLINDRICAL_SURFACE('',#599,0.4);
#599 = AXIS2_PLACEMENT_3D('',#600,#601,#602);
#600 = CARTESIAN_POINT('',(84.2,2.,0.4));
#601 = DIRECTION('',(0.,1.,0.));
#602 = DIRECTION('',(1.,0.,0.));
#603 = ADVANCED_FACE('',(#604,#727,#738,#749,#760),#830,.T.);
#604 = FACE_BOUND('',#605,.T.);
#605 = EDGE_LOOP('',(#606,#607,#615,#624,#632,#641,#649,#658,#666,#675,
    #683,#691,#706,#714));
#606 = ORIENTED_EDGE('',*,*,#47,.F.);
#607 = ORIENTED_EDGE('',*,*,#608,.T.);
#608 = EDGE_CURVE('',#48,#609,#611,.T.);
#609 = VERTEX_POINT('',#610);
#610 = CARTESIAN_POINT('',(84.,50.,5.8));
#611 = LINE('',#612,#613);
#612 = CARTESIAN_POINT('',(84.,2.,5.8));
#613 = VECTOR('',#614,1.);
#614 = DIRECTION('',(0.,1.,0.));
#615 = ORIENTED_EDGE('',*,*,#616,.T.);
#616 = EDGE_CURVE('',#609,#617,#619,.T.);
#617 = VERTEX_POINT('',#618);
#618 = CARTESIAN_POINT('',(82.,52.,5.8));
#619 = CIRCLE('',#620,2.);
#620 = AXIS2_PLACEMENT_3D('',#621,#622,#623);
#621 = CARTESIAN_POINT('',(82.,50.,5.8));
#622 = DIRECTION('',(0.,0.,1.));
#623 = DIRECTION('',(1.,0.,0.));
#624 = ORIENTED_EDGE('',*,*,#625,.T.);
#625 = EDGE_CURVE('',#617,#626,#628,.T.);
#626 = VERTEX_POINT('',#627);
#627 = CARTESIAN_POINT('',(2.,52.,5.8));
#628 = LINE('',#629,#630);
#629 = CARTESIAN_POINT('',(82.,52.,5.8));
#630 = VECTOR('',#631,1.);
#631 = DIRECTION('',(-1.,0.,0.));
#632 = ORIENTED_EDGE('',*,*,#633,.T.);
#633 = EDGE_CURVE('',#626,#634,#636,.T.);
#634 = VERTEX_POINT('',#635);
#635 = CARTESIAN_POINT('',(0.,50.,5.8));
#636 = CIRCLE('',#637,2.);
#637 = AXIS2_PLACEMENT_3D('',#638,#639,#640);
#638 = CARTESIAN_POINT('',(2.,50.,5.8));
#639 = DIRECTION('',(0.,-0.,1.));
#640 = DIRECTION('',(0.,1.,0.));
#641 = ORIENTED_EDGE('',*,*,#642,.T.);
#642 = EDGE_CURVE('',#634,#643,#645,.T.);
#643 = VERTEX_POINT('',#644);
#644 = CARTESIAN_POINT('',(0.,2.,5.8));
#645 = LINE('',#646,#647);
#646 = CARTESIAN_POINT('',(-9.294743010433E-16,50.,5.8));
#647 = VECTOR('',#648,1.);
#648 = DIRECTION('',(0.,-1.,0.));
#649 = ORIENTED_EDGE('',*,*,#650,.T.);
#650 = EDGE_CURVE('',#643,#651,#653,.T.);
#651 = VERTEX_POINT('',#652);
#652 = CARTESIAN_POINT('',(2.,0.,5.8));
#653 = CIRCLE('',#654,2.);
#654 = AXIS2_PLACEMENT_3D('',#655,#656,#657);
#655 = CARTESIAN_POINT('',(2.,2.,5.8));
#656 = DIRECTION('',(0.,0.,1.));
#657 = DIRECTION('',(-1.,1.7080354225E-16,0.));
#658 = ORIENTED_EDGE('',*,*,#659,.T.);
#659 = EDGE_CURVE('',#651,#660,#662,.T.);
#660 = VERTEX_POINT('',#661);
#661 = CARTESIAN_POINT('',(82.,-9.294743010433E-16,5.8));
#662 = LINE('',#663,#664);
#663 = CARTESIAN_POINT('',(2.,-9.294743010433E-16,5.8));
#664 = VECTOR('',#665,1.);
#665 = DIRECTION('',(1.,0.,0.));
#666 = ORIENTED_EDGE('',*,*,#667,.T.);
#667 = EDGE_CURVE('',#660,#668,#670,.T.);
#668 = VERTEX_POINT('',#669);
#669 = CARTESIAN_POINT('',(84.,2.,5.8));
#670 = CIRCLE('',#671,2.);
#671 = AXIS2_PLACEMENT_3D('',#672,#673,#674);
#672 = CARTESIAN_POINT('',(82.,2.,5.8));
#673 = DIRECTION('',(0.,0.,1.));
#674 = DIRECTION('',(-5.465713352001E-15,-1.,0.));
#675 = ORIENTED_EDGE('',*,*,#676,.T.);
#676 = EDGE_CURVE('',#668,#677,#679,.T.);
#677 = VERTEX_POINT('',#678);
#678 = CARTESIAN_POINT('',(84.,19.90054,5.8));
#679 = LINE('',#680,#681);
#680 = CARTESIAN_POINT('',(84.,2.,5.8));
#681 = VECTOR('',#682,1.);
#682 = DIRECTION('',(0.,1.,0.));
#683 = ORIENTED_EDGE('',*,*,#684,.T.);
#684 = EDGE_CURVE('',#677,#685,#687,.T.);
#685 = VERTEX_POINT('',#686);
#686 = CARTESIAN_POINT('',(83.22,19.90054,5.8));
#687 = LINE('',#688,#689);
#688 = CARTESIAN_POINT('',(62.55,19.90054,5.8));
#689 = VECTOR('',#690,1.);
#690 = DIRECTION('',(-1.,0.,0.));
#691 = ORIENTED_EDGE('',*,*,#692,.T.);
#692 = EDGE_CURVE('',#685,#693,#695,.T.);
#693 = VERTEX_POINT('',#694);
#694 = CARTESIAN_POINT('',(82.98,20.02054,5.8));
#695 = B_SPLINE_CURVE_WITH_KNOTS('',9,(#696,#697,#698,#699,#700,#701,
    #702,#703,#704,#705),.UNSPECIFIED.,.F.,.F.,(10,10),(0.,1.),
  .PIECEWISE_BEZIER_KNOTS.);
#696 = CARTESIAN_POINT('',(83.22,19.90054,5.8));
#697 = CARTESIAN_POINT('',(83.18628907779,19.90054,5.8));
#698 = CARTESIAN_POINT('',(83.152565867395,19.89862829183,5.8));
#699 = CARTESIAN_POINT('',(83.119039034499,19.897289324647,5.8));
#700 = CARTESIAN_POINT('',(83.084901288588,19.899762916609,5.8));
#701 = CARTESIAN_POINT('',(83.051204844178,19.907134859151,5.8));
#702 = CARTESIAN_POINT('',(83.017430448351,19.924567869267,5.8));
#703 = CARTESIAN_POINT('',(82.9924454918,19.953133284416,5.8));
#704 = CARTESIAN_POINT('',(82.98,19.986826438525,5.8));
#705 = CARTESIAN_POINT('',(82.98,20.02054,5.8));
#706 = ORIENTED_EDGE('',*,*,#707,.T.);
#707 = EDGE_CURVE('',#693,#708,#710,.T.);
#708 = VERTEX_POINT('',#709);
#709 = CARTESIAN_POINT('',(82.98,31.98054,5.8));
#710 = LINE('',#711,#712);
#711 = CARTESIAN_POINT('',(82.98,19.90054,5.8));
#712 = VECTOR('',#713,1.);
#713 = DIRECTION('',(0.,1.,0.));
#714 = ORIENTED_EDGE('',*,*,#715,.F.);
#715 = EDGE_CURVE('',#40,#708,#716,.T.);
#716 = B_SPLINE_CURVE_WITH_KNOTS('',9,(#717,#718,#719,#720,#721,#722,
    #723,#724,#725,#726),.UNSPECIFIED.,.F.,.F.,(10,10),(0.,1.),
  .PIECEWISE_BEZIER_KNOTS.);
#717 = CARTESIAN_POINT('',(83.22,32.10054,5.8));
#718 = CARTESIAN_POINT('',(83.18628907779,32.10054,5.8));
#719 = CARTESIAN_POINT('',(83.152565867395,32.10245170817,5.8));
#720 = CARTESIAN_POINT('',(83.119039034499,32.103790675353,5.8));
#721 = CARTESIAN_POINT('',(83.084901288588,32.101317083391,5.8));
#722 = CARTESIAN_POINT('',(83.051204844178,32.093945140849,5.8));
#723 = CARTESIAN_POINT('',(83.017430448351,32.076512130733,5.8));
#724 = CARTESIAN_POINT('',(82.9924454918,32.047946715584,5.8));
#725 = CARTESIAN_POINT('',(82.98,32.014253561475,5.8));
#726 = CARTESIAN_POINT('',(82.98,31.98054,5.8));
#727 = FACE_BOUND('',#728,.T.);
#728 = EDGE_LOOP('',(#729));
#729 = ORIENTED_EDGE('',*,*,#730,.F.);
#730 = EDGE_CURVE('',#731,#731,#733,.T.);
#731 = VERTEX_POINT('',#732);
#732 = CARTESIAN_POINT('',(43.82,4.5,5.8));
#733 = CIRCLE('',#734,2.72);
#734 = AXIS2_PLACEMENT_3D('',#735,#736,#737);
#735 = CARTESIAN_POINT('',(41.1,4.5,5.8));
#736 = DIRECTION('',(0.,0.,1.));
#737 = DIRECTION('',(1.,0.,0.));
#738 = FACE_BOUND('',#739,.T.);
#739 = EDGE_LOOP('',(#740));
#740 = ORIENTED_EDGE('',*,*,#741,.F.);
#741 = EDGE_CURVE('',#742,#742,#744,.T.);
#742 = VERTEX_POINT('',#743);
#743 = CARTESIAN_POINT('',(52.32,8.80000526,5.8));
#744 = CIRCLE('',#745,2.72);
#745 = AXIS2_PLACEMENT_3D('',#746,#747,#748);
#746 = CARTESIAN_POINT('',(49.6,8.80000526,5.8));
#747 = DIRECTION('',(0.,-0.,1.));
#748 = DIRECTION('',(1.,6.832141690001E-16,0.));
#749 = FACE_BOUND('',#750,.T.);
#750 = EDGE_LOOP('',(#751));
#751 = ORIENTED_EDGE('',*,*,#752,.F.);
#752 = EDGE_CURVE('',#753,#753,#755,.T.);
#753 = VERTEX_POINT('',#754);
#754 = CARTESIAN_POINT('',(43.82,14.4,5.8));
#755 = CIRCLE('',#756,2.72);
#756 = AXIS2_PLACEMENT_3D('',#757,#758,#759);
#757 = CARTESIAN_POINT('',(41.1,14.4,5.8));
#758 = DIRECTION('',(0.,0.,1.));
#759 = DIRECTION('',(1.,0.,0.));
#760 = FACE_BOUND('',#761,.T.);
#761 = EDGE_LOOP('',(#762,#773,#781,#790,#798,#807,#815,#824));
#762 = ORIENTED_EDGE('',*,*,#763,.F.);
#763 = EDGE_CURVE('',#764,#766,#768,.T.);
#764 = VERTEX_POINT('',#765);
#765 = CARTESIAN_POINT('',(3.88,20.6,5.8));
#766 = VERTEX_POINT('',#767);
#767 = CARTESIAN_POINT('',(4.3,20.18,5.8));
#768 = CIRCLE('',#769,0.42);
#769 = AXIS2_PLACEMENT_3D('',#770,#771,#772);
#770 = CARTESIAN_POINT('',(4.3,20.6,5.8));
#771 = DIRECTION('',(0.,0.,1.));
#772 = DIRECTION('',(-1.,0.,0.));
#773 = ORIENTED_EDGE('',*,*,#774,.F.);
#774 = EDGE_CURVE('',#775,#764,#777,.T.);
#775 = VERTEX_POINT('',#776);
#776 = CARTESIAN_POINT('',(3.88,47.8,5.8));
#777 = LINE('',#778,#779);
#778 = CARTESIAN_POINT('',(3.88,47.8,5.8));
#779 = VECTOR('',#780,1.);
#780 = DIRECTION('',(0.,-1.,0.));
#781 = ORIENTED_EDGE('',*,*,#782,.F.);
#782 = EDGE_CURVE('',#783,#775,#785,.T.);
#783 = VERTEX_POINT('',#784);
#784 = CARTESIAN_POINT('',(4.3,48.22,5.8));
#785 = CIRCLE('',#786,0.42);
#786 = AXIS2_PLACEMENT_3D('',#787,#788,#789);
#787 = CARTESIAN_POINT('',(4.3,47.8,5.8));
#788 = DIRECTION('',(0.,-0.,1.));
#789 = DIRECTION('',(8.881784197001E-15,1.,0.));
#790 = ORIENTED_EDGE('',*,*,#791,.F.);
#791 = EDGE_CURVE('',#792,#783,#794,.T.);
#792 = VERTEX_POINT('',#793);
#793 = CARTESIAN_POINT('',(31.5,48.22,5.8));
#794 = LINE('',#795,#796);
#795 = CARTESIAN_POINT('',(31.5,48.22,5.8));
#796 = VECTOR('',#797,1.);
#797 = DIRECTION('',(-1.,0.,0.));
#798 = ORIENTED_EDGE('',*,*,#799,.F.);
#799 = EDGE_CURVE('',#800,#792,#802,.T.);
#800 = VERTEX_POINT('',#801);
#801 = CARTESIAN_POINT('',(31.92,47.8,5.8));
#802 = CIRCLE('',#803,0.42);
#803 = AXIS2_PLACEMENT_3D('',#804,#805,#806);
#804 = CARTESIAN_POINT('',(31.5,47.8,5.8));
#805 = DIRECTION('',(0.,0.,1.));
#806 = DIRECTION('',(1.,0.,0.));
#807 = ORIENTED_EDGE('',*,*,#808,.F.);
#808 = EDGE_CURVE('',#809,#800,#811,.T.);
#809 = VERTEX_POINT('',#810);
#810 = CARTESIAN_POINT('',(31.92,20.6,5.8));
#811 = LINE('',#812,#813);
#812 = CARTESIAN_POINT('',(31.92,20.6,5.8));
#813 = VECTOR('',#814,1.);
#814 = DIRECTION('',(0.,1.,0.));
#815 = ORIENTED_EDGE('',*,*,#816,.F.);
#816 = EDGE_CURVE('',#817,#809,#819,.T.);
#817 = VERTEX_POINT('',#818);
#818 = CARTESIAN_POINT('',(31.5,20.18,5.8));
#819 = CIRCLE('',#820,0.42);
#820 = AXIS2_PLACEMENT_3D('',#821,#822,#823);
#821 = CARTESIAN_POINT('',(31.5,20.6,5.8));
#822 = DIRECTION('',(-0.,0.,1.));
#823 = DIRECTION('',(0.,-1.,0.));
#824 = ORIENTED_EDGE('',*,*,#825,.F.);
#825 = EDGE_CURVE('',#766,#817,#826,.T.);
#826 = LINE('',#827,#828);
#827 = CARTESIAN_POINT('',(4.3,20.18,5.8));
#828 = VECTOR('',#829,1.);
#829 = DIRECTION('',(1.,0.,0.));
#830 = PLANE('',#831);
#831 = AXIS2_PLACEMENT_3D('',#832,#833,#834);
#832 = CARTESIAN_POINT('',(42.,26.,5.8));
#833 = DIRECTION('',(0.,0.,1.));
#834 = DIRECTION('',(1.,0.,0.));
#835 = ADVANCED_FACE('',(#836),#854,.T.);
#836 = FACE_BOUND('',#837,.T.);
#837 = EDGE_LOOP('',(#838,#839,#840,#848));
#838 = ORIENTED_EDGE('',*,*,#64,.F.);
#839 = ORIENTED_EDGE('',*,*,#582,.T.);
#840 = ORIENTED_EDGE('',*,*,#841,.T.);
#841 = EDGE_CURVE('',#583,#842,#844,.T.);
#842 = VERTEX_POINT('',#843);
#843 = CARTESIAN_POINT('',(84.6,50.,5.2));
#844 = LINE('',#845,#846);
#845 = CARTESIAN_POINT('',(84.6,50.,0.));
#846 = VECTOR('',#847,1.);
#847 = DIRECTION('',(0.,0.,1.));
#848 = ORIENTED_EDGE('',*,*,#849,.F.);
#849 = EDGE_CURVE('',#56,#842,#850,.T.);
#850 = LINE('',#851,#852);
#851 = CARTESIAN_POINT('',(84.6,2.,5.2));
#852 = VECTOR('',#853,1.);
#853 = DIRECTION('',(0.,1.,0.));
#854 = PLANE('',#855);
#855 = AXIS2_PLACEMENT_3D('',#856,#857,#858);
#856 = CARTESIAN_POINT('',(84.6,2.,0.));
#857 = DIRECTION('',(1.,0.,0.));
#858 = DIRECTION('',(0.,0.,1.));
#859 = ADVANCED_FACE('',(#860),#872,.T.);
#860 = FACE_BOUND('',#861,.F.);
#861 = EDGE_LOOP('',(#862,#863,#864,#865));
#862 = ORIENTED_EDGE('',*,*,#849,.F.);
#863 = ORIENTED_EDGE('',*,*,#55,.F.);
#864 = ORIENTED_EDGE('',*,*,#608,.T.);
#865 = ORIENTED_EDGE('',*,*,#866,.F.);
#866 = EDGE_CURVE('',#842,#609,#867,.T.);
#867 = CIRCLE('',#868,0.6);
#868 = AXIS2_PLACEMENT_3D('',#869,#870,#871);
#869 = CARTESIAN_POINT('',(84.,50.,5.2));
#870 = DIRECTION('',(0.,-1.,0.));
#871 = DIRECTION('',(1.,0.,0.));
#872 = CYLINDRICAL_SURFACE('',#873,0.6);
#873 = AXIS2_PLACEMENT_3D('',#874,#875,#876);
#874 = CARTESIAN_POINT('',(84.,2.,5.2));
#875 = DIRECTION('',(0.,1.,0.));
#876 = DIRECTION('',(1.,0.,0.));
#877 = ADVANCED_FACE('',(#878),#897,.F.);
#878 = FACE_BOUND('',#879,.F.);
#879 = EDGE_LOOP('',(#880,#888,#889,#890));
#880 = ORIENTED_EDGE('',*,*,#881,.T.);
#881 = EDGE_CURVE('',#882,#163,#884,.T.);
#882 = VERTEX_POINT('',#883);
#883 = CARTESIAN_POINT('',(82.,51.4,8.E-02));
#884 = LINE('',#885,#886);
#885 = CARTESIAN_POINT('',(82.,51.4,-1.));
#886 = VECTOR('',#887,1.);
#887 = DIRECTION('',(0.,0.,1.));
#888 = ORIENTED_EDGE('',*,*,#162,.F.);
#889 = ORIENTED_EDGE('',*,*,#113,.F.);
#890 = ORIENTED_EDGE('',*,*,#891,.F.);
#891 = EDGE_CURVE('',#882,#106,#892,.T.);
#892 = CIRCLE('',#893,1.4);
#893 = AXIS2_PLACEMENT_3D('',#894,#895,#896);
#894 = CARTESIAN_POINT('',(82.,50.,8.E-02));
#895 = DIRECTION('',(0.,0.,-1.));
#896 = DIRECTION('',(1.015061051086E-14,1.,0.));
#897 = CYLINDRICAL_SURFACE('',#898,1.4);
#898 = AXIS2_PLACEMENT_3D('',#899,#900,#901);
#899 = CARTESIAN_POINT('',(82.,50.,-1.));
#900 = DIRECTION('',(0.,0.,1.));
#901 = DIRECTION('',(1.,0.,0.));
#902 = ADVANCED_FACE('',(#903),#915,.T.);
#903 = FACE_BOUND('',#904,.F.);
#904 = EDGE_LOOP('',(#905,#912,#913,#914));
#905 = ORIENTED_EDGE('',*,*,#906,.F.);
#906 = EDGE_CURVE('',#882,#470,#907,.T.);
#907 = CIRCLE('',#908,8.E-02);
#908 = AXIS2_PLACEMENT_3D('',#909,#910,#911);
#909 = CARTESIAN_POINT('',(82.,51.48,8.E-02));
#910 = DIRECTION('',(1.,0.,0.));
#911 = DIRECTION('',(0.,-1.,0.));
#912 = ORIENTED_EDGE('',*,*,#891,.T.);
#913 = ORIENTED_EDGE('',*,*,#135,.T.);
#914 = ORIENTED_EDGE('',*,*,#469,.F.);
#915 = TOROIDAL_SURFACE('',#916,1.48,8.E-02);
#916 = AXIS2_PLACEMENT_3D('',#917,#918,#919);
#917 = CARTESIAN_POINT('',(82.,50.,8.E-02));
#918 = DIRECTION('',(0.,0.,1.));
#919 = DIRECTION('',(1.015061051086E-14,1.,0.));
#920 = ADVANCED_FACE('',(#921),#935,.F.);
#921 = FACE_BOUND('',#922,.F.);
#922 = EDGE_LOOP('',(#923,#924,#934));
#923 = ORIENTED_EDGE('',*,*,#260,.F.);
#924 = ORIENTED_EDGE('',*,*,#925,.T.);
#925 = EDGE_CURVE('',#253,#544,#926,.T.);
#926 = B_SPLINE_CURVE_WITH_KNOTS('',6,(#927,#928,#929,#930,#931,#932,
    #933),.UNSPECIFIED.,.F.,.F.,(7,7),(0.,1.),.PIECEWISE_BEZIER_KNOTS.);
#927 = CARTESIAN_POINT('',(82.98,31.98054,5.));
#928 = CARTESIAN_POINT('',(83.011415926536,31.98054,5.));
#929 = CARTESIAN_POINT('',(83.042829180084,31.98054,5.009867322322));
#930 = CARTESIAN_POINT('',(83.070382817957,31.98054,5.029617182043));
#931 = CARTESIAN_POINT('',(83.090132677677,31.98054,5.057170819915));
#932 = CARTESIAN_POINT('',(83.1,31.98054,5.088584073464));
#933 = CARTESIAN_POINT('',(83.1,31.98054,5.12));
#934 = ORIENTED_EDGE('',*,*,#543,.T.);
#935 = B_SPLINE_SURFACE_WITH_KNOTS('',6,8,(
    (#936,#937,#938,#939,#940,#941,#942,#943,#944)
    ,(#945,#946,#947,#948,#949,#950,#951,#952,#953)
    ,(#954,#955,#956,#957,#958,#959,#960,#961,#962)
    ,(#963,#964,#965,#966,#967,#968,#969,#970,#971)
    ,(#972,#973,#974,#975,#976,#977,#978,#979,#980)
    ,(#981,#982,#983,#984,#985,#986,#987,#988,#989)
    ,(#990,#991,#992,#993,#994,#995,#996,#997,#998
  )),.UNSPECIFIED.,.F.,.F.,.F.,(7,7),(9,9),(0.,1.),(0.,1.),
  .PIECEWISE_BEZIER_KNOTS.);
#936 = CARTESIAN_POINT('',(82.98,31.98054,5.));
#937 = CARTESIAN_POINT('',(82.98,32.016625842503,5.));
#938 = CARTESIAN_POINT('',(83.01592088648,32.050431096931,5.));
#939 = CARTESIAN_POINT('',(83.045130696852,32.055857318573,5.));
#940 = CARTESIAN_POINT('',(83.076873867409,32.083630674385,5.));
#941 = CARTESIAN_POINT('',(83.113746943393,32.08596830202,5.));
#942 = CARTESIAN_POINT('',(83.147879351048,32.097102549966,5.));
#943 = CARTESIAN_POINT('',(83.184075905528,32.10054,5.));
#944 = CARTESIAN_POINT('',(83.22,32.10054,5.));
#945 = CARTESIAN_POINT('',(83.011415926536,31.98054,5.));
#946 = CARTESIAN_POINT('',(83.009988935719,32.014538526237,5.));
#947 = CARTESIAN_POINT('',(83.039377232747,32.046636563646,5.));
#948 = CARTESIAN_POINT('',(83.064054173478,32.054854696831,5.));
#949 = CARTESIAN_POINT('',(83.091651010992,32.081234070436,5.));
#950 = CARTESIAN_POINT('',(83.124186493925,32.085753279667,5.));
#951 = CARTESIAN_POINT('',(83.15489945797,32.096794242526,5.));
#952 = CARTESIAN_POINT('',(83.187563254607,32.10054,5.));
#953 = CARTESIAN_POINT('',(83.22,32.10054,5.));
#954 = CARTESIAN_POINT('',(83.042829180084,31.98054,5.009867322322));
#955 = CARTESIAN_POINT('',(83.040767357779,32.012451209969,
    5.008938805172));
#956 = CARTESIAN_POINT('',(83.062610720583,32.04175105472,5.010972901059
    ));
#957 = CARTESIAN_POINT('',(83.08211307667,32.055343643244,5.009739485769
    ));
#958 = CARTESIAN_POINT('',(83.105402325222,32.078560817881,
    5.007791588615));
#959 = CARTESIAN_POINT('',(83.133249880051,32.086580958715,5.00548645053
    ));
#960 = CARTESIAN_POINT('',(83.161166888321,32.096702409879,
    5.003181312444));
#961 = CARTESIAN_POINT('',(83.192557297641,32.10054,5.003429203673));
#962 = CARTESIAN_POINT('',(83.22,32.10054,5.));
#963 = CARTESIAN_POINT('',(83.070382817957,31.98054,5.029617182043));
#964 = CARTESIAN_POINT('',(83.067945309877,32.010363893703,
    5.027051534938));
#965 = CARTESIAN_POINT('',(83.082560087405,32.038055577111,
    5.024212973903));
#966 = CARTESIAN_POINT('',(83.098300380412,32.052642816145,
    5.020510826147));
#967 = CARTESIAN_POINT('',(83.118223765128,32.075838382533,
    5.016408660918));
#968 = CARTESIAN_POINT('',(83.142674542554,32.085372661004,
    5.012106486951));
#969 = CARTESIAN_POINT('',(83.167677532477,32.096146172386,
    5.007804312985));
#970 = CARTESIAN_POINT('',(83.193791272048,32.10054,5.003965708265));
#971 = CARTESIAN_POINT('',(83.22,32.10054,5.));
#972 = CARTESIAN_POINT('',(83.090132677677,31.98054,5.057170819915));
#973 = CARTESIAN_POINT('',(83.087083257912,32.008276577436,
    5.050949192812));
#974 = CARTESIAN_POINT('',(83.095730035523,32.03458052616,5.041543806245
    ));
#975 = CARTESIAN_POINT('',(83.108762410751,32.049987908424,
    5.034397453756));
#976 = CARTESIAN_POINT('',(83.126487416531,32.07324983163,5.027517963004
    ));
#977 = CARTESIAN_POINT('',(83.14882641426,32.084153379728,5.020771903123
    ));
#978 = CARTESIAN_POINT('',(83.172080731876,32.09559692495,5.014025843241
    ));
#979 = CARTESIAN_POINT('',(83.194239848292,32.10054,5.00528761102));
#980 = CARTESIAN_POINT('',(83.22,32.10054,5.));
#981 = CARTESIAN_POINT('',(83.1,31.98054,5.088584073464));
#982 = CARTESIAN_POINT('',(83.098036504592,32.006189261169,
    5.077511064281));
#983 = CARTESIAN_POINT('',(83.10349493907,32.030356297211,5.066438055098
    ));
#984 = CARTESIAN_POINT('',(83.114281990154,32.050614612972,
    5.055365045915));
#985 = CARTESIAN_POINT('',(83.130274562381,32.070978232412,
    5.044292036732));
#986 = CARTESIAN_POINT('',(83.150506263905,32.084948108082,
    5.033219027549));
#987 = CARTESIAN_POINT('',(83.173186302645,32.095526062476,
    5.022146018366));
#988 = CARTESIAN_POINT('',(83.196877696836,32.10054,5.011073009183));
#989 = CARTESIAN_POINT('',(83.22,32.10054,5.));
#990 = CARTESIAN_POINT('',(83.1,31.98054,5.12));
#991 = CARTESIAN_POINT('',(83.1,32.004101944902,5.105));
#992 = CARTESIAN_POINT('',(83.105287294675,32.02766389722,5.09));
#993 = CARTESIAN_POINT('',(83.115861832096,32.049841588121,5.075));
#994 = CARTESIAN_POINT('',(83.131288949306,32.069251050693,5.06));
#995 = CARTESIAN_POINT('',(83.15069841188,32.084678167905,5.045));
#996 = CARTESIAN_POINT('',(83.172876102779,32.095252705324,5.03));
#997 = CARTESIAN_POINT('',(83.196438055098,32.10054,5.015));
#998 = CARTESIAN_POINT('',(83.22,32.10054,5.));
#999 = ADVANCED_FACE('',(#1000),#1022,.T.);
#1000 = FACE_BOUND('',#1001,.T.);
#1001 = EDGE_LOOP('',(#1002,#1010,#1020,#1021));
#1002 = ORIENTED_EDGE('',*,*,#1003,.F.);
#1003 = EDGE_CURVE('',#1004,#544,#1006,.T.);
#1004 = VERTEX_POINT('',#1005);
#1005 = CARTESIAN_POINT('',(83.1,20.02054,5.12));
#1006 = LINE('',#1007,#1008);
#1007 = CARTESIAN_POINT('',(83.1,19.90054,5.12));
#1008 = VECTOR('',#1009,1.);
#1009 = DIRECTION('',(0.,1.,0.));
#1010 = ORIENTED_EDGE('',*,*,#1011,.F.);
#1011 = EDGE_CURVE('',#239,#1004,#1012,.T.);
#1012 = B_SPLINE_CURVE_WITH_KNOTS('',6,(#1013,#1014,#1015,#1016,#1017,
    #1018,#1019),.UNSPECIFIED.,.F.,.F.,(7,7),(0.,1.),
  .PIECEWISE_BEZIER_KNOTS.);
#1013 = CARTESIAN_POINT('',(82.98,20.02054,5.));
#1014 = CARTESIAN_POINT('',(83.011415926536,20.02054,5.));
#1015 = CARTESIAN_POINT('',(83.042829180084,20.02054,5.009867322322));
#1016 = CARTESIAN_POINT('',(83.070382817957,20.02054,5.029617182043));
#1017 = CARTESIAN_POINT('',(83.090132677677,20.02054,5.057170819915));
#1018 = CARTESIAN_POINT('',(83.1,20.02054,5.088584073464));
#1019 = CARTESIAN_POINT('',(83.1,20.02054,5.12));
#1020 = ORIENTED_EDGE('',*,*,#252,.T.);
#1021 = ORIENTED_EDGE('',*,*,#925,.T.);
#1022 = CYLINDRICAL_SURFACE('',#1023,0.12);
#1023 = AXIS2_PLACEMENT_3D('',#1024,#1025,#1026);
#1024 = CARTESIAN_POINT('',(82.98,19.90054,5.12));
#1025 = DIRECTION('',(0.,1.,0.));
#1026 = DIRECTION('',(1.,0.,0.));
#1027 = ADVANCED_FACE('',(#1028),#1044,.T.);
#1028 = FACE_BOUND('',#1029,.T.);
#1029 = EDGE_LOOP('',(#1030,#1031,#1032));
#1030 = ORIENTED_EDGE('',*,*,#238,.F.);
#1031 = ORIENTED_EDGE('',*,*,#1011,.T.);
#1032 = ORIENTED_EDGE('',*,*,#1033,.T.);
#1033 = EDGE_CURVE('',#1004,#231,#1034,.T.);
#1034 = B_SPLINE_CURVE_WITH_KNOTS('',8,(#1035,#1036,#1037,#1038,#1039,
    #1040,#1041,#1042,#1043),.UNSPECIFIED.,.F.,.F.,(9,9),(0.,1.),
  .PIECEWISE_BEZIER_KNOTS.);
#1035 = CARTESIAN_POINT('',(83.1,20.02054,5.12));
#1036 = CARTESIAN_POINT('',(83.1,19.996978055098,5.105));
#1037 = CARTESIAN_POINT('',(83.105287294675,19.973416102779,5.09));
#1038 = CARTESIAN_POINT('',(83.115861832096,19.95123841188,5.075));
#1039 = CARTESIAN_POINT('',(83.131288949306,19.931828949305,5.06));
#1040 = CARTESIAN_POINT('',(83.15069841188,19.916401832096,5.045));
#1041 = CARTESIAN_POINT('',(83.172876102779,19.905827294675,5.03));
#1042 = CARTESIAN_POINT('',(83.196438055098,19.90054,5.015));
#1043 = CARTESIAN_POINT('',(83.22,19.90054,5.));
#1044 = B_SPLINE_SURFACE_WITH_KNOTS('',6,8,(
    (#1045,#1046,#1047,#1048,#1049,#1050,#1051,#1052,#1053)
    ,(#1054,#1055,#1056,#1057,#1058,#1059,#1060,#1061,#1062)
    ,(#1063,#1064,#1065,#1066,#1067,#1068,#1069,#1070,#1071)
    ,(#1072,#1073,#1074,#1075,#1076,#1077,#1078,#1079,#1080)
    ,(#1081,#1082,#1083,#1084,#1085,#1086,#1087,#1088,#1089)
    ,(#1090,#1091,#1092,#1093,#1094,#1095,#1096,#1097,#1098)
    ,(#1099,#1100,#1101,#1102,#1103,#1104,#1105,#1106,#1107
  )),.UNSPECIFIED.,.F.,.F.,.F.,(7,7),(9,9),(0.,1.),(0.,1.),
  .PIECEWISE_BEZIER_KNOTS.);
#1045 = CARTESIAN_POINT('',(82.98,20.02054,5.));
#1046 = CARTESIAN_POINT('',(82.98,19.984454157496,5.));
#1047 = CARTESIAN_POINT('',(83.01592088648,19.950648903068,5.));
#1048 = CARTESIAN_POINT('',(83.045130696852,19.945222681428,5.));
#1049 = CARTESIAN_POINT('',(83.076873867409,19.917449325613,5.));
#1050 = CARTESIAN_POINT('',(83.113746943393,19.915111697982,5.));
#1051 = CARTESIAN_POINT('',(83.147879351048,19.903977450033,5.));
#1052 = CARTESIAN_POINT('',(83.184075905528,19.90054,5.));
#1053 = CARTESIAN_POINT('',(83.22,19.90054,5.));
#1054 = CARTESIAN_POINT('',(83.011415926536,20.02054,5.));
#1055 = CARTESIAN_POINT('',(83.009988935719,19.986541473763,5.));
#1056 = CARTESIAN_POINT('',(83.039377232748,19.954443436353,5.));
#1057 = CARTESIAN_POINT('',(83.064054173478,19.94622530317,5.));
#1058 = CARTESIAN_POINT('',(83.091651010992,19.919845929562,5.));
#1059 = CARTESIAN_POINT('',(83.124186493925,19.915326720334,5.));
#1060 = CARTESIAN_POINT('',(83.15489945797,19.904285757473,5.));
#1061 = CARTESIAN_POINT('',(83.187563254607,19.90054,5.));
#1062 = CARTESIAN_POINT('',(83.22,19.90054,5.));
#1063 = CARTESIAN_POINT('',(83.042829180084,20.02054,5.009867322322));
#1064 = CARTESIAN_POINT('',(83.040767357779,19.98862879003,
    5.008938805172));
#1065 = CARTESIAN_POINT('',(83.062610720584,19.959328945279,
    5.010972901059));
#1066 = CARTESIAN_POINT('',(83.08211307667,19.945736356757,
    5.009739485769));
#1067 = CARTESIAN_POINT('',(83.105402325222,19.922519182117,
    5.007791588615));
#1068 = CARTESIAN_POINT('',(83.133249880051,19.914499041286,
    5.00548645053));
#1069 = CARTESIAN_POINT('',(83.161166888321,19.90437759012,
    5.003181312444));
#1070 = CARTESIAN_POINT('',(83.192557297641,19.90054,5.003429203673));
#1071 = CARTESIAN_POINT('',(83.22,19.90054,5.));
#1072 = CARTESIAN_POINT('',(83.070382817957,20.02054,5.029617182043));
#1073 = CARTESIAN_POINT('',(83.067945309877,19.990716106297,
    5.027051534938));
#1074 = CARTESIAN_POINT('',(83.082560087406,19.963024422889,
    5.024212973903));
#1075 = CARTESIAN_POINT('',(83.098300380412,19.948437183856,
    5.020510826147));
#1076 = CARTESIAN_POINT('',(83.118223765129,19.925241617466,
    5.016408660918));
#1077 = CARTESIAN_POINT('',(83.142674542554,19.915707338997,
    5.012106486951));
#1078 = CARTESIAN_POINT('',(83.167677532477,19.904933827613,
    5.007804312985));
#1079 = CARTESIAN_POINT('',(83.193791272048,19.90054,5.003965708265));
#1080 = CARTESIAN_POINT('',(83.22,19.90054,5.));
#1081 = CARTESIAN_POINT('',(83.090132677677,20.02054,5.057170819915));
#1082 = CARTESIAN_POINT('',(83.087083257912,19.992803422564,
    5.050949192812));
#1083 = CARTESIAN_POINT('',(83.095730035524,19.966499473839,
    5.041543806245));
#1084 = CARTESIAN_POINT('',(83.108762410751,19.951092091577,
    5.034397453756));
#1085 = CARTESIAN_POINT('',(83.126487416532,19.927830168368,
    5.027517963005));
#1086 = CARTESIAN_POINT('',(83.148826414261,19.916926620273,
    5.020771903123));
#1087 = CARTESIAN_POINT('',(83.172080731876,19.905483075049,
    5.014025843241));
#1088 = CARTESIAN_POINT('',(83.194239848292,19.90054,5.00528761102));
#1089 = CARTESIAN_POINT('',(83.22,19.90054,5.));
#1090 = CARTESIAN_POINT('',(83.1,20.02054,5.088584073464));
#1091 = CARTESIAN_POINT('',(83.098036504592,19.994890738831,
    5.077511064281));
#1092 = CARTESIAN_POINT('',(83.10349493907,19.970723702788,
    5.066438055098));
#1093 = CARTESIAN_POINT('',(83.114281990154,19.950465387029,
    5.055365045915));
#1094 = CARTESIAN_POINT('',(83.130274562382,19.930101767586,
    5.044292036732));
#1095 = CARTESIAN_POINT('',(83.150506263905,19.916131891919,
    5.033219027549));
#1096 = CARTESIAN_POINT('',(83.173186302645,19.905553937523,
    5.022146018366));
#1097 = CARTESIAN_POINT('',(83.196877696836,19.90054,5.011073009183));
#1098 = CARTESIAN_POINT('',(83.22,19.90054,5.));
#1099 = CARTESIAN_POINT('',(83.1,20.02054,5.12));
#1100 = CARTESIAN_POINT('',(83.1,19.996978055098,5.105));
#1101 = CARTESIAN_POINT('',(83.105287294675,19.973416102779,5.09));
#1102 = CARTESIAN_POINT('',(83.115861832096,19.95123841188,5.075));
#1103 = CARTESIAN_POINT('',(83.131288949306,19.931828949305,5.06));
#1104 = CARTESIAN_POINT('',(83.15069841188,19.916401832096,5.045));
#1105 = CARTESIAN_POINT('',(83.172876102779,19.905827294675,5.03));
#1106 = CARTESIAN_POINT('',(83.196438055098,19.90054,5.015));
#1107 = CARTESIAN_POINT('',(83.22,19.90054,5.));
#1108 = ADVANCED_FACE('',(#1109),#1127,.F.);
#1109 = FACE_BOUND('',#1110,.F.);
#1110 = EDGE_LOOP('',(#1111,#1112,#1120,#1126));
#1111 = ORIENTED_EDGE('',*,*,#881,.F.);
#1112 = ORIENTED_EDGE('',*,*,#1113,.F.);
#1113 = EDGE_CURVE('',#1114,#882,#1116,.T.);
#1114 = VERTEX_POINT('',#1115);
#1115 = CARTESIAN_POINT('',(2.,51.4,8.E-02));
#1116 = LINE('',#1117,#1118);
#1117 = CARTESIAN_POINT('',(2.,51.4,8.E-02));
#1118 = VECTOR('',#1119,1.);
#1119 = DIRECTION('',(1.,0.,0.));
#1120 = ORIENTED_EDGE('',*,*,#1121,.T.);
#1121 = EDGE_CURVE('',#1114,#172,#1122,.T.);
#1122 = LINE('',#1123,#1124);
#1123 = CARTESIAN_POINT('',(2.,51.4,-1.));
#1124 = VECTOR('',#1125,1.);
#1125 = DIRECTION('',(0.,0.,1.));
#1126 = ORIENTED_EDGE('',*,*,#171,.T.);
#1127 = PLANE('',#1128);
#1128 = AXIS2_PLACEMENT_3D('',#1129,#1130,#1131);
#1129 = CARTESIAN_POINT('',(2.,51.4,-1.));
#1130 = DIRECTION('',(0.,1.,0.));
#1131 = DIRECTION('',(0.,0.,1.));
#1132 = ADVANCED_FACE('',(#1133),#1183,.T.);
#1133 = FACE_BOUND('',#1134,.T.);
#1134 = EDGE_LOOP('',(#1135,#1143,#1144,#1150,#1151,#1160,#1168,#1175,
    #1176));
#1135 = ORIENTED_EDGE('',*,*,#1136,.T.);
#1136 = EDGE_CURVE('',#1137,#223,#1139,.T.);
#1137 = VERTEX_POINT('',#1138);
#1138 = CARTESIAN_POINT('',(83.4,19.90054,8.E-02));
#1139 = LINE('',#1140,#1141);
#1140 = CARTESIAN_POINT('',(83.4,19.90054,-1.));
#1141 = VECTOR('',#1142,1.);
#1142 = DIRECTION('',(0.,0.,1.));
#1143 = ORIENTED_EDGE('',*,*,#230,.T.);
#1144 = ORIENTED_EDGE('',*,*,#1145,.T.);
#1145 = EDGE_CURVE('',#231,#685,#1146,.T.);
#1146 = LINE('',#1147,#1148);
#1147 = CARTESIAN_POINT('',(83.22,19.90054,5.));
#1148 = VECTOR('',#1149,1.);
#1149 = DIRECTION('',(0.,0.,1.));
#1150 = ORIENTED_EDGE('',*,*,#684,.F.);
#1151 = ORIENTED_EDGE('',*,*,#1152,.T.);
#1152 = EDGE_CURVE('',#677,#1153,#1155,.T.);
#1153 = VERTEX_POINT('',#1154);
#1154 = CARTESIAN_POINT('',(84.6,19.90054,5.2));
#1155 = CIRCLE('',#1156,0.6);
#1156 = AXIS2_PLACEMENT_3D('',#1157,#1158,#1159);
#1157 = CARTESIAN_POINT('',(84.,19.90054,5.2));
#1158 = DIRECTION('',(-0.,1.,0.));
#1159 = DIRECTION('',(1.,0.,0.));
#1160 = ORIENTED_EDGE('',*,*,#1161,.F.);
#1161 = EDGE_CURVE('',#1162,#1153,#1164,.T.);
#1162 = VERTEX_POINT('',#1163);
#1163 = CARTESIAN_POINT('',(84.6,19.90054,0.4));
#1164 = LINE('',#1165,#1166);
#1165 = CARTESIAN_POINT('',(84.6,19.90054,-0.5));
#1166 = VECTOR('',#1167,1.);
#1167 = DIRECTION('',(0.,0.,1.));
#1168 = ORIENTED_EDGE('',*,*,#1169,.T.);
#1169 = EDGE_CURVE('',#1162,#386,#1170,.T.);
#1170 = CIRCLE('',#1171,0.4);
#1171 = AXIS2_PLACEMENT_3D('',#1172,#1173,#1174);
#1172 = CARTESIAN_POINT('',(84.2,19.90054,0.4));
#1173 = DIRECTION('',(-0.,1.,0.));
#1174 = DIRECTION('',(1.,0.,0.));
#1175 = ORIENTED_EDGE('',*,*,#383,.F.);
#1176 = ORIENTED_EDGE('',*,*,#1177,.F.);
#1177 = EDGE_CURVE('',#1137,#384,#1178,.T.);
#1178 = CIRCLE('',#1179,8.E-02);
#1179 = AXIS2_PLACEMENT_3D('',#1180,#1181,#1182);
#1180 = CARTESIAN_POINT('',(83.48,19.90054,8.E-02));
#1181 = DIRECTION('',(0.,-1.,0.));
#1182 = DIRECTION('',(0.,0.,-1.));
#1183 = PLANE('',#1184);
#1184 = AXIS2_PLACEMENT_3D('',#1185,#1186,#1187);
#1185 = CARTESIAN_POINT('',(83.1,19.90054,-1.));
#1186 = DIRECTION('',(0.,1.,0.));
#1187 = DIRECTION('',(0.,0.,1.));
#1188 = ADVANCED_FACE('',(#1189),#1208,.F.);
#1189 = FACE_BOUND('',#1190,.F.);
#1190 = EDGE_LOOP('',(#1191,#1199,#1200,#1201));
#1191 = ORIENTED_EDGE('',*,*,#1192,.T.);
#1192 = EDGE_CURVE('',#1193,#180,#1195,.T.);
#1193 = VERTEX_POINT('',#1194);
#1194 = CARTESIAN_POINT('',(0.6,50.,8.E-02));
#1195 = LINE('',#1196,#1197);
#1196 = CARTESIAN_POINT('',(0.6,50.,-1.));
#1197 = VECTOR('',#1198,1.);
#1198 = DIRECTION('',(0.,0.,1.));
#1199 = ORIENTED_EDGE('',*,*,#179,.F.);
#1200 = ORIENTED_EDGE('',*,*,#1121,.F.);
#1201 = ORIENTED_EDGE('',*,*,#1202,.F.);
#1202 = EDGE_CURVE('',#1193,#1114,#1203,.T.);
#1203 = CIRCLE('',#1204,1.4);
#1204 = AXIS2_PLACEMENT_3D('',#1205,#1206,#1207);
#1205 = CARTESIAN_POINT('',(2.,50.,8.E-02));
#1206 = DIRECTION('',(0.,0.,-1.));
#1207 = DIRECTION('',(-1.,0.,0.));
#1208 = CYLINDRICAL_SURFACE('',#1209,1.4);
#1209 = AXIS2_PLACEMENT_3D('',#1210,#1211,#1212);
#1210 = CARTESIAN_POINT('',(2.,50.,-1.));
#1211 = DIRECTION('',(0.,0.,1.));
#1212 = DIRECTION('',(1.,0.,0.));
#1213 = ADVANCED_FACE('',(#1214),#1232,.F.);
#1214 = FACE_BOUND('',#1215,.F.);
#1215 = EDGE_LOOP('',(#1216,#1224,#1230,#1231));
#1216 = ORIENTED_EDGE('',*,*,#1217,.F.);
#1217 = EDGE_CURVE('',#1218,#214,#1220,.T.);
#1218 = VERTEX_POINT('',#1219);
#1219 = CARTESIAN_POINT('',(83.4,2.,8.E-02));
#1220 = LINE('',#1221,#1222);
#1221 = CARTESIAN_POINT('',(83.4,2.,-1.));
#1222 = VECTOR('',#1223,1.);
#1223 = DIRECTION('',(0.,0.,1.));
#1224 = ORIENTED_EDGE('',*,*,#1225,.F.);
#1225 = EDGE_CURVE('',#1137,#1218,#1226,.T.);
#1226 = LINE('',#1227,#1228);
#1227 = CARTESIAN_POINT('',(83.4,19.90054,8.E-02));
#1228 = VECTOR('',#1229,1.);
#1229 = DIRECTION('',(0.,-1.,0.));
#1230 = ORIENTED_EDGE('',*,*,#1136,.T.);
#1231 = ORIENTED_EDGE('',*,*,#222,.F.);
#1232 = PLANE('',#1233);
#1233 = AXIS2_PLACEMENT_3D('',#1234,#1235,#1236);
#1234 = CARTESIAN_POINT('',(83.4,2.,-1.));
#1235 = DIRECTION('',(1.,0.,0.));
#1236 = DIRECTION('',(0.,0.,1.));
#1237 = ADVANCED_FACE('',(#1238),#1256,.T.);
#1238 = FACE_BOUND('',#1239,.T.);
#1239 = EDGE_LOOP('',(#1240,#1248,#1254,#1255));
#1240 = ORIENTED_EDGE('',*,*,#1241,.F.);
#1241 = EDGE_CURVE('',#1242,#189,#1244,.T.);
#1242 = VERTEX_POINT('',#1243);
#1243 = CARTESIAN_POINT('',(0.6,2.,8.E-02));
#1244 = LINE('',#1245,#1246);
#1245 = CARTESIAN_POINT('',(0.6,2.,-1.));
#1246 = VECTOR('',#1247,1.);
#1247 = DIRECTION('',(0.,0.,1.));
#1248 = ORIENTED_EDGE('',*,*,#1249,.T.);
#1249 = EDGE_CURVE('',#1242,#1193,#1250,.T.);
#1250 = LINE('',#1251,#1252);
#1251 = CARTESIAN_POINT('',(0.6,2.,8.E-02));
#1252 = VECTOR('',#1253,1.);
#1253 = DIRECTION('',(0.,1.,0.));
#1254 = ORIENTED_EDGE('',*,*,#1192,.T.);
#1255 = ORIENTED_EDGE('',*,*,#188,.F.);
#1256 = PLANE('',#1257);
#1257 = AXIS2_PLACEMENT_3D('',#1258,#1259,#1260);
#1258 = CARTESIAN_POINT('',(0.6,2.,-1.));
#1259 = DIRECTION('',(1.,0.,0.));
#1260 = DIRECTION('',(0.,0.,1.));
#1261 = ADVANCED_FACE('',(#1262),#1281,.F.);
#1262 = FACE_BOUND('',#1263,.F.);
#1263 = EDGE_LOOP('',(#1264,#1265,#1266,#1274));
#1264 = ORIENTED_EDGE('',*,*,#1217,.T.);
#1265 = ORIENTED_EDGE('',*,*,#213,.F.);
#1266 = ORIENTED_EDGE('',*,*,#1267,.F.);
#1267 = EDGE_CURVE('',#1268,#206,#1270,.T.);
#1268 = VERTEX_POINT('',#1269);
#1269 = CARTESIAN_POINT('',(82.,0.6,8.E-02));
#1270 = LINE('',#1271,#1272);
#1271 = CARTESIAN_POINT('',(82.,0.6,-1.));
#1272 = VECTOR('',#1273,1.);
#1273 = DIRECTION('',(0.,0.,1.));
#1274 = ORIENTED_EDGE('',*,*,#1275,.F.);
#1275 = EDGE_CURVE('',#1218,#1268,#1276,.T.);
#1276 = CIRCLE('',#1277,1.4);
#1277 = AXIS2_PLACEMENT_3D('',#1278,#1279,#1280);
#1278 = CARTESIAN_POINT('',(82.,2.,8.E-02));
#1279 = DIRECTION('',(0.,-0.,-1.));
#1280 = DIRECTION('',(1.,-3.172065784643E-16,0.));
#1281 = CYLINDRICAL_SURFACE('',#1282,1.4);
#1282 = AXIS2_PLACEMENT_3D('',#1283,#1284,#1285);
#1283 = CARTESIAN_POINT('',(82.,2.,-1.));
#1284 = DIRECTION('',(0.,0.,1.));
#1285 = DIRECTION('',(1.,0.,0.));
#1286 = ADVANCED_FACE('',(#1287),#1306,.F.);
#1287 = FACE_BOUND('',#1288,.F.);
#1288 = EDGE_LOOP('',(#1289,#1297,#1298,#1299));
#1289 = ORIENTED_EDGE('',*,*,#1290,.T.);
#1290 = EDGE_CURVE('',#1291,#197,#1293,.T.);
#1291 = VERTEX_POINT('',#1292);
#1292 = CARTESIAN_POINT('',(2.,0.6,8.E-02));
#1293 = LINE('',#1294,#1295);
#1294 = CARTESIAN_POINT('',(2.,0.6,-1.));
#1295 = VECTOR('',#1296,1.);
#1296 = DIRECTION('',(0.,0.,1.));
#1297 = ORIENTED_EDGE('',*,*,#196,.F.);
#1298 = ORIENTED_EDGE('',*,*,#1241,.F.);
#1299 = ORIENTED_EDGE('',*,*,#1300,.F.);
#1300 = EDGE_CURVE('',#1291,#1242,#1301,.T.);
#1301 = CIRCLE('',#1302,1.4);
#1302 = AXIS2_PLACEMENT_3D('',#1303,#1304,#1305);
#1303 = CARTESIAN_POINT('',(2.,2.,8.E-02));
#1304 = DIRECTION('',(-0.,0.,-1.));
#1305 = DIRECTION('',(-1.586032892322E-16,-1.,0.));
#1306 = CYLINDRICAL_SURFACE('',#1307,1.4);
#1307 = AXIS2_PLACEMENT_3D('',#1308,#1309,#1310);
#1308 = CARTESIAN_POINT('',(2.,2.,-1.));
#1309 = DIRECTION('',(0.,0.,1.));
#1310 = DIRECTION('',(1.,0.,0.));
#1311 = ADVANCED_FACE('',(#1312),#1323,.T.);
#1312 = FACE_BOUND('',#1313,.T.);
#1313 = EDGE_LOOP('',(#1314,#1315,#1321,#1322));
#1314 = ORIENTED_EDGE('',*,*,#1267,.F.);
#1315 = ORIENTED_EDGE('',*,*,#1316,.T.);
#1316 = EDGE_CURVE('',#1268,#1291,#1317,.T.);
#1317 = LINE('',#1318,#1319);
#1318 = CARTESIAN_POINT('',(82.,0.6,8.E-02));
#1319 = VECTOR('',#1320,1.);
#1320 = DIRECTION('',(-1.,0.,0.));
#1321 = ORIENTED_EDGE('',*,*,#1290,.T.);
#1322 = ORIENTED_EDGE('',*,*,#205,.T.);
#1323 = PLANE('',#1324);
#1324 = AXIS2_PLACEMENT_3D('',#1325,#1326,#1327);
#1325 = CARTESIAN_POINT('',(2.,0.6,-1.));
#1326 = DIRECTION('',(0.,1.,0.));
#1327 = DIRECTION('',(0.,0.,1.));
#1328 = ADVANCED_FACE('',(#1329),#1348,.F.);
#1329 = FACE_BOUND('',#1330,.F.);
#1330 = EDGE_LOOP('',(#1331,#1339,#1346,#1347));
#1331 = ORIENTED_EDGE('',*,*,#1332,.T.);
#1332 = EDGE_CURVE('',#275,#1333,#1335,.T.);
#1333 = VERTEX_POINT('',#1334);
#1334 = CARTESIAN_POINT('',(43.7,4.5,5.68));
#1335 = LINE('',#1336,#1337);
#1336 = CARTESIAN_POINT('',(43.7,4.5,4.5));
#1337 = VECTOR('',#1338,1.);
#1338 = DIRECTION('',(0.,0.,1.));
#1339 = ORIENTED_EDGE('',*,*,#1340,.F.);
#1340 = EDGE_CURVE('',#1333,#1333,#1341,.T.);
#1341 = CIRCLE('',#1342,2.6);
#1342 = AXIS2_PLACEMENT_3D('',#1343,#1344,#1345);
#1343 = CARTESIAN_POINT('',(41.1,4.5,5.68));
#1344 = DIRECTION('',(0.,0.,1.));
#1345 = DIRECTION('',(1.,0.,0.));
#1346 = ORIENTED_EDGE('',*,*,#1332,.F.);
#1347 = ORIENTED_EDGE('',*,*,#274,.T.);
#1348 = CYLINDRICAL_SURFACE('',#1349,2.6);
#1349 = AXIS2_PLACEMENT_3D('',#1350,#1351,#1352);
#1350 = CARTESIAN_POINT('',(41.1,4.5,4.5));
#1351 = DIRECTION('',(0.,0.,1.));
#1352 = DIRECTION('',(1.,0.,0.));
#1353 = ADVANCED_FACE('',(#1354),#1373,.F.);
#1354 = FACE_BOUND('',#1355,.F.);
#1355 = EDGE_LOOP('',(#1356,#1364,#1371,#1372));
#1356 = ORIENTED_EDGE('',*,*,#1357,.T.);
#1357 = EDGE_CURVE('',#286,#1358,#1360,.T.);
#1358 = VERTEX_POINT('',#1359);
#1359 = CARTESIAN_POINT('',(52.2,8.80000526,5.68));
#1360 = LINE('',#1361,#1362);
#1361 = CARTESIAN_POINT('',(52.2,8.80000526,4.5));
#1362 = VECTOR('',#1363,1.);
#1363 = DIRECTION('',(0.,0.,1.));
#1364 = ORIENTED_EDGE('',*,*,#1365,.F.);
#1365 = EDGE_CURVE('',#1358,#1358,#1366,.T.);
#1366 = CIRCLE('',#1367,2.6);
#1367 = AXIS2_PLACEMENT_3D('',#1368,#1369,#1370);
#1368 = CARTESIAN_POINT('',(49.6,8.80000526,5.68));
#1369 = DIRECTION('',(0.,-0.,1.));
#1370 = DIRECTION('',(1.,6.832141690001E-16,0.));
#1371 = ORIENTED_EDGE('',*,*,#1357,.F.);
#1372 = ORIENTED_EDGE('',*,*,#285,.T.);
#1373 = CYLINDRICAL_SURFACE('',#1374,2.6);
#1374 = AXIS2_PLACEMENT_3D('',#1375,#1376,#1377);
#1375 = CARTESIAN_POINT('',(49.6,8.80000526,4.5));
#1376 = DIRECTION('',(0.,0.,1.));
#1377 = DIRECTION('',(1.,0.,0.));
#1378 = ADVANCED_FACE('',(#1379),#1398,.F.);
#1379 = FACE_BOUND('',#1380,.F.);
#1380 = EDGE_LOOP('',(#1381,#1389,#1396,#1397));
#1381 = ORIENTED_EDGE('',*,*,#1382,.T.);
#1382 = EDGE_CURVE('',#297,#1383,#1385,.T.);
#1383 = VERTEX_POINT('',#1384);
#1384 = CARTESIAN_POINT('',(43.7,14.4,5.68));
#1385 = LINE('',#1386,#1387);
#1386 = CARTESIAN_POINT('',(43.7,14.4,4.5));
#1387 = VECTOR('',#1388,1.);
#1388 = DIRECTION('',(0.,0.,1.));
#1389 = ORIENTED_EDGE('',*,*,#1390,.F.);
#1390 = EDGE_CURVE('',#1383,#1383,#1391,.T.);
#1391 = CIRCLE('',#1392,2.6);
#1392 = AXIS2_PLACEMENT_3D('',#1393,#1394,#1395);
#1393 = CARTESIAN_POINT('',(41.1,14.4,5.68));
#1394 = DIRECTION('',(0.,0.,1.));
#1395 = DIRECTION('',(1.,0.,0.));
#1396 = ORIENTED_EDGE('',*,*,#1382,.F.);
#1397 = ORIENTED_EDGE('',*,*,#296,.T.);
#1398 = CYLINDRICAL_SURFACE('',#1399,2.6);
#1399 = AXIS2_PLACEMENT_3D('',#1400,#1401,#1402);
#1400 = CARTESIAN_POINT('',(41.1,14.4,4.5));
#1401 = DIRECTION('',(0.,0.,1.));
#1402 = DIRECTION('',(1.,0.,0.));
#1403 = ADVANCED_FACE('',(#1404),#1430,.F.);
#1404 = FACE_BOUND('',#1405,.F.);
#1405 = EDGE_LOOP('',(#1406,#1414,#1423,#1429));
#1406 = ORIENTED_EDGE('',*,*,#1407,.T.);
#1407 = EDGE_CURVE('',#310,#1408,#1410,.T.);
#1408 = VERTEX_POINT('',#1409);
#1409 = CARTESIAN_POINT('',(4.3,20.3,5.68));
#1410 = LINE('',#1411,#1412);
#1411 = CARTESIAN_POINT('',(4.3,20.3,4.5));
#1412 = VECTOR('',#1413,1.);
#1413 = DIRECTION('',(0.,0.,1.));
#1414 = ORIENTED_EDGE('',*,*,#1415,.F.);
#1415 = EDGE_CURVE('',#1416,#1408,#1418,.T.);
#1416 = VERTEX_POINT('',#1417);
#1417 = CARTESIAN_POINT('',(4.,20.6,5.68));
#1418 = CIRCLE('',#1419,0.3);
#1419 = AXIS2_PLACEMENT_3D('',#1420,#1421,#1422);
#1420 = CARTESIAN_POINT('',(4.3,20.6,5.68));
#1421 = DIRECTION('',(0.,0.,1.));
#1422 = DIRECTION('',(-1.,0.,0.));
#1423 = ORIENTED_EDGE('',*,*,#1424,.F.);
#1424 = EDGE_CURVE('',#308,#1416,#1425,.T.);
#1425 = LINE('',#1426,#1427);
#1426 = CARTESIAN_POINT('',(4.,20.6,4.5));
#1427 = VECTOR('',#1428,1.);
#1428 = DIRECTION('',(0.,0.,1.));
#1429 = ORIENTED_EDGE('',*,*,#307,.T.);
#1430 = CYLINDRICAL_SURFACE('',#1431,0.3);
#1431 = AXIS2_PLACEMENT_3D('',#1432,#1433,#1434);
#1432 = CARTESIAN_POINT('',(4.3,20.6,4.5));
#1433 = DIRECTION('',(0.,0.,1.));
#1434 = DIRECTION('',(1.,0.,0.));
#1435 = ADVANCED_FACE('',(#1436),#1454,.T.);
#1436 = FACE_BOUND('',#1437,.T.);
#1437 = EDGE_LOOP('',(#1438,#1439,#1440,#1448));
#1438 = ORIENTED_EDGE('',*,*,#1424,.F.);
#1439 = ORIENTED_EDGE('',*,*,#318,.T.);
#1440 = ORIENTED_EDGE('',*,*,#1441,.T.);
#1441 = EDGE_CURVE('',#319,#1442,#1444,.T.);
#1442 = VERTEX_POINT('',#1443);
#1443 = CARTESIAN_POINT('',(4.,47.8,5.68));
#1444 = LINE('',#1445,#1446);
#1445 = CARTESIAN_POINT('',(4.,47.8,4.5));
#1446 = VECTOR('',#1447,1.);
#1447 = DIRECTION('',(0.,0.,1.));
#1448 = ORIENTED_EDGE('',*,*,#1449,.T.);
#1449 = EDGE_CURVE('',#1442,#1416,#1450,.T.);
#1450 = LINE('',#1451,#1452);
#1451 = CARTESIAN_POINT('',(4.,47.8,5.68));
#1452 = VECTOR('',#1453,1.);
#1453 = DIRECTION('',(0.,-1.,0.));
#1454 = PLANE('',#1455);
#1455 = AXIS2_PLACEMENT_3D('',#1456,#1457,#1458);
#1456 = CARTESIAN_POINT('',(4.,20.6,4.5));
#1457 = DIRECTION('',(1.,0.,0.));
#1458 = DIRECTION('',(0.,0.,1.));
#1459 = ADVANCED_FACE('',(#1460),#1478,.T.);
#1460 = FACE_BOUND('',#1461,.T.);
#1461 = EDGE_LOOP('',(#1462,#1470,#1471,#1472));
#1462 = ORIENTED_EDGE('',*,*,#1463,.F.);
#1463 = EDGE_CURVE('',#361,#1464,#1466,.T.);
#1464 = VERTEX_POINT('',#1465);
#1465 = CARTESIAN_POINT('',(31.5,20.3,5.68));
#1466 = LINE('',#1467,#1468);
#1467 = CARTESIAN_POINT('',(31.5,20.3,4.5));
#1468 = VECTOR('',#1469,1.);
#1469 = DIRECTION('',(0.,0.,1.));
#1470 = ORIENTED_EDGE('',*,*,#369,.T.);
#1471 = ORIENTED_EDGE('',*,*,#1407,.T.);
#1472 = ORIENTED_EDGE('',*,*,#1473,.T.);
#1473 = EDGE_CURVE('',#1408,#1464,#1474,.T.);
#1474 = LINE('',#1475,#1476);
#1475 = CARTESIAN_POINT('',(4.3,20.3,5.68));
#1476 = VECTOR('',#1477,1.);
#1477 = DIRECTION('',(1.,0.,0.));
#1478 = PLANE('',#1479);
#1479 = AXIS2_PLACEMENT_3D('',#1480,#1481,#1482);
#1480 = CARTESIAN_POINT('',(4.3,20.3,4.5));
#1481 = DIRECTION('',(0.,1.,0.));
#1482 = DIRECTION('',(0.,0.,1.));
#1483 = ADVANCED_FACE('',(#1484),#1503,.F.);
#1484 = FACE_BOUND('',#1485,.F.);
#1485 = EDGE_LOOP('',(#1486,#1487,#1496,#1502));
#1486 = ORIENTED_EDGE('',*,*,#1441,.T.);
#1487 = ORIENTED_EDGE('',*,*,#1488,.F.);
#1488 = EDGE_CURVE('',#1489,#1442,#1491,.T.);
#1489 = VERTEX_POINT('',#1490);
#1490 = CARTESIAN_POINT('',(4.3,48.1,5.68));
#1491 = CIRCLE('',#1492,0.3);
#1492 = AXIS2_PLACEMENT_3D('',#1493,#1494,#1495);
#1493 = CARTESIAN_POINT('',(4.3,47.8,5.68));
#1494 = DIRECTION('',(0.,-0.,1.));
#1495 = DIRECTION('',(8.881784197001E-15,1.,0.));
#1496 = ORIENTED_EDGE('',*,*,#1497,.F.);
#1497 = EDGE_CURVE('',#327,#1489,#1498,.T.);
#1498 = LINE('',#1499,#1500);
#1499 = CARTESIAN_POINT('',(4.3,48.1,4.5));
#1500 = VECTOR('',#1501,1.);
#1501 = DIRECTION('',(0.,0.,1.));
#1502 = ORIENTED_EDGE('',*,*,#326,.T.);
#1503 = CYLINDRICAL_SURFACE('',#1504,0.3);
#1504 = AXIS2_PLACEMENT_3D('',#1505,#1506,#1507);
#1505 = CARTESIAN_POINT('',(4.3,47.8,4.5));
#1506 = DIRECTION('',(0.,0.,1.));
#1507 = DIRECTION('',(1.,0.,0.));
#1508 = ADVANCED_FACE('',(#1509),#1528,.F.);
#1509 = FACE_BOUND('',#1510,.F.);
#1510 = EDGE_LOOP('',(#1511,#1519,#1526,#1527));
#1511 = ORIENTED_EDGE('',*,*,#1512,.T.);
#1512 = EDGE_CURVE('',#353,#1513,#1515,.T.);
#1513 = VERTEX_POINT('',#1514);
#1514 = CARTESIAN_POINT('',(31.8,20.6,5.68));
#1515 = LINE('',#1516,#1517);
#1516 = CARTESIAN_POINT('',(31.8,20.6,4.5));
#1517 = VECTOR('',#1518,1.);
#1518 = DIRECTION('',(0.,0.,1.));
#1519 = ORIENTED_EDGE('',*,*,#1520,.F.);
#1520 = EDGE_CURVE('',#1464,#1513,#1521,.T.);
#1521 = CIRCLE('',#1522,0.3);
#1522 = AXIS2_PLACEMENT_3D('',#1523,#1524,#1525);
#1523 = CARTESIAN_POINT('',(31.5,20.6,5.68));
#1524 = DIRECTION('',(-0.,0.,1.));
#1525 = DIRECTION('',(0.,-1.,0.));
#1526 = ORIENTED_EDGE('',*,*,#1463,.F.);
#1527 = ORIENTED_EDGE('',*,*,#360,.T.);
#1528 = CYLINDRICAL_SURFACE('',#1529,0.3);
#1529 = AXIS2_PLACEMENT_3D('',#1530,#1531,#1532);
#1530 = CARTESIAN_POINT('',(31.5,20.6,4.5));
#1531 = DIRECTION('',(0.,0.,1.));
#1532 = DIRECTION('',(1.,0.,0.));
#1533 = ADVANCED_FACE('',(#1534),#1552,.F.);
#1534 = FACE_BOUND('',#1535,.F.);
#1535 = EDGE_LOOP('',(#1536,#1544,#1545,#1546));
#1536 = ORIENTED_EDGE('',*,*,#1537,.F.);
#1537 = EDGE_CURVE('',#336,#1538,#1540,.T.);
#1538 = VERTEX_POINT('',#1539);
#1539 = CARTESIAN_POINT('',(31.5,48.1,5.68));
#1540 = LINE('',#1541,#1542);
#1541 = CARTESIAN_POINT('',(31.5,48.1,4.5));
#1542 = VECTOR('',#1543,1.);
#1543 = DIRECTION('',(0.,0.,1.));
#1544 = ORIENTED_EDGE('',*,*,#335,.T.);
#1545 = ORIENTED_EDGE('',*,*,#1497,.T.);
#1546 = ORIENTED_EDGE('',*,*,#1547,.F.);
#1547 = EDGE_CURVE('',#1538,#1489,#1548,.T.);
#1548 = LINE('',#1549,#1550);
#1549 = CARTESIAN_POINT('',(31.5,48.1,5.68));
#1550 = VECTOR('',#1551,1.);
#1551 = DIRECTION('',(-1.,0.,0.));
#1552 = PLANE('',#1553);
#1553 = AXIS2_PLACEMENT_3D('',#1554,#1555,#1556);
#1554 = CARTESIAN_POINT('',(4.3,48.1,4.5));
#1555 = DIRECTION('',(0.,1.,0.));
#1556 = DIRECTION('',(0.,0.,1.));
#1557 = ADVANCED_FACE('',(#1558),#1576,.F.);
#1558 = FACE_BOUND('',#1559,.F.);
#1559 = EDGE_LOOP('',(#1560,#1561,#1562,#1570));
#1560 = ORIENTED_EDGE('',*,*,#1512,.F.);
#1561 = ORIENTED_EDGE('',*,*,#352,.T.);
#1562 = ORIENTED_EDGE('',*,*,#1563,.T.);
#1563 = EDGE_CURVE('',#344,#1564,#1566,.T.);
#1564 = VERTEX_POINT('',#1565);
#1565 = CARTESIAN_POINT('',(31.8,47.8,5.68));
#1566 = LINE('',#1567,#1568);
#1567 = CARTESIAN_POINT('',(31.8,47.8,4.5));
#1568 = VECTOR('',#1569,1.);
#1569 = DIRECTION('',(0.,0.,1.));
#1570 = ORIENTED_EDGE('',*,*,#1571,.F.);
#1571 = EDGE_CURVE('',#1513,#1564,#1572,.T.);
#1572 = LINE('',#1573,#1574);
#1573 = CARTESIAN_POINT('',(31.8,20.6,5.68));
#1574 = VECTOR('',#1575,1.);
#1575 = DIRECTION('',(0.,1.,0.));
#1576 = PLANE('',#1577);
#1577 = AXIS2_PLACEMENT_3D('',#1578,#1579,#1580);
#1578 = CARTESIAN_POINT('',(31.8,20.6,4.5));
#1579 = DIRECTION('',(1.,0.,0.));
#1580 = DIRECTION('',(0.,0.,1.));
#1581 = ADVANCED_FACE('',(#1582),#1594,.F.);
#1582 = FACE_BOUND('',#1583,.F.);
#1583 = EDGE_LOOP('',(#1584,#1585,#1592,#1593));
#1584 = ORIENTED_EDGE('',*,*,#1537,.T.);
#1585 = ORIENTED_EDGE('',*,*,#1586,.F.);
#1586 = EDGE_CURVE('',#1564,#1538,#1587,.T.);
#1587 = CIRCLE('',#1588,0.3);
#1588 = AXIS2_PLACEMENT_3D('',#1589,#1590,#1591);
#1589 = CARTESIAN_POINT('',(31.5,47.8,5.68));
#1590 = DIRECTION('',(0.,0.,1.));
#1591 = DIRECTION('',(1.,0.,0.));
#1592 = ORIENTED_EDGE('',*,*,#1563,.F.);
#1593 = ORIENTED_EDGE('',*,*,#343,.T.);
#1594 = CYLINDRICAL_SURFACE('',#1595,0.3);
#1595 = AXIS2_PLACEMENT_3D('',#1596,#1597,#1598);
#1596 = CARTESIAN_POINT('',(31.5,47.8,4.5));
#1597 = DIRECTION('',(0.,0.,1.));
#1598 = DIRECTION('',(1.,0.,0.));
#1599 = ADVANCED_FACE('',(#1600),#1612,.T.);
#1600 = FACE_BOUND('',#1601,.T.);
#1601 = EDGE_LOOP('',(#1602,#1603,#1604,#1611));
#1602 = ORIENTED_EDGE('',*,*,#1177,.T.);
#1603 = ORIENTED_EDGE('',*,*,#529,.T.);
#1604 = ORIENTED_EDGE('',*,*,#1605,.F.);
#1605 = EDGE_CURVE('',#1218,#521,#1606,.T.);
#1606 = CIRCLE('',#1607,8.E-02);
#1607 = AXIS2_PLACEMENT_3D('',#1608,#1609,#1610);
#1608 = CARTESIAN_POINT('',(83.48,2.,8.E-02));
#1609 = DIRECTION('',(0.,-1.,0.));
#1610 = DIRECTION('',(-1.,0.,0.));
#1611 = ORIENTED_EDGE('',*,*,#1225,.F.);
#1612 = CYLINDRICAL_SURFACE('',#1613,8.E-02);
#1613 = AXIS2_PLACEMENT_3D('',#1614,#1615,#1616);
#1614 = CARTESIAN_POINT('',(83.48,19.90054,8.E-02));
#1615 = DIRECTION('',(0.,-1.,0.));
#1616 = DIRECTION('',(-1.,0.,0.));
#1617 = ADVANCED_FACE('',(#1618),#1637,.T.);
#1618 = FACE_BOUND('',#1619,.T.);
#1619 = EDGE_LOOP('',(#1620,#1628,#1635,#1636));
#1620 = ORIENTED_EDGE('',*,*,#1621,.F.);
#1621 = EDGE_CURVE('',#1622,#1162,#1624,.T.);
#1622 = VERTEX_POINT('',#1623);
#1623 = CARTESIAN_POINT('',(84.6,2.,0.4));
#1624 = LINE('',#1625,#1626);
#1625 = CARTESIAN_POINT('',(84.6,2.,0.4));
#1626 = VECTOR('',#1627,1.);
#1627 = DIRECTION('',(0.,1.,0.));
#1628 = ORIENTED_EDGE('',*,*,#1629,.T.);
#1629 = EDGE_CURVE('',#1622,#394,#1630,.T.);
#1630 = CIRCLE('',#1631,0.4);
#1631 = AXIS2_PLACEMENT_3D('',#1632,#1633,#1634);
#1632 = CARTESIAN_POINT('',(84.2,2.,0.4));
#1633 = DIRECTION('',(1.978751737574E-16,1.,0.));
#1634 = DIRECTION('',(1.,-1.978751737574E-16,0.));
#1635 = ORIENTED_EDGE('',*,*,#393,.T.);
#1636 = ORIENTED_EDGE('',*,*,#1169,.F.);
#1637 = CYLINDRICAL_SURFACE('',#1638,0.4);
#1638 = AXIS2_PLACEMENT_3D('',#1639,#1640,#1641);
#1639 = CARTESIAN_POINT('',(84.2,2.,0.4));
#1640 = DIRECTION('',(0.,1.,0.));
#1641 = DIRECTION('',(1.,0.,0.));
#1642 = ADVANCED_FACE('',(#1643),#1655,.T.);
#1643 = FACE_BOUND('',#1644,.F.);
#1644 = EDGE_LOOP('',(#1645,#1646,#1647,#1654));
#1645 = ORIENTED_EDGE('',*,*,#1605,.F.);
#1646 = ORIENTED_EDGE('',*,*,#1275,.T.);
#1647 = ORIENTED_EDGE('',*,*,#1648,.T.);
#1648 = EDGE_CURVE('',#1268,#513,#1649,.T.);
#1649 = CIRCLE('',#1650,8.E-02);
#1650 = AXIS2_PLACEMENT_3D('',#1651,#1652,#1653);
#1651 = CARTESIAN_POINT('',(82.,0.52,8.E-02));
#1652 = DIRECTION('',(-1.,-9.513988378194E-15,0.));
#1653 = DIRECTION('',(9.513988378194E-15,-1.,0.));
#1654 = ORIENTED_EDGE('',*,*,#520,.F.);
#1655 = TOROIDAL_SURFACE('',#1656,1.48,8.E-02);
#1656 = AXIS2_PLACEMENT_3D('',#1657,#1658,#1659);
#1657 = CARTESIAN_POINT('',(82.,2.,8.E-02));
#1658 = DIRECTION('',(0.,0.,1.));
#1659 = DIRECTION('',(1.,-3.172065784643E-16,0.));
#1660 = ADVANCED_FACE('',(#1661),#1681,.T.);
#1661 = FACE_BOUND('',#1662,.F.);
#1662 = EDGE_LOOP('',(#1663,#1672,#1679,#1680));
#1663 = ORIENTED_EDGE('',*,*,#1664,.F.);
#1664 = EDGE_CURVE('',#1665,#402,#1667,.T.);
#1665 = VERTEX_POINT('',#1666);
#1666 = CARTESIAN_POINT('',(82.,-0.6,0.4));
#1667 = CIRCLE('',#1668,0.4);
#1668 = AXIS2_PLACEMENT_3D('',#1669,#1670,#1671);
#1669 = CARTESIAN_POINT('',(82.,-0.2,0.4));
#1670 = DIRECTION('',(1.,0.,0.));
#1671 = DIRECTION('',(0.,-1.,0.));
#1672 = ORIENTED_EDGE('',*,*,#1673,.T.);
#1673 = EDGE_CURVE('',#1665,#1622,#1674,.T.);
#1674 = CIRCLE('',#1675,2.6);
#1675 = AXIS2_PLACEMENT_3D('',#1676,#1677,#1678);
#1676 = CARTESIAN_POINT('',(82.,2.,0.4));
#1677 = DIRECTION('',(0.,0.,1.));
#1678 = DIRECTION('',(-5.465713352001E-15,-1.,0.));
#1679 = ORIENTED_EDGE('',*,*,#1629,.T.);
#1680 = ORIENTED_EDGE('',*,*,#401,.F.);
#1681 = TOROIDAL_SURFACE('',#1682,2.2,0.4);
#1682 = AXIS2_PLACEMENT_3D('',#1683,#1684,#1685);
#1683 = CARTESIAN_POINT('',(82.,2.,0.4));
#1684 = DIRECTION('',(0.,0.,-1.));
#1685 = DIRECTION('',(-5.465713352001E-15,-1.,0.));
#1686 = ADVANCED_FACE('',(#1687),#1699,.T.);
#1687 = FACE_BOUND('',#1688,.T.);
#1688 = EDGE_LOOP('',(#1689,#1690,#1691,#1698));
#1689 = ORIENTED_EDGE('',*,*,#1648,.T.);
#1690 = ORIENTED_EDGE('',*,*,#512,.T.);
#1691 = ORIENTED_EDGE('',*,*,#1692,.F.);
#1692 = EDGE_CURVE('',#1291,#504,#1693,.T.);
#1693 = CIRCLE('',#1694,8.E-02);
#1694 = AXIS2_PLACEMENT_3D('',#1695,#1696,#1697);
#1695 = CARTESIAN_POINT('',(2.,0.52,8.E-02));
#1696 = DIRECTION('',(-1.,0.,0.));
#1697 = DIRECTION('',(0.,1.,0.));
#1698 = ORIENTED_EDGE('',*,*,#1316,.F.);
#1699 = CYLINDRICAL_SURFACE('',#1700,8.E-02);
#1700 = AXIS2_PLACEMENT_3D('',#1701,#1702,#1703);
#1701 = CARTESIAN_POINT('',(82.,0.52,8.E-02));
#1702 = DIRECTION('',(-1.,0.,0.));
#1703 = DIRECTION('',(0.,1.,0.));
#1704 = ADVANCED_FACE('',(#1705),#1724,.T.);
#1705 = FACE_BOUND('',#1706,.T.);
#1706 = EDGE_LOOP('',(#1707,#1716,#1717,#1718));
#1707 = ORIENTED_EDGE('',*,*,#1708,.T.);
#1708 = EDGE_CURVE('',#1709,#411,#1711,.T.);
#1709 = VERTEX_POINT('',#1710);
#1710 = CARTESIAN_POINT('',(2.,-0.6,0.4));
#1711 = CIRCLE('',#1712,0.4);
#1712 = AXIS2_PLACEMENT_3D('',#1713,#1714,#1715);
#1713 = CARTESIAN_POINT('',(2.,-0.2,0.4));
#1714 = DIRECTION('',(1.,-2.320358822074E-16,0.));
#1715 = DIRECTION('',(-2.320358822074E-16,-1.,0.));
#1716 = ORIENTED_EDGE('',*,*,#410,.T.);
#1717 = ORIENTED_EDGE('',*,*,#1664,.F.);
#1718 = ORIENTED_EDGE('',*,*,#1719,.F.);
#1719 = EDGE_CURVE('',#1709,#1665,#1720,.T.);
#1720 = LINE('',#1721,#1722);
#1721 = CARTESIAN_POINT('',(2.,-0.6,0.4));
#1722 = VECTOR('',#1723,1.);
#1723 = DIRECTION('',(1.,0.,0.));
#1724 = CYLINDRICAL_SURFACE('',#1725,0.4);
#1725 = AXIS2_PLACEMENT_3D('',#1726,#1727,#1728);
#1726 = CARTESIAN_POINT('',(2.,-0.2,0.4));
#1727 = DIRECTION('',(1.,0.,0.));
#1728 = DIRECTION('',(0.,-1.,0.));
#1729 = ADVANCED_FACE('',(#1730),#1742,.T.);
#1730 = FACE_BOUND('',#1731,.F.);
#1731 = EDGE_LOOP('',(#1732,#1733,#1734,#1741));
#1732 = ORIENTED_EDGE('',*,*,#1692,.F.);
#1733 = ORIENTED_EDGE('',*,*,#1300,.T.);
#1734 = ORIENTED_EDGE('',*,*,#1735,.T.);
#1735 = EDGE_CURVE('',#1242,#496,#1736,.T.);
#1736 = CIRCLE('',#1737,8.E-02);
#1737 = AXIS2_PLACEMENT_3D('',#1738,#1739,#1740);
#1738 = CARTESIAN_POINT('',(0.52,2.,8.E-02));
#1739 = DIRECTION('',(9.73709492748E-17,1.,-0.));
#1740 = DIRECTION('',(-1.,9.73709492748E-17,0.));
#1741 = ORIENTED_EDGE('',*,*,#503,.F.);
#1742 = TOROIDAL_SURFACE('',#1743,1.48,8.E-02);
#1743 = AXIS2_PLACEMENT_3D('',#1744,#1745,#1746);
#1744 = CARTESIAN_POINT('',(2.,2.,8.E-02));
#1745 = DIRECTION('',(0.,0.,1.));
#1746 = DIRECTION('',(-1.586032892322E-16,-1.,0.));
#1747 = ADVANCED_FACE('',(#1748),#1768,.T.);
#1748 = FACE_BOUND('',#1749,.F.);
#1749 = EDGE_LOOP('',(#1750,#1759,#1766,#1767));
#1750 = ORIENTED_EDGE('',*,*,#1751,.F.);
#1751 = EDGE_CURVE('',#1752,#419,#1754,.T.);
#1752 = VERTEX_POINT('',#1753);
#1753 = CARTESIAN_POINT('',(-0.6,2.,0.4));
#1754 = CIRCLE('',#1755,0.4);
#1755 = AXIS2_PLACEMENT_3D('',#1756,#1757,#1758);
#1756 = CARTESIAN_POINT('',(-0.2,2.,0.4));
#1757 = DIRECTION('',(-1.7080354225E-16,-1.,-0.));
#1758 = DIRECTION('',(-1.,1.7080354225E-16,0.));
#1759 = ORIENTED_EDGE('',*,*,#1760,.T.);
#1760 = EDGE_CURVE('',#1752,#1709,#1761,.T.);
#1761 = CIRCLE('',#1762,2.6);
#1762 = AXIS2_PLACEMENT_3D('',#1763,#1764,#1765);
#1763 = CARTESIAN_POINT('',(2.,2.,0.4));
#1764 = DIRECTION('',(0.,0.,1.));
#1765 = DIRECTION('',(-1.,1.7080354225E-16,0.));
#1766 = ORIENTED_EDGE('',*,*,#1708,.T.);
#1767 = ORIENTED_EDGE('',*,*,#418,.F.);
#1768 = TOROIDAL_SURFACE('',#1769,2.2,0.4);
#1769 = AXIS2_PLACEMENT_3D('',#1770,#1771,#1772);
#1770 = CARTESIAN_POINT('',(2.,2.,0.4));
#1771 = DIRECTION('',(0.,0.,-1.));
#1772 = DIRECTION('',(-1.,1.7080354225E-16,0.));
#1773 = ADVANCED_FACE('',(#1774),#1786,.T.);
#1774 = FACE_BOUND('',#1775,.T.);
#1775 = EDGE_LOOP('',(#1776,#1777,#1778,#1785));
#1776 = ORIENTED_EDGE('',*,*,#1735,.T.);
#1777 = ORIENTED_EDGE('',*,*,#495,.T.);
#1778 = ORIENTED_EDGE('',*,*,#1779,.F.);
#1779 = EDGE_CURVE('',#1193,#487,#1780,.T.);
#1780 = CIRCLE('',#1781,8.E-02);
#1781 = AXIS2_PLACEMENT_3D('',#1782,#1783,#1784);
#1782 = CARTESIAN_POINT('',(0.52,50.,8.E-02));
#1783 = DIRECTION('',(-0.,1.,0.));
#1784 = DIRECTION('',(1.,0.,0.));
#1785 = ORIENTED_EDGE('',*,*,#1249,.F.);
#1786 = CYLINDRICAL_SURFACE('',#1787,8.E-02);
#1787 = AXIS2_PLACEMENT_3D('',#1788,#1789,#1790);
#1788 = CARTESIAN_POINT('',(0.52,2.,8.E-02));
#1789 = DIRECTION('',(0.,1.,0.));
#1790 = DIRECTION('',(1.,0.,0.));
#1791 = ADVANCED_FACE('',(#1792),#1811,.T.);
#1792 = FACE_BOUND('',#1793,.T.);
#1793 = EDGE_LOOP('',(#1794,#1803,#1804,#1805));
#1794 = ORIENTED_EDGE('',*,*,#1795,.T.);
#1795 = EDGE_CURVE('',#1796,#428,#1798,.T.);
#1796 = VERTEX_POINT('',#1797);
#1797 = CARTESIAN_POINT('',(-0.6,50.,0.4));
#1798 = CIRCLE('',#1799,0.4);
#1799 = AXIS2_PLACEMENT_3D('',#1800,#1801,#1802);
#1800 = CARTESIAN_POINT('',(-0.2,50.,0.4));
#1801 = DIRECTION('',(-6.123233995737E-17,-1.,-0.));
#1802 = DIRECTION('',(-1.,6.123233995737E-17,0.));
#1803 = ORIENTED_EDGE('',*,*,#427,.T.);
#1804 = ORIENTED_EDGE('',*,*,#1751,.F.);
#1805 = ORIENTED_EDGE('',*,*,#1806,.F.);
#1806 = EDGE_CURVE('',#1796,#1752,#1807,.T.);
#1807 = LINE('',#1808,#1809);
#1808 = CARTESIAN_POINT('',(-0.6,50.,0.4));
#1809 = VECTOR('',#1810,1.);
#1810 = DIRECTION('',(0.,-1.,0.));
#1811 = CYLINDRICAL_SURFACE('',#1812,0.4);
#1812 = AXIS2_PLACEMENT_3D('',#1813,#1814,#1815);
#1813 = CARTESIAN_POINT('',(-0.2,50.,0.4));
#1814 = DIRECTION('',(0.,-1.,0.));
#1815 = DIRECTION('',(-1.,0.,0.));
#1816 = ADVANCED_FACE('',(#1817),#1829,.T.);
#1817 = FACE_BOUND('',#1818,.F.);
#1818 = EDGE_LOOP('',(#1819,#1820,#1821,#1828));
#1819 = ORIENTED_EDGE('',*,*,#1779,.F.);
#1820 = ORIENTED_EDGE('',*,*,#1202,.T.);
#1821 = ORIENTED_EDGE('',*,*,#1822,.T.);
#1822 = EDGE_CURVE('',#1114,#479,#1823,.T.);
#1823 = CIRCLE('',#1824,8.E-02);
#1824 = AXIS2_PLACEMENT_3D('',#1825,#1826,#1827);
#1825 = CARTESIAN_POINT('',(2.,51.48,8.E-02));
#1826 = DIRECTION('',(1.,6.123233995737E-17,-0.));
#1827 = DIRECTION('',(-6.123233995737E-17,1.,0.));
#1828 = ORIENTED_EDGE('',*,*,#486,.F.);
#1829 = TOROIDAL_SURFACE('',#1830,1.48,8.E-02);
#1830 = AXIS2_PLACEMENT_3D('',#1831,#1832,#1833);
#1831 = CARTESIAN_POINT('',(2.,50.,8.E-02));
#1832 = DIRECTION('',(0.,0.,1.));
#1833 = DIRECTION('',(-1.,0.,0.));
#1834 = ADVANCED_FACE('',(#1835),#1855,.T.);
#1835 = FACE_BOUND('',#1836,.F.);
#1836 = EDGE_LOOP('',(#1837,#1846,#1853,#1854));
#1837 = ORIENTED_EDGE('',*,*,#1838,.F.);
#1838 = EDGE_CURVE('',#1839,#436,#1841,.T.);
#1839 = VERTEX_POINT('',#1840);
#1840 = CARTESIAN_POINT('',(2.,52.6,0.4));
#1841 = CIRCLE('',#1842,0.4);
#1842 = AXIS2_PLACEMENT_3D('',#1843,#1844,#1845);
#1843 = CARTESIAN_POINT('',(2.,52.2,0.4));
#1844 = DIRECTION('',(-1.,0.,0.));
#1845 = DIRECTION('',(0.,1.,0.));
#1846 = ORIENTED_EDGE('',*,*,#1847,.T.);
#1847 = EDGE_CURVE('',#1839,#1796,#1848,.T.);
#1848 = CIRCLE('',#1849,2.6);
#1849 = AXIS2_PLACEMENT_3D('',#1850,#1851,#1852);
#1850 = CARTESIAN_POINT('',(2.,50.,0.4));
#1851 = DIRECTION('',(0.,-0.,1.));
#1852 = DIRECTION('',(0.,1.,0.));
#1853 = ORIENTED_EDGE('',*,*,#1795,.T.);
#1854 = ORIENTED_EDGE('',*,*,#435,.F.);
#1855 = TOROIDAL_SURFACE('',#1856,2.2,0.4);
#1856 = AXIS2_PLACEMENT_3D('',#1857,#1858,#1859);
#1857 = CARTESIAN_POINT('',(2.,50.,0.4));
#1858 = DIRECTION('',(0.,0.,-1.));
#1859 = DIRECTION('',(0.,1.,0.));
#1860 = ADVANCED_FACE('',(#1861),#1867,.T.);
#1861 = FACE_BOUND('',#1862,.T.);
#1862 = EDGE_LOOP('',(#1863,#1864,#1865,#1866));
#1863 = ORIENTED_EDGE('',*,*,#1822,.T.);
#1864 = ORIENTED_EDGE('',*,*,#478,.T.);
#1865 = ORIENTED_EDGE('',*,*,#906,.F.);
#1866 = ORIENTED_EDGE('',*,*,#1113,.F.);
#1867 = CYLINDRICAL_SURFACE('',#1868,8.E-02);
#1868 = AXIS2_PLACEMENT_3D('',#1869,#1870,#1871);
#1869 = CARTESIAN_POINT('',(2.,51.48,8.E-02));
#1870 = DIRECTION('',(1.,0.,0.));
#1871 = DIRECTION('',(0.,-1.,0.));
#1872 = ADVANCED_FACE('',(#1873),#1892,.T.);
#1873 = FACE_BOUND('',#1874,.T.);
#1874 = EDGE_LOOP('',(#1875,#1884,#1885,#1886));
#1875 = ORIENTED_EDGE('',*,*,#1876,.T.);
#1876 = EDGE_CURVE('',#1877,#445,#1879,.T.);
#1877 = VERTEX_POINT('',#1878);
#1878 = CARTESIAN_POINT('',(82.,52.6,0.4));
#1879 = CIRCLE('',#1880,0.4);
#1880 = AXIS2_PLACEMENT_3D('',#1881,#1882,#1883);
#1881 = CARTESIAN_POINT('',(82.,52.2,0.4));
#1882 = DIRECTION('',(-1.,-5.489882783168E-15,-0.));
#1883 = DIRECTION('',(-5.489882783168E-15,1.,0.));
#1884 = ORIENTED_EDGE('',*,*,#444,.T.);
#1885 = ORIENTED_EDGE('',*,*,#1838,.F.);
#1886 = ORIENTED_EDGE('',*,*,#1887,.F.);
#1887 = EDGE_CURVE('',#1877,#1839,#1888,.T.);
#1888 = LINE('',#1889,#1890);
#1889 = CARTESIAN_POINT('',(82.,52.6,0.4));
#1890 = VECTOR('',#1891,1.);
#1891 = DIRECTION('',(-1.,0.,0.));
#1892 = CYLINDRICAL_SURFACE('',#1893,0.4);
#1893 = AXIS2_PLACEMENT_3D('',#1894,#1895,#1896);
#1894 = CARTESIAN_POINT('',(82.,52.2,0.4));
#1895 = DIRECTION('',(-1.,0.,0.));
#1896 = DIRECTION('',(0.,1.,0.));
#1897 = ADVANCED_FACE('',(#1898),#1910,.T.);
#1898 = FACE_BOUND('',#1899,.F.);
#1899 = EDGE_LOOP('',(#1900,#1901,#1908,#1909));
#1900 = ORIENTED_EDGE('',*,*,#592,.F.);
#1901 = ORIENTED_EDGE('',*,*,#1902,.T.);
#1902 = EDGE_CURVE('',#583,#1877,#1903,.T.);
#1903 = CIRCLE('',#1904,2.6);
#1904 = AXIS2_PLACEMENT_3D('',#1905,#1906,#1907);
#1905 = CARTESIAN_POINT('',(82.,50.,0.4));
#1906 = DIRECTION('',(0.,0.,1.));
#1907 = DIRECTION('',(1.,0.,0.));
#1908 = ORIENTED_EDGE('',*,*,#1876,.T.);
#1909 = ORIENTED_EDGE('',*,*,#452,.F.);
#1910 = TOROIDAL_SURFACE('',#1911,2.2,0.4);
#1911 = AXIS2_PLACEMENT_3D('',#1912,#1913,#1914);
#1912 = CARTESIAN_POINT('',(82.,50.,0.4));
#1913 = DIRECTION('',(0.,0.,-1.));
#1914 = DIRECTION('',(1.,0.,0.));
#1915 = ADVANCED_FACE('',(#1916),#1934,.T.);
#1916 = FACE_BOUND('',#1917,.T.);
#1917 = EDGE_LOOP('',(#1918,#1926,#1932,#1933));
#1918 = ORIENTED_EDGE('',*,*,#1919,.F.);
#1919 = EDGE_CURVE('',#1920,#558,#1922,.T.);
#1920 = VERTEX_POINT('',#1921);
#1921 = CARTESIAN_POINT('',(83.1,20.02054,5.68));
#1922 = LINE('',#1923,#1924);
#1923 = CARTESIAN_POINT('',(83.1,19.90054,5.68));
#1924 = VECTOR('',#1925,1.);
#1925 = DIRECTION('',(0.,1.,0.));
#1926 = ORIENTED_EDGE('',*,*,#1927,.F.);
#1927 = EDGE_CURVE('',#1004,#1920,#1928,.T.);
#1928 = LINE('',#1929,#1930);
#1929 = CARTESIAN_POINT('',(83.1,20.02054,5.));
#1930 = VECTOR('',#1931,1.);
#1931 = DIRECTION('',(0.,0.,1.));
#1932 = ORIENTED_EDGE('',*,*,#1003,.T.);
#1933 = ORIENTED_EDGE('',*,*,#557,.T.);
#1934 = PLANE('',#1935);
#1935 = AXIS2_PLACEMENT_3D('',#1936,#1937,#1938);
#1936 = CARTESIAN_POINT('',(83.1,19.90054,-1.));
#1937 = DIRECTION('',(1.,0.,0.));
#1938 = DIRECTION('',(0.,0.,1.));
#1939 = ADVANCED_FACE('',(#1940),#1954,.T.);
#1940 = FACE_BOUND('',#1941,.T.);
#1941 = EDGE_LOOP('',(#1942,#1952,#1953));
#1942 = ORIENTED_EDGE('',*,*,#1943,.T.);
#1943 = EDGE_CURVE('',#708,#558,#1944,.T.);
#1944 = ( BOUNDED_CURVE() B_SPLINE_CURVE(6,(#1945,#1946,#1947,#1948,
#1949,#1950,#1951),.UNSPECIFIED.,.F.,.F.) B_SPLINE_CURVE_WITH_KNOTS((7,7
),(0.,1.570796326795),.PIECEWISE_BEZIER_KNOTS.) CURVE() 
GEOMETRIC_REPRESENTATION_ITEM() RATIONAL_B_SPLINE_CURVE((1.031393471788,
    1.010025407661,0.997924642725,0.993958444137,0.997924642725,
1.010025407661,1.031393471788)) REPRESENTATION_ITEM('') );
#1945 = CARTESIAN_POINT('',(82.98,31.98054,5.8));
#1946 = CARTESIAN_POINT('',(83.012080413978,31.98054,5.8));
#1947 = CARTESIAN_POINT('',(83.04332502871,31.98054,5.789799477924));
#1948 = CARTESIAN_POINT('',(83.070230341584,31.98054,5.770230341584));
#1949 = CARTESIAN_POINT('',(83.089799477924,31.98054,5.74332502871));
#1950 = CARTESIAN_POINT('',(83.1,31.98054,5.712080413978));
#1951 = CARTESIAN_POINT('',(83.1,31.98054,5.68));
#1952 = ORIENTED_EDGE('',*,*,#565,.T.);
#1953 = ORIENTED_EDGE('',*,*,#715,.T.);
#1954 = B_SPLINE_SURFACE_WITH_KNOTS('',8,8,(
    (#1955,#1956,#1957,#1958,#1959,#1960,#1961,#1962,#1963)
    ,(#1964,#1965,#1966,#1967,#1968,#1969,#1970,#1971,#1972)
    ,(#1973,#1974,#1975,#1976,#1977,#1978,#1979,#1980,#1981)
    ,(#1982,#1983,#1984,#1985,#1986,#1987,#1988,#1989,#1990)
    ,(#1991,#1992,#1993,#1994,#1995,#1996,#1997,#1998,#1999)
    ,(#2000,#2001,#2002,#2003,#2004,#2005,#2006,#2007,#2008)
    ,(#2009,#2010,#2011,#2012,#2013,#2014,#2015,#2016,#2017)
    ,(#2018,#2019,#2020,#2021,#2022,#2023,#2024,#2025,#2026)
    ,(#2027,#2028,#2029,#2030,#2031,#2032,#2033,#2034,#2035
  )),.UNSPECIFIED.,.F.,.F.,.F.,(9,9),(9,9),(-0.138517665929,
    0.146704309705),(-0.103842967623,7.76178455464E-02),
  .PIECEWISE_BEZIER_KNOTS.);
#1955 = CARTESIAN_POINT('',(83.112917644714,31.808040215785,
    5.838669611577));
#1956 = CARTESIAN_POINT('',(83.091620620814,31.833140235739,
    5.835749863578));
#1957 = CARTESIAN_POINT('',(83.067612688578,31.860708664879,
    5.828743666689));
#1958 = CARTESIAN_POINT('',(83.038456501572,31.892950212684,
    5.814119208014));
#1959 = CARTESIAN_POINT('',(83.017995891844,31.91731332704,
    5.812282935016));
#1960 = CARTESIAN_POINT('',(82.983139100238,31.95471072763,
    5.789200536727));
#1961 = CARTESIAN_POINT('',(82.976233989324,31.966744728064,
    5.807801437002));
#1962 = CARTESIAN_POINT('',(82.951751499747,31.994741046079,
    5.800064894295));
#1963 = CARTESIAN_POINT('',(82.923064098848,32.026568015352,
    5.786052728588));
#1964 = CARTESIAN_POINT('',(83.107849138193,31.860015283943,
    5.785801822069));
#1965 = CARTESIAN_POINT('',(83.092595870378,31.879614522483,
    5.791945449457));
#1966 = CARTESIAN_POINT('',(83.074001566844,31.902256418498,
    5.793043746801));
#1967 = CARTESIAN_POINT('',(83.052770921923,31.927281173485,
    5.790369326933));
#1968 = CARTESIAN_POINT('',(83.032941536303,31.951082439919,
    5.789326811648));
#1969 = CARTESIAN_POINT('',(83.008981116989,31.978541436964,
    5.782794749873));
#1970 = CARTESIAN_POINT('',(83.007959893053,31.985233783318,
    5.81004684244));
#1971 = CARTESIAN_POINT('',(82.985466452461,32.01141052724,
    5.805337455228));
#1972 = CARTESIAN_POINT('',(82.959349840011,32.040896151556,
    5.795193243587));
#1973 = CARTESIAN_POINT('',(83.103869449988,31.911001544924,
    5.734563570973));
#1974 = CARTESIAN_POINT('',(83.096381128878,31.923537248171,
    5.752346210702));
#1975 = CARTESIAN_POINT('',(83.083008329614,31.941398660747,
    5.761306930139));
#1976 = CARTESIAN_POINT('',(83.125929264964,31.908209614021,
    5.854690233512));
#1977 = CARTESIAN_POINT('',(82.986860048496,32.040109830785,
    5.674901384957));
#1978 = CARTESIAN_POINT('',(83.072688667839,31.968147182206,
    5.833487043706));
#1979 = CARTESIAN_POINT('',(83.027759976188,32.014492272634,
    5.794094273863));
#1980 = CARTESIAN_POINT('',(83.017736540179,32.029360638414,
    5.808415589123));
#1981 = CARTESIAN_POINT('',(82.994102615063,32.056602348141,
    5.802025473559));
#1982 = CARTESIAN_POINT('',(83.093669684113,31.9676316656,5.674016061005
    ));
#1983 = CARTESIAN_POINT('',(83.080441310931,31.985373692888,
    5.683216359374));
#1984 = CARTESIAN_POINT('',(83.05355394831,32.015624184619,
    5.671909283658));
#1985 = CARTESIAN_POINT('',(82.944284472612,32.120500364649,
    5.536999065053));
#1986 = CARTESIAN_POINT('',(83.184373995231,31.908583156447,
    5.926768828627));
#1987 = CARTESIAN_POINT('',(83.018598068192,32.064042844765,
    5.704940595476));
#1988 = CARTESIAN_POINT('',(83.065986027221,32.027405862002,
    5.807410221544));
#1989 = CARTESIAN_POINT('',(83.043354626507,32.053553981469,
    5.802013389064));
#1990 = CARTESIAN_POINT('',(83.023073009878,32.077689855555,
    5.800476224055));
#1991 = CARTESIAN_POINT('',(83.118750668612,31.992226805865,
    5.666283227465));
#1992 = CARTESIAN_POINT('',(83.142941422008,31.975938333572,
    5.731552020027));
#1993 = CARTESIAN_POINT('',(83.190634700665,31.938220847939,
    5.832087471674));
#1994 = CARTESIAN_POINT('',(83.165974185858,31.96617796082,
    5.824085252763));
#1995 = CARTESIAN_POINT('',(83.026890035177,32.098520625707,
    5.643891362476));
#1996 = CARTESIAN_POINT('',(83.114062991089,32.025341731456,
    5.806003656787));
#1997 = CARTESIAN_POINT('',(83.075417741876,32.065541852081,
    5.774405683678));
#1998 = CARTESIAN_POINT('',(83.070391396987,32.076146312481,
    5.796329597295));
#1999 = CARTESIAN_POINT('',(83.052213884419,32.09844305283,
    5.798264153154));
#2000 = CARTESIAN_POINT('',(83.070359052892,32.083549930413,
    5.548512076493));
#2001 = CARTESIAN_POINT('',(83.073912948706,32.086039014455,
    5.582863063068));
#2002 = CARTESIAN_POINT('',(83.054670496392,32.109247357932,
    5.582874199099));
#2003 = CARTESIAN_POINT('',(83.189450883872,31.992870199232,
    5.814451423126));
#2004 = CARTESIAN_POINT('',(83.145641541306,32.037391059791,
    5.777504674562));
#2005 = CARTESIAN_POINT('',(83.120354756767,32.066853140458,
    5.767712556655));
#2006 = CARTESIAN_POINT('',(83.134486816786,32.059743455849,
    5.819482894077));
#2007 = CARTESIAN_POINT('',(83.103791059398,32.093196614313,
    5.80204572546));
#2008 = CARTESIAN_POINT('',(83.082834109733,32.117947902301,
    5.799474923812));
#2009 = CARTESIAN_POINT('',(83.087596500392,32.11524150259,
    5.529033049913));
#2010 = CARTESIAN_POINT('',(83.107407940885,32.102935108969,
    5.587756694338));
#2011 = CARTESIAN_POINT('',(83.134451799942,32.084041008177,
    5.657421710708));
#2012 = CARTESIAN_POINT('',(83.106309931923,32.115239171475,
    5.643822885661));
#2013 = CARTESIAN_POINT('',(83.149872244498,32.081757375769,
    5.738916687155));
#2014 = CARTESIAN_POINT('',(83.178704607366,32.060648831672,
    5.810590690604));
#2015 = CARTESIAN_POINT('',(83.127411383864,32.113450816742,
    5.762679216068));
#2016 = CARTESIAN_POINT('',(83.125153245619,32.121127198043,
    5.788372689627));
#2017 = CARTESIAN_POINT('',(83.112589025793,32.138238702928,
    5.798576108327));
#2018 = CARTESIAN_POINT('',(83.097300340306,32.153753998258,
    5.49829786836));
#2019 = CARTESIAN_POINT('',(83.120457227363,32.138400782094,
    5.562038066193));
#2020 = CARTESIAN_POINT('',(83.144034381976,32.122688686839,
    5.626421071508));
#2021 = CARTESIAN_POINT('',(83.165333273768,32.108939609332,
    5.687299746678));
#2022 = CARTESIAN_POINT('',(83.171369541506,32.109294631221,
    5.72549041734));
#2023 = CARTESIAN_POINT('',(83.213407330653,32.076705471586,
    5.817477985759));
#2024 = CARTESIAN_POINT('',(83.174133144735,32.118132551529,
    5.787565782583));
#2025 = CARTESIAN_POINT('',(83.173013573998,32.124870634347,
    5.814937821585));
#2026 = CARTESIAN_POINT('',(83.163537362097,32.139184272424,
    5.829751676221));
#2027 = CARTESIAN_POINT('',(83.124453639918,32.176404659541,
    5.49372894859));
#2028 = CARTESIAN_POINT('',(83.153832974041,32.155388515004,
    5.566801557153));
#2029 = CARTESIAN_POINT('',(83.184663325559,32.133068010178,
    5.642046722195));
#2030 = CARTESIAN_POINT('',(83.20572180329,32.119575821746,
    5.702650829166));
#2031 = CARTESIAN_POINT('',(83.229750446035,32.103473530597,
    5.76765293162));
#2032 = CARTESIAN_POINT('',(83.271288151133,32.071474806067,
    5.85908579053));
#2033 = CARTESIAN_POINT('',(83.23628570492,32.108910925923,
    5.835525273501));
#2034 = CARTESIAN_POINT('',(83.237208820241,32.113794212939,
    5.865959390131));
#2035 = CARTESIAN_POINT('',(83.230216506659,32.125843421684,
    5.884500791858));
#2036 = ADVANCED_FACE('',(#2037),#2052,.T.);
#2037 = FACE_BOUND('',#2038,.T.);
#2038 = EDGE_LOOP('',(#2039,#2049,#2050,#2051));
#2039 = ORIENTED_EDGE('',*,*,#2040,.T.);
#2040 = EDGE_CURVE('',#693,#1920,#2041,.T.);
#2041 = ( BOUNDED_CURVE() B_SPLINE_CURVE(6,(#2042,#2043,#2044,#2045,
#2046,#2047,#2048),.UNSPECIFIED.,.F.,.F.) B_SPLINE_CURVE_WITH_KNOTS((7,7
),(0.,1.570796326795),.PIECEWISE_BEZIER_KNOTS.) CURVE() 
GEOMETRIC_REPRESENTATION_ITEM() RATIONAL_B_SPLINE_CURVE((1.031393471788,
    1.010025407661,0.997924642725,0.993958444137,0.997924642725,
1.010025407661,1.031393471788)) REPRESENTATION_ITEM('') );
#2042 = CARTESIAN_POINT('',(82.98,20.02054,5.8));
#2043 = CARTESIAN_POINT('',(83.012080413978,20.02054,5.8));
#2044 = CARTESIAN_POINT('',(83.04332502871,20.02054,5.789799477924));
#2045 = CARTESIAN_POINT('',(83.070230341584,20.02054,5.770230341584));
#2046 = CARTESIAN_POINT('',(83.089799477924,20.02054,5.74332502871));
#2047 = CARTESIAN_POINT('',(83.1,20.02054,5.712080413978));
#2048 = CARTESIAN_POINT('',(83.1,20.02054,5.68));
#2049 = ORIENTED_EDGE('',*,*,#1919,.T.);
#2050 = ORIENTED_EDGE('',*,*,#1943,.F.);
#2051 = ORIENTED_EDGE('',*,*,#707,.F.);
#2052 = CYLINDRICAL_SURFACE('',#2053,0.12);
#2053 = AXIS2_PLACEMENT_3D('',#2054,#2055,#2056);
#2054 = CARTESIAN_POINT('',(82.98,19.90054,5.68));
#2055 = DIRECTION('',(0.,1.,0.));
#2056 = DIRECTION('',(0.,0.,1.));
#2057 = ADVANCED_FACE('',(#2058),#2078,.T.);
#2058 = FACE_BOUND('',#2059,.T.);
#2059 = EDGE_LOOP('',(#2060,#2061,#2070,#2077));
#2060 = ORIENTED_EDGE('',*,*,#866,.F.);
#2061 = ORIENTED_EDGE('',*,*,#2062,.T.);
#2062 = EDGE_CURVE('',#842,#2063,#2065,.T.);
#2063 = VERTEX_POINT('',#2064);
#2064 = CARTESIAN_POINT('',(82.,52.6,5.2));
#2065 = CIRCLE('',#2066,2.6);
#2066 = AXIS2_PLACEMENT_3D('',#2067,#2068,#2069);
#2067 = CARTESIAN_POINT('',(82.,50.,5.2));
#2068 = DIRECTION('',(0.,0.,1.));
#2069 = DIRECTION('',(1.,0.,0.));
#2070 = ORIENTED_EDGE('',*,*,#2071,.T.);
#2071 = EDGE_CURVE('',#2063,#617,#2072,.T.);
#2072 = CIRCLE('',#2073,0.6);
#2073 = AXIS2_PLACEMENT_3D('',#2074,#2075,#2076);
#2074 = CARTESIAN_POINT('',(82.,52.,5.2));
#2075 = DIRECTION('',(1.,5.489882783168E-15,-0.));
#2076 = DIRECTION('',(-5.489882783168E-15,1.,0.));
#2077 = ORIENTED_EDGE('',*,*,#616,.F.);
#2078 = TOROIDAL_SURFACE('',#2079,2.,0.6);
#2079 = AXIS2_PLACEMENT_3D('',#2080,#2081,#2082);
#2080 = CARTESIAN_POINT('',(82.,50.,5.2));
#2081 = DIRECTION('',(0.,0.,1.));
#2082 = DIRECTION('',(1.,0.,0.));
#2083 = ADVANCED_FACE('',(#2084),#2096,.T.);
#2084 = FACE_BOUND('',#2085,.T.);
#2085 = EDGE_LOOP('',(#2086,#2087,#2088));
#2086 = ORIENTED_EDGE('',*,*,#2040,.F.);
#2087 = ORIENTED_EDGE('',*,*,#692,.F.);
#2088 = ORIENTED_EDGE('',*,*,#2089,.F.);
#2089 = EDGE_CURVE('',#1920,#685,#2090,.T.);
#2090 = B_SPLINE_CURVE_WITH_KNOTS('',4,(#2091,#2092,#2093,#2094,#2095),
  .UNSPECIFIED.,.F.,.F.,(5,5),(0.,1.575373320922),
  .PIECEWISE_BEZIER_KNOTS.);
#2091 = CARTESIAN_POINT('',(83.1,20.02054,5.68));
#2092 = CARTESIAN_POINT('',(83.1,19.973416110196,5.71));
#2093 = CARTESIAN_POINT('',(83.125148299336,19.925688299336,5.74));
#2094 = CARTESIAN_POINT('',(83.172876110196,19.90054,5.77));
#2095 = CARTESIAN_POINT('',(83.22,19.90054,5.8));
#2096 = B_SPLINE_SURFACE_WITH_KNOTS('',8,8,(
    (#2097,#2098,#2099,#2100,#2101,#2102,#2103,#2104,#2105)
    ,(#2106,#2107,#2108,#2109,#2110,#2111,#2112,#2113,#2114)
    ,(#2115,#2116,#2117,#2118,#2119,#2120,#2121,#2122,#2123)
    ,(#2124,#2125,#2126,#2127,#2128,#2129,#2130,#2131,#2132)
    ,(#2133,#2134,#2135,#2136,#2137,#2138,#2139,#2140,#2141)
    ,(#2142,#2143,#2144,#2145,#2146,#2147,#2148,#2149,#2150)
    ,(#2151,#2152,#2153,#2154,#2155,#2156,#2157,#2158,#2159)
    ,(#2160,#2161,#2162,#2163,#2164,#2165,#2166,#2167,#2168)
    ,(#2169,#2170,#2171,#2172,#2173,#2174,#2175,#2176,#2177
  )),.UNSPECIFIED.,.F.,.F.,.F.,(9,9),(9,9),(-0.138517665929,
    0.146704309705),(-7.761784554641E-02,0.103842967622),
  .PIECEWISE_BEZIER_KNOTS.);
#2097 = CARTESIAN_POINT('',(82.923064098847,19.974511984648,
    5.786052728588));
#2098 = CARTESIAN_POINT('',(82.951751499746,20.006338953921,
    5.800064894294));
#2099 = CARTESIAN_POINT('',(82.976233989323,20.034335271935,5.807801437)
  );
#2100 = CARTESIAN_POINT('',(82.983139100241,20.046369272372,
    5.78920053673));
#2101 = CARTESIAN_POINT('',(83.017995891839,20.083766672957,
    5.812282935011));
#2102 = CARTESIAN_POINT('',(83.038456501577,20.108129787317,
    5.814119208016));
#2103 = CARTESIAN_POINT('',(83.067612688573,20.140371335121,
    5.828743666687));
#2104 = CARTESIAN_POINT('',(83.091620620815,20.167939764261,
    5.835749863578));
#2105 = CARTESIAN_POINT('',(83.112917644713,20.193039784215,
    5.838669611577));
#2106 = CARTESIAN_POINT('',(82.959349840013,19.960183848445,
    5.795193243588));
#2107 = CARTESIAN_POINT('',(82.985466452445,19.989669472761,
    5.805337455228));
#2108 = CARTESIAN_POINT('',(83.007959893103,20.015846216681,
    5.810046842442));
#2109 = CARTESIAN_POINT('',(83.008981116911,20.022538563039,
    5.782794749876));
#2110 = CARTESIAN_POINT('',(83.03294153639,20.049997560077,
    5.789326811645));
#2111 = CARTESIAN_POINT('',(83.052770921856,20.07379882652,
    5.790369326936));
#2112 = CARTESIAN_POINT('',(83.074001566882,20.098823581498,5.7930437468
    ));
#2113 = CARTESIAN_POINT('',(83.092595870366,20.121465477518,
    5.791945449457));
#2114 = CARTESIAN_POINT('',(83.107849138194,20.141064716057,
    5.785801822069));
#2115 = CARTESIAN_POINT('',(82.994102615061,19.944477651859,
    5.802025473561));
#2116 = CARTESIAN_POINT('',(83.017736540236,19.971719361584,
    5.808415589127));
#2117 = CARTESIAN_POINT('',(83.027759976025,19.986587727372,
    5.794094273863));
#2118 = CARTESIAN_POINT('',(83.072688668093,20.032932817777,
    5.833487043679));
#2119 = CARTESIAN_POINT('',(82.986860048211,19.96097016924,
    5.674901384998));
#2120 = CARTESIAN_POINT('',(83.125929265188,20.092870385954,
    5.854690233487));
#2121 = CARTESIAN_POINT('',(83.083008329479,20.059681339267,
    5.761306930145));
#2122 = CARTESIAN_POINT('',(83.096381128921,20.077542751823,
    5.752346210702));
#2123 = CARTESIAN_POINT('',(83.103869449988,20.090078455077,
    5.734563570973));
#2124 = CARTESIAN_POINT('',(83.02307300988,19.923390144443,
    5.800476224051));
#2125 = CARTESIAN_POINT('',(83.043354626401,19.947526018535,
    5.802013389051));
#2126 = CARTESIAN_POINT('',(83.065986027515,19.973674137978,
    5.807410221539));
#2127 = CARTESIAN_POINT('',(83.018598067735,19.937037155293,
    5.704940595555));
#2128 = CARTESIAN_POINT('',(83.184373995752,20.09249684347,
    5.926768828505));
#2129 = CARTESIAN_POINT('',(82.944284472192,19.880579635424,
    5.536999065132));
#2130 = CARTESIAN_POINT('',(83.05355394857,19.985455815344,
    5.671909283638));
#2131 = CARTESIAN_POINT('',(83.080441310848,20.015706307124,
    5.683216359373));
#2132 = CARTESIAN_POINT('',(83.093669684113,20.033448334398,
    5.674016061004));
#2133 = CARTESIAN_POINT('',(83.052213884417,19.902636947173,
    5.79826415316));
#2134 = CARTESIAN_POINT('',(83.070391397103,19.924933687505,
    5.796329597309));
#2135 = CARTESIAN_POINT('',(83.075417741545,19.935538147961,
    5.774405683673));
#2136 = CARTESIAN_POINT('',(83.114062991602,19.975738268428,
    5.806003656681));
#2137 = CARTESIAN_POINT('',(83.026890034581,19.90255937446,
    5.643891362656));
#2138 = CARTESIAN_POINT('',(83.165974186357,20.034902039037,
    5.824085252644));
#2139 = CARTESIAN_POINT('',(83.190634700346,20.062859152132,
    5.832087471704));
#2140 = CARTESIAN_POINT('',(83.142941422112,20.025141666406,
    5.731552020027));
#2141 = CARTESIAN_POINT('',(83.118750668612,20.008853194138,
    5.666283227465));
#2142 = CARTESIAN_POINT('',(83.082834109736,19.883132097698,
    5.799474923809));
#2143 = CARTESIAN_POINT('',(83.103791059316,19.907883385705,
    5.802045725446));
#2144 = CARTESIAN_POINT('',(83.134486817008,19.941336544091,
    5.81948289408));
#2145 = CARTESIAN_POINT('',(83.120354756419,19.934226859684,
    5.767712556746));
#2146 = CARTESIAN_POINT('',(83.145641541721,19.963688940013,
    5.777504674403));
#2147 = CARTESIAN_POINT('',(83.189450883512,20.008209800928,
    5.81445142323));
#2148 = CARTESIAN_POINT('',(83.054670496631,19.891832641989,
    5.582874199072));
#2149 = CARTESIAN_POINT('',(83.073912948626,19.915040985569,
    5.582863063069));
#2150 = CARTESIAN_POINT('',(83.070359052893,19.917530069586,
    5.548512076495));
#2151 = CARTESIAN_POINT('',(83.112589025792,19.862841297073,
    5.79857610833));
#2152 = CARTESIAN_POINT('',(83.125153245653,19.879952801941,
    5.78837268963));
#2153 = CARTESIAN_POINT('',(83.12741138376,19.887629183296,
    5.762679216053));
#2154 = CARTESIAN_POINT('',(83.178704607538,19.940431168244,
    5.810590690583));
#2155 = CARTESIAN_POINT('',(83.149872244288,19.91932262435,
    5.738916687213));
#2156 = CARTESIAN_POINT('',(83.106309932111,19.885840828427,
    5.643822885624));
#2157 = CARTESIAN_POINT('',(83.134451799816,19.917038991875,
    5.657421710718));
#2158 = CARTESIAN_POINT('',(83.107407940929,19.898144891017,
    5.587756694339));
#2159 = CARTESIAN_POINT('',(83.087596500391,19.885838497411,
    5.529033049912));
#2160 = CARTESIAN_POINT('',(83.163537362103,19.861895727582,
    5.82975167623));
#2161 = CARTESIAN_POINT('',(83.173013573991,19.87620936566,
    5.814937821587));
#2162 = CARTESIAN_POINT('',(83.174133144761,19.882947448456,
    5.787565782586));
#2163 = CARTESIAN_POINT('',(83.213407330593,19.924374528429,
    5.817477985742));
#2164 = CARTESIAN_POINT('',(83.171369541586,19.891785368762,
    5.725490417361));
#2165 = CARTESIAN_POINT('',(83.165333273701,19.892140390686,
    5.687299746665));
#2166 = CARTESIAN_POINT('',(83.144034382014,19.878391313147,
    5.62642107151));
#2167 = CARTESIAN_POINT('',(83.120457227349,19.862679217908,
    5.56203806619));
#2168 = CARTESIAN_POINT('',(83.097300340303,19.84732600174,
    5.498297868356));
#2169 = CARTESIAN_POINT('',(83.230216506668,19.875236578325,
    5.884500791873));
#2170 = CARTESIAN_POINT('',(83.237208820246,19.887285787066,
    5.865959390139));
#2171 = CARTESIAN_POINT('',(83.236285704923,19.892169074079,
    5.835525273504));
#2172 = CARTESIAN_POINT('',(83.271288151131,19.929605193932,
    5.85908579053));
#2173 = CARTESIAN_POINT('',(83.229750446033,19.897606469401,
    5.767652931614));
#2174 = CARTESIAN_POINT('',(83.205721803289,19.881504178253,
    5.702650829166));
#2175 = CARTESIAN_POINT('',(83.184663325554,19.868011989819,
    5.642046722189));
#2176 = CARTESIAN_POINT('',(83.153832974037,19.845691484992,
    5.566801557146));
#2177 = CARTESIAN_POINT('',(83.124453639912,19.824675340454,
    5.493728948582));
#2178 = ADVANCED_FACE('',(#2179),#2198,.T.);
#2179 = FACE_BOUND('',#2180,.F.);
#2180 = EDGE_LOOP('',(#2181,#2182,#2183,#2192));
#2181 = ORIENTED_EDGE('',*,*,#2071,.T.);
#2182 = ORIENTED_EDGE('',*,*,#625,.T.);
#2183 = ORIENTED_EDGE('',*,*,#2184,.F.);
#2184 = EDGE_CURVE('',#2185,#626,#2187,.T.);
#2185 = VERTEX_POINT('',#2186);
#2186 = CARTESIAN_POINT('',(2.,52.6,5.2));
#2187 = CIRCLE('',#2188,0.6);
#2188 = AXIS2_PLACEMENT_3D('',#2189,#2190,#2191);
#2189 = CARTESIAN_POINT('',(2.,52.,5.2));
#2190 = DIRECTION('',(1.,0.,0.));
#2191 = DIRECTION('',(0.,1.,0.));
#2192 = ORIENTED_EDGE('',*,*,#2193,.F.);
#2193 = EDGE_CURVE('',#2063,#2185,#2194,.T.);
#2194 = LINE('',#2195,#2196);
#2195 = CARTESIAN_POINT('',(82.,52.6,5.2));
#2196 = VECTOR('',#2197,1.);
#2197 = DIRECTION('',(-1.,0.,0.));
#2198 = CYLINDRICAL_SURFACE('',#2199,0.6);
#2199 = AXIS2_PLACEMENT_3D('',#2200,#2201,#2202);
#2200 = CARTESIAN_POINT('',(82.,52.,5.2));
#2201 = DIRECTION('',(-1.,0.,0.));
#2202 = DIRECTION('',(0.,1.,0.));
#2203 = ADVANCED_FACE('',(#2204),#2224,.T.);
#2204 = FACE_BOUND('',#2205,.T.);
#2205 = EDGE_LOOP('',(#2206,#2207,#2216,#2223));
#2206 = ORIENTED_EDGE('',*,*,#2184,.F.);
#2207 = ORIENTED_EDGE('',*,*,#2208,.T.);
#2208 = EDGE_CURVE('',#2185,#2209,#2211,.T.);
#2209 = VERTEX_POINT('',#2210);
#2210 = CARTESIAN_POINT('',(-0.6,50.,5.2));
#2211 = CIRCLE('',#2212,2.6);
#2212 = AXIS2_PLACEMENT_3D('',#2213,#2214,#2215);
#2213 = CARTESIAN_POINT('',(2.,50.,5.2));
#2214 = DIRECTION('',(0.,-0.,1.));
#2215 = DIRECTION('',(0.,1.,0.));
#2216 = ORIENTED_EDGE('',*,*,#2217,.T.);
#2217 = EDGE_CURVE('',#2209,#634,#2218,.T.);
#2218 = CIRCLE('',#2219,0.6);
#2219 = AXIS2_PLACEMENT_3D('',#2220,#2221,#2222);
#2220 = CARTESIAN_POINT('',(0.,50.,5.2));
#2221 = DIRECTION('',(6.123233995737E-17,1.,-0.));
#2222 = DIRECTION('',(-1.,6.123233995737E-17,0.));
#2223 = ORIENTED_EDGE('',*,*,#633,.F.);
#2224 = TOROIDAL_SURFACE('',#2225,2.,0.6);
#2225 = AXIS2_PLACEMENT_3D('',#2226,#2227,#2228);
#2226 = CARTESIAN_POINT('',(2.,50.,5.2));
#2227 = DIRECTION('',(0.,0.,1.));
#2228 = DIRECTION('',(0.,1.,0.));
#2229 = ADVANCED_FACE('',(#2230),#2249,.T.);
#2230 = FACE_BOUND('',#2231,.F.);
#2231 = EDGE_LOOP('',(#2232,#2240,#2247,#2248));
#2232 = ORIENTED_EDGE('',*,*,#2233,.F.);
#2233 = EDGE_CURVE('',#2234,#1153,#2236,.T.);
#2234 = VERTEX_POINT('',#2235);
#2235 = CARTESIAN_POINT('',(84.6,2.,5.2));
#2236 = LINE('',#2237,#2238);
#2237 = CARTESIAN_POINT('',(84.6,2.,5.2));
#2238 = VECTOR('',#2239,1.);
#2239 = DIRECTION('',(0.,1.,0.));
#2240 = ORIENTED_EDGE('',*,*,#2241,.T.);
#2241 = EDGE_CURVE('',#2234,#668,#2242,.T.);
#2242 = CIRCLE('',#2243,0.6);
#2243 = AXIS2_PLACEMENT_3D('',#2244,#2245,#2246);
#2244 = CARTESIAN_POINT('',(84.,2.,5.2));
#2245 = DIRECTION('',(-1.978751737574E-16,-1.,0.));
#2246 = DIRECTION('',(1.,-1.978751737574E-16,0.));
#2247 = ORIENTED_EDGE('',*,*,#676,.T.);
#2248 = ORIENTED_EDGE('',*,*,#1152,.T.);
#2249 = CYLINDRICAL_SURFACE('',#2250,0.6);
#2250 = AXIS2_PLACEMENT_3D('',#2251,#2252,#2253);
#2251 = CARTESIAN_POINT('',(84.,2.,5.2));
#2252 = DIRECTION('',(0.,1.,0.));
#2253 = DIRECTION('',(1.,0.,0.));
#2254 = ADVANCED_FACE('',(#2255),#2274,.T.);
#2255 = FACE_BOUND('',#2256,.F.);
#2256 = EDGE_LOOP('',(#2257,#2258,#2259,#2268));
#2257 = ORIENTED_EDGE('',*,*,#2217,.T.);
#2258 = ORIENTED_EDGE('',*,*,#642,.T.);
#2259 = ORIENTED_EDGE('',*,*,#2260,.F.);
#2260 = EDGE_CURVE('',#2261,#643,#2263,.T.);
#2261 = VERTEX_POINT('',#2262);
#2262 = CARTESIAN_POINT('',(-0.6,2.,5.2));
#2263 = CIRCLE('',#2264,0.6);
#2264 = AXIS2_PLACEMENT_3D('',#2265,#2266,#2267);
#2265 = CARTESIAN_POINT('',(0.,2.,5.2));
#2266 = DIRECTION('',(1.7080354225E-16,1.,-0.));
#2267 = DIRECTION('',(-1.,1.7080354225E-16,0.));
#2268 = ORIENTED_EDGE('',*,*,#2269,.F.);
#2269 = EDGE_CURVE('',#2209,#2261,#2270,.T.);
#2270 = LINE('',#2271,#2272);
#2271 = CARTESIAN_POINT('',(-0.6,50.,5.2));
#2272 = VECTOR('',#2273,1.);
#2273 = DIRECTION('',(0.,-1.,0.));
#2274 = CYLINDRICAL_SURFACE('',#2275,0.6);
#2275 = AXIS2_PLACEMENT_3D('',#2276,#2277,#2278);
#2276 = CARTESIAN_POINT('',(-8.927348970689E-16,50.,5.2));
#2277 = DIRECTION('',(0.,-1.,0.));
#2278 = DIRECTION('',(-1.,0.,0.));
#2279 = ADVANCED_FACE('',(#2280),#2300,.T.);
#2280 = FACE_BOUND('',#2281,.T.);
#2281 = EDGE_LOOP('',(#2282,#2291,#2298,#2299));
#2282 = ORIENTED_EDGE('',*,*,#2283,.F.);
#2283 = EDGE_CURVE('',#2284,#660,#2286,.T.);
#2284 = VERTEX_POINT('',#2285);
#2285 = CARTESIAN_POINT('',(82.,-0.6,5.2));
#2286 = CIRCLE('',#2287,0.6);
#2287 = AXIS2_PLACEMENT_3D('',#2288,#2289,#2290);
#2288 = CARTESIAN_POINT('',(82.,-8.927348970689E-16,5.2));
#2289 = DIRECTION('',(-1.,0.,0.));
#2290 = DIRECTION('',(0.,-1.,0.));
#2291 = ORIENTED_EDGE('',*,*,#2292,.T.);
#2292 = EDGE_CURVE('',#2284,#2234,#2293,.T.);
#2293 = CIRCLE('',#2294,2.6);
#2294 = AXIS2_PLACEMENT_3D('',#2295,#2296,#2297);
#2295 = CARTESIAN_POINT('',(82.,2.,5.2));
#2296 = DIRECTION('',(0.,0.,1.));
#2297 = DIRECTION('',(-5.465713352001E-15,-1.,0.));
#2298 = ORIENTED_EDGE('',*,*,#2241,.T.);
#2299 = ORIENTED_EDGE('',*,*,#667,.F.);
#2300 = TOROIDAL_SURFACE('',#2301,2.,0.6);
#2301 = AXIS2_PLACEMENT_3D('',#2302,#2303,#2304);
#2302 = CARTESIAN_POINT('',(82.,2.,5.2));
#2303 = DIRECTION('',(0.,0.,1.));
#2304 = DIRECTION('',(-5.465713352001E-15,-1.,0.));
#2305 = ADVANCED_FACE('',(#2306),#2326,.T.);
#2306 = FACE_BOUND('',#2307,.T.);
#2307 = EDGE_LOOP('',(#2308,#2309,#2318,#2325));
#2308 = ORIENTED_EDGE('',*,*,#2260,.F.);
#2309 = ORIENTED_EDGE('',*,*,#2310,.T.);
#2310 = EDGE_CURVE('',#2261,#2311,#2313,.T.);
#2311 = VERTEX_POINT('',#2312);
#2312 = CARTESIAN_POINT('',(2.,-0.6,5.2));
#2313 = CIRCLE('',#2314,2.6);
#2314 = AXIS2_PLACEMENT_3D('',#2315,#2316,#2317);
#2315 = CARTESIAN_POINT('',(2.,2.,5.2));
#2316 = DIRECTION('',(0.,0.,1.));
#2317 = DIRECTION('',(-1.,1.7080354225E-16,0.));
#2318 = ORIENTED_EDGE('',*,*,#2319,.T.);
#2319 = EDGE_CURVE('',#2311,#651,#2320,.T.);
#2320 = CIRCLE('',#2321,0.6);
#2321 = AXIS2_PLACEMENT_3D('',#2322,#2323,#2324);
#2322 = CARTESIAN_POINT('',(2.,0.,5.2));
#2323 = DIRECTION('',(-1.,2.320358822074E-16,0.));
#2324 = DIRECTION('',(-2.320358822074E-16,-1.,0.));
#2325 = ORIENTED_EDGE('',*,*,#650,.F.);
#2326 = TOROIDAL_SURFACE('',#2327,2.,0.6);
#2327 = AXIS2_PLACEMENT_3D('',#2328,#2329,#2330);
#2328 = CARTESIAN_POINT('',(2.,2.,5.2));
#2329 = DIRECTION('',(0.,0.,1.));
#2330 = DIRECTION('',(-1.,1.7080354225E-16,0.));
#2331 = ADVANCED_FACE('',(#2332),#2343,.T.);
#2332 = FACE_BOUND('',#2333,.F.);
#2333 = EDGE_LOOP('',(#2334,#2335,#2336,#2337));
#2334 = ORIENTED_EDGE('',*,*,#2319,.T.);
#2335 = ORIENTED_EDGE('',*,*,#659,.T.);
#2336 = ORIENTED_EDGE('',*,*,#2283,.F.);
#2337 = ORIENTED_EDGE('',*,*,#2338,.F.);
#2338 = EDGE_CURVE('',#2311,#2284,#2339,.T.);
#2339 = LINE('',#2340,#2341);
#2340 = CARTESIAN_POINT('',(2.,-0.6,5.2));
#2341 = VECTOR('',#2342,1.);
#2342 = DIRECTION('',(1.,0.,0.));
#2343 = CYLINDRICAL_SURFACE('',#2344,0.6);
#2344 = AXIS2_PLACEMENT_3D('',#2345,#2346,#2347);
#2345 = CARTESIAN_POINT('',(2.,-8.927348970689E-16,5.2));
#2346 = DIRECTION('',(1.,0.,0.));
#2347 = DIRECTION('',(0.,-1.,0.));
#2348 = ADVANCED_FACE('',(#2349),#2361,.T.);
#2349 = FACE_BOUND('',#2350,.T.);
#2350 = EDGE_LOOP('',(#2351,#2358,#2359,#2360));
#2351 = ORIENTED_EDGE('',*,*,#2352,.F.);
#2352 = EDGE_CURVE('',#731,#1333,#2353,.T.);
#2353 = CIRCLE('',#2354,0.12);
#2354 = AXIS2_PLACEMENT_3D('',#2355,#2356,#2357);
#2355 = CARTESIAN_POINT('',(43.82,4.5,5.68));
#2356 = DIRECTION('',(0.,-1.,0.));
#2357 = DIRECTION('',(1.,0.,0.));
#2358 = ORIENTED_EDGE('',*,*,#730,.T.);
#2359 = ORIENTED_EDGE('',*,*,#2352,.T.);
#2360 = ORIENTED_EDGE('',*,*,#1340,.F.);
#2361 = TOROIDAL_SURFACE('',#2362,2.72,0.12);
#2362 = AXIS2_PLACEMENT_3D('',#2363,#2364,#2365);
#2363 = CARTESIAN_POINT('',(41.1,4.5,5.68));
#2364 = DIRECTION('',(0.,0.,1.));
#2365 = DIRECTION('',(1.,0.,0.));
#2366 = ADVANCED_FACE('',(#2367),#2379,.T.);
#2367 = FACE_BOUND('',#2368,.T.);
#2368 = EDGE_LOOP('',(#2369,#2376,#2377,#2378));
#2369 = ORIENTED_EDGE('',*,*,#2370,.F.);
#2370 = EDGE_CURVE('',#742,#1358,#2371,.T.);
#2371 = CIRCLE('',#2372,0.12);
#2372 = AXIS2_PLACEMENT_3D('',#2373,#2374,#2375);
#2373 = CARTESIAN_POINT('',(52.32,8.80000526,5.68));
#2374 = DIRECTION('',(6.832141690001E-16,-1.,0.));
#2375 = DIRECTION('',(1.,6.832141690001E-16,0.));
#2376 = ORIENTED_EDGE('',*,*,#741,.T.);
#2377 = ORIENTED_EDGE('',*,*,#2370,.T.);
#2378 = ORIENTED_EDGE('',*,*,#1365,.F.);
#2379 = TOROIDAL_SURFACE('',#2380,2.72,0.12);
#2380 = AXIS2_PLACEMENT_3D('',#2381,#2382,#2383);
#2381 = CARTESIAN_POINT('',(49.6,8.80000526,5.68));
#2382 = DIRECTION('',(0.,0.,1.));
#2383 = DIRECTION('',(1.,6.832141690001E-16,0.));
#2384 = ADVANCED_FACE('',(#2385),#2397,.T.);
#2385 = FACE_BOUND('',#2386,.T.);
#2386 = EDGE_LOOP('',(#2387,#2394,#2395,#2396));
#2387 = ORIENTED_EDGE('',*,*,#2388,.F.);
#2388 = EDGE_CURVE('',#753,#1383,#2389,.T.);
#2389 = CIRCLE('',#2390,0.12);
#2390 = AXIS2_PLACEMENT_3D('',#2391,#2392,#2393);
#2391 = CARTESIAN_POINT('',(43.82,14.4,5.68));
#2392 = DIRECTION('',(0.,-1.,0.));
#2393 = DIRECTION('',(1.,0.,0.));
#2394 = ORIENTED_EDGE('',*,*,#752,.T.);
#2395 = ORIENTED_EDGE('',*,*,#2388,.T.);
#2396 = ORIENTED_EDGE('',*,*,#1390,.F.);
#2397 = TOROIDAL_SURFACE('',#2398,2.72,0.12);
#2398 = AXIS2_PLACEMENT_3D('',#2399,#2400,#2401);
#2399 = CARTESIAN_POINT('',(41.1,14.4,5.68));
#2400 = DIRECTION('',(0.,0.,1.));
#2401 = DIRECTION('',(1.,0.,0.));
#2402 = ADVANCED_FACE('',(#2403),#2421,.T.);
#2403 = FACE_BOUND('',#2404,.T.);
#2404 = EDGE_LOOP('',(#2405,#2412,#2413,#2420));
#2405 = ORIENTED_EDGE('',*,*,#2406,.F.);
#2406 = EDGE_CURVE('',#764,#1416,#2407,.T.);
#2407 = CIRCLE('',#2408,0.12);
#2408 = AXIS2_PLACEMENT_3D('',#2409,#2410,#2411);
#2409 = CARTESIAN_POINT('',(3.88,20.6,5.68));
#2410 = DIRECTION('',(0.,1.,-0.));
#2411 = DIRECTION('',(-1.,0.,0.));
#2412 = ORIENTED_EDGE('',*,*,#763,.T.);
#2413 = ORIENTED_EDGE('',*,*,#2414,.T.);
#2414 = EDGE_CURVE('',#766,#1408,#2415,.T.);
#2415 = CIRCLE('',#2416,0.12);
#2416 = AXIS2_PLACEMENT_3D('',#2417,#2418,#2419);
#2417 = CARTESIAN_POINT('',(4.3,20.18,5.68));
#2418 = DIRECTION('',(-1.,6.123233995737E-17,0.));
#2419 = DIRECTION('',(-6.123233995737E-17,-1.,0.));
#2420 = ORIENTED_EDGE('',*,*,#1415,.F.);
#2421 = TOROIDAL_SURFACE('',#2422,0.42,0.12);
#2422 = AXIS2_PLACEMENT_3D('',#2423,#2424,#2425);
#2423 = CARTESIAN_POINT('',(4.3,20.6,5.68));
#2424 = DIRECTION('',(0.,0.,1.));
#2425 = DIRECTION('',(-1.,0.,0.));
#2426 = ADVANCED_FACE('',(#2427),#2439,.T.);
#2427 = FACE_BOUND('',#2428,.F.);
#2428 = EDGE_LOOP('',(#2429,#2436,#2437,#2438));
#2429 = ORIENTED_EDGE('',*,*,#2430,.T.);
#2430 = EDGE_CURVE('',#775,#1442,#2431,.T.);
#2431 = CIRCLE('',#2432,0.12);
#2432 = AXIS2_PLACEMENT_3D('',#2433,#2434,#2435);
#2433 = CARTESIAN_POINT('',(3.88,47.8,5.68));
#2434 = DIRECTION('',(-1.459371158509E-14,1.,0.));
#2435 = DIRECTION('',(-1.,-1.459371158509E-14,0.));
#2436 = ORIENTED_EDGE('',*,*,#1449,.T.);
#2437 = ORIENTED_EDGE('',*,*,#2406,.F.);
#2438 = ORIENTED_EDGE('',*,*,#774,.F.);
#2439 = CYLINDRICAL_SURFACE('',#2440,0.12);
#2440 = AXIS2_PLACEMENT_3D('',#2441,#2442,#2443);
#2441 = CARTESIAN_POINT('',(3.88,47.8,5.68));
#2442 = DIRECTION('',(0.,-1.,0.));
#2443 = DIRECTION('',(0.,0.,1.));
#2444 = ADVANCED_FACE('',(#2445),#2457,.T.);
#2445 = FACE_BOUND('',#2446,.F.);
#2446 = EDGE_LOOP('',(#2447,#2448,#2449,#2456));
#2447 = ORIENTED_EDGE('',*,*,#2414,.T.);
#2448 = ORIENTED_EDGE('',*,*,#1473,.T.);
#2449 = ORIENTED_EDGE('',*,*,#2450,.F.);
#2450 = EDGE_CURVE('',#817,#1464,#2451,.T.);
#2451 = CIRCLE('',#2452,0.12);
#2452 = AXIS2_PLACEMENT_3D('',#2453,#2454,#2455);
#2453 = CARTESIAN_POINT('',(31.5,20.18,5.68));
#2454 = DIRECTION('',(-1.,0.,0.));
#2455 = DIRECTION('',(0.,0.,1.));
#2456 = ORIENTED_EDGE('',*,*,#825,.F.);
#2457 = CYLINDRICAL_SURFACE('',#2458,0.12);
#2458 = AXIS2_PLACEMENT_3D('',#2459,#2460,#2461);
#2459 = CARTESIAN_POINT('',(4.3,20.18,5.68));
#2460 = DIRECTION('',(1.,0.,0.));
#2461 = DIRECTION('',(0.,0.,1.));
#2462 = ADVANCED_FACE('',(#2463),#2475,.T.);
#2463 = FACE_BOUND('',#2464,.T.);
#2464 = EDGE_LOOP('',(#2465,#2472,#2473,#2474));
#2465 = ORIENTED_EDGE('',*,*,#2466,.F.);
#2466 = EDGE_CURVE('',#783,#1489,#2467,.T.);
#2467 = CIRCLE('',#2468,0.12);
#2468 = AXIS2_PLACEMENT_3D('',#2469,#2470,#2471);
#2469 = CARTESIAN_POINT('',(4.3,48.22,5.68));
#2470 = DIRECTION('',(1.,0.,-0.));
#2471 = DIRECTION('',(0.,0.,1.));
#2472 = ORIENTED_EDGE('',*,*,#782,.T.);
#2473 = ORIENTED_EDGE('',*,*,#2430,.T.);
#2474 = ORIENTED_EDGE('',*,*,#1488,.F.);
#2475 = TOROIDAL_SURFACE('',#2476,0.42,0.12);
#2476 = AXIS2_PLACEMENT_3D('',#2477,#2478,#2479);
#2477 = CARTESIAN_POINT('',(4.3,47.8,5.68));
#2478 = DIRECTION('',(0.,0.,1.));
#2479 = DIRECTION('',(8.881784197001E-15,1.,0.));
#2480 = ADVANCED_FACE('',(#2481),#2493,.T.);
#2481 = FACE_BOUND('',#2482,.T.);
#2482 = EDGE_LOOP('',(#2483,#2484,#2485,#2492));
#2483 = ORIENTED_EDGE('',*,*,#2450,.F.);
#2484 = ORIENTED_EDGE('',*,*,#816,.T.);
#2485 = ORIENTED_EDGE('',*,*,#2486,.T.);
#2486 = EDGE_CURVE('',#809,#1513,#2487,.T.);
#2487 = CIRCLE('',#2488,0.12);
#2488 = AXIS2_PLACEMENT_3D('',#2489,#2490,#2491);
#2489 = CARTESIAN_POINT('',(31.92,20.6,5.68));
#2490 = DIRECTION('',(-6.123233995737E-17,-1.,0.));
#2491 = DIRECTION('',(1.,-6.123233995737E-17,0.));
#2492 = ORIENTED_EDGE('',*,*,#1520,.F.);
#2493 = TOROIDAL_SURFACE('',#2494,0.42,0.12);
#2494 = AXIS2_PLACEMENT_3D('',#2495,#2496,#2497);
#2495 = CARTESIAN_POINT('',(31.5,20.6,5.68));
#2496 = DIRECTION('',(0.,0.,1.));
#2497 = DIRECTION('',(0.,-1.,0.));
#2498 = ADVANCED_FACE('',(#2499),#2511,.T.);
#2499 = FACE_BOUND('',#2500,.F.);
#2500 = EDGE_LOOP('',(#2501,#2508,#2509,#2510));
#2501 = ORIENTED_EDGE('',*,*,#2502,.T.);
#2502 = EDGE_CURVE('',#792,#1538,#2503,.T.);
#2503 = CIRCLE('',#2504,0.12);
#2504 = AXIS2_PLACEMENT_3D('',#2505,#2506,#2507);
#2505 = CARTESIAN_POINT('',(31.5,48.22,5.68));
#2506 = DIRECTION('',(1.,-6.123233995737E-17,0.));
#2507 = DIRECTION('',(6.123233995737E-17,1.,0.));
#2508 = ORIENTED_EDGE('',*,*,#1547,.T.);
#2509 = ORIENTED_EDGE('',*,*,#2466,.F.);
#2510 = ORIENTED_EDGE('',*,*,#791,.F.);
#2511 = CYLINDRICAL_SURFACE('',#2512,0.12);
#2512 = AXIS2_PLACEMENT_3D('',#2513,#2514,#2515);
#2513 = CARTESIAN_POINT('',(31.5,48.22,5.68));
#2514 = DIRECTION('',(-1.,0.,0.));
#2515 = DIRECTION('',(0.,0.,1.));
#2516 = ADVANCED_FACE('',(#2517),#2529,.T.);
#2517 = FACE_BOUND('',#2518,.F.);
#2518 = EDGE_LOOP('',(#2519,#2520,#2521,#2528));
#2519 = ORIENTED_EDGE('',*,*,#2486,.T.);
#2520 = ORIENTED_EDGE('',*,*,#1571,.T.);
#2521 = ORIENTED_EDGE('',*,*,#2522,.F.);
#2522 = EDGE_CURVE('',#800,#1564,#2523,.T.);
#2523 = CIRCLE('',#2524,0.12);
#2524 = AXIS2_PLACEMENT_3D('',#2525,#2526,#2527);
#2525 = CARTESIAN_POINT('',(31.92,47.8,5.68));
#2526 = DIRECTION('',(0.,-1.,0.));
#2527 = DIRECTION('',(0.,0.,1.));
#2528 = ORIENTED_EDGE('',*,*,#808,.F.);
#2529 = CYLINDRICAL_SURFACE('',#2530,0.12);
#2530 = AXIS2_PLACEMENT_3D('',#2531,#2532,#2533);
#2531 = CARTESIAN_POINT('',(31.92,20.6,5.68));
#2532 = DIRECTION('',(0.,1.,0.));
#2533 = DIRECTION('',(0.,0.,1.));
#2534 = ADVANCED_FACE('',(#2535),#2541,.T.);
#2535 = FACE_BOUND('',#2536,.T.);
#2536 = EDGE_LOOP('',(#2537,#2538,#2539,#2540));
#2537 = ORIENTED_EDGE('',*,*,#2522,.F.);
#2538 = ORIENTED_EDGE('',*,*,#799,.T.);
#2539 = ORIENTED_EDGE('',*,*,#2502,.T.);
#2540 = ORIENTED_EDGE('',*,*,#1586,.F.);
#2541 = TOROIDAL_SURFACE('',#2542,0.42,0.12);
#2542 = AXIS2_PLACEMENT_3D('',#2543,#2544,#2545);
#2543 = CARTESIAN_POINT('',(31.5,47.8,5.68));
#2544 = DIRECTION('',(0.,0.,1.));
#2545 = DIRECTION('',(1.,0.,0.));
#2546 = ADVANCED_FACE('',(#2547),#2558,.T.);
#2547 = FACE_BOUND('',#2548,.T.);
#2548 = EDGE_LOOP('',(#2549,#2555,#2556,#2557));
#2549 = ORIENTED_EDGE('',*,*,#2550,.T.);
#2550 = EDGE_CURVE('',#1877,#2063,#2551,.T.);
#2551 = LINE('',#2552,#2553);
#2552 = CARTESIAN_POINT('',(82.,52.6,0.));
#2553 = VECTOR('',#2554,1.);
#2554 = DIRECTION('',(0.,0.,1.));
#2555 = ORIENTED_EDGE('',*,*,#2062,.F.);
#2556 = ORIENTED_EDGE('',*,*,#841,.F.);
#2557 = ORIENTED_EDGE('',*,*,#1902,.T.);
#2558 = CYLINDRICAL_SURFACE('',#2559,2.6);
#2559 = AXIS2_PLACEMENT_3D('',#2560,#2561,#2562);
#2560 = CARTESIAN_POINT('',(82.,50.,0.));
#2561 = DIRECTION('',(0.,0.,1.));
#2562 = DIRECTION('',(1.,0.,0.));
#2563 = ADVANCED_FACE('',(#2564),#2570,.F.);
#2564 = FACE_BOUND('',#2565,.F.);
#2565 = EDGE_LOOP('',(#2566,#2567,#2568,#2569));
#2566 = ORIENTED_EDGE('',*,*,#1033,.T.);
#2567 = ORIENTED_EDGE('',*,*,#1145,.T.);
#2568 = ORIENTED_EDGE('',*,*,#2089,.F.);
#2569 = ORIENTED_EDGE('',*,*,#1927,.F.);
#2570 = CYLINDRICAL_SURFACE('',#2571,0.12);
#2571 = AXIS2_PLACEMENT_3D('',#2572,#2573,#2574);
#2572 = CARTESIAN_POINT('',(83.22,20.02054,5.));
#2573 = DIRECTION('',(0.,0.,1.));
#2574 = DIRECTION('',(-1.,0.,0.));
#2575 = ADVANCED_FACE('',(#2576),#2587,.T.);
#2576 = FACE_BOUND('',#2577,.T.);
#2577 = EDGE_LOOP('',(#2578,#2584,#2585,#2586));
#2578 = ORIENTED_EDGE('',*,*,#2579,.F.);
#2579 = EDGE_CURVE('',#1622,#2234,#2580,.T.);
#2580 = LINE('',#2581,#2582);
#2581 = CARTESIAN_POINT('',(84.6,2.,0.));
#2582 = VECTOR('',#2583,1.);
#2583 = DIRECTION('',(0.,0.,1.));
#2584 = ORIENTED_EDGE('',*,*,#1621,.T.);
#2585 = ORIENTED_EDGE('',*,*,#1161,.T.);
#2586 = ORIENTED_EDGE('',*,*,#2233,.F.);
#2587 = PLANE('',#2588);
#2588 = AXIS2_PLACEMENT_3D('',#2589,#2590,#2591);
#2589 = CARTESIAN_POINT('',(84.6,2.,0.));
#2590 = DIRECTION('',(1.,0.,0.));
#2591 = DIRECTION('',(0.,0.,1.));
#2592 = ADVANCED_FACE('',(#2593),#2604,.T.);
#2593 = FACE_BOUND('',#2594,.T.);
#2594 = EDGE_LOOP('',(#2595,#2596,#2597,#2603));
#2595 = ORIENTED_EDGE('',*,*,#2579,.T.);
#2596 = ORIENTED_EDGE('',*,*,#2292,.F.);
#2597 = ORIENTED_EDGE('',*,*,#2598,.F.);
#2598 = EDGE_CURVE('',#1665,#2284,#2599,.T.);
#2599 = LINE('',#2600,#2601);
#2600 = CARTESIAN_POINT('',(82.,-0.6,0.));
#2601 = VECTOR('',#2602,1.);
#2602 = DIRECTION('',(0.,0.,1.));
#2603 = ORIENTED_EDGE('',*,*,#1673,.T.);
#2604 = CYLINDRICAL_SURFACE('',#2605,2.6);
#2605 = AXIS2_PLACEMENT_3D('',#2606,#2607,#2608);
#2606 = CARTESIAN_POINT('',(82.,2.,0.));
#2607 = DIRECTION('',(0.,0.,1.));
#2608 = DIRECTION('',(1.,0.,0.));
#2609 = ADVANCED_FACE('',(#2610),#2621,.F.);
#2610 = FACE_BOUND('',#2611,.F.);
#2611 = EDGE_LOOP('',(#2612,#2613,#2614,#2620));
#2612 = ORIENTED_EDGE('',*,*,#2598,.F.);
#2613 = ORIENTED_EDGE('',*,*,#1719,.F.);
#2614 = ORIENTED_EDGE('',*,*,#2615,.T.);
#2615 = EDGE_CURVE('',#1709,#2311,#2616,.T.);
#2616 = LINE('',#2617,#2618);
#2617 = CARTESIAN_POINT('',(2.,-0.6,0.));
#2618 = VECTOR('',#2619,1.);
#2619 = DIRECTION('',(0.,0.,1.));
#2620 = ORIENTED_EDGE('',*,*,#2338,.T.);
#2621 = PLANE('',#2622);
#2622 = AXIS2_PLACEMENT_3D('',#2623,#2624,#2625);
#2623 = CARTESIAN_POINT('',(2.,-0.6,0.));
#2624 = DIRECTION('',(0.,1.,0.));
#2625 = DIRECTION('',(0.,0.,1.));
#2626 = ADVANCED_FACE('',(#2627),#2638,.T.);
#2627 = FACE_BOUND('',#2628,.T.);
#2628 = EDGE_LOOP('',(#2629,#2630,#2631,#2637));
#2629 = ORIENTED_EDGE('',*,*,#2615,.T.);
#2630 = ORIENTED_EDGE('',*,*,#2310,.F.);
#2631 = ORIENTED_EDGE('',*,*,#2632,.F.);
#2632 = EDGE_CURVE('',#1752,#2261,#2633,.T.);
#2633 = LINE('',#2634,#2635);
#2634 = CARTESIAN_POINT('',(-0.6,2.,0.));
#2635 = VECTOR('',#2636,1.);
#2636 = DIRECTION('',(0.,0.,1.));
#2637 = ORIENTED_EDGE('',*,*,#1760,.T.);
#2638 = CYLINDRICAL_SURFACE('',#2639,2.6);
#2639 = AXIS2_PLACEMENT_3D('',#2640,#2641,#2642);
#2640 = CARTESIAN_POINT('',(2.,2.,0.));
#2641 = DIRECTION('',(0.,0.,1.));
#2642 = DIRECTION('',(1.,0.,0.));
#2643 = ADVANCED_FACE('',(#2644),#2655,.F.);
#2644 = FACE_BOUND('',#2645,.F.);
#2645 = EDGE_LOOP('',(#2646,#2647,#2648,#2654));
#2646 = ORIENTED_EDGE('',*,*,#2632,.F.);
#2647 = ORIENTED_EDGE('',*,*,#1806,.F.);
#2648 = ORIENTED_EDGE('',*,*,#2649,.T.);
#2649 = EDGE_CURVE('',#1796,#2209,#2650,.T.);
#2650 = LINE('',#2651,#2652);
#2651 = CARTESIAN_POINT('',(-0.6,50.,0.));
#2652 = VECTOR('',#2653,1.);
#2653 = DIRECTION('',(0.,0.,1.));
#2654 = ORIENTED_EDGE('',*,*,#2269,.T.);
#2655 = PLANE('',#2656);
#2656 = AXIS2_PLACEMENT_3D('',#2657,#2658,#2659);
#2657 = CARTESIAN_POINT('',(-0.6,2.,0.));
#2658 = DIRECTION('',(1.,0.,0.));
#2659 = DIRECTION('',(0.,0.,1.));
#2660 = ADVANCED_FACE('',(#2661),#2672,.T.);
#2661 = FACE_BOUND('',#2662,.T.);
#2662 = EDGE_LOOP('',(#2663,#2664,#2665,#2671));
#2663 = ORIENTED_EDGE('',*,*,#2649,.T.);
#2664 = ORIENTED_EDGE('',*,*,#2208,.F.);
#2665 = ORIENTED_EDGE('',*,*,#2666,.F.);
#2666 = EDGE_CURVE('',#1839,#2185,#2667,.T.);
#2667 = LINE('',#2668,#2669);
#2668 = CARTESIAN_POINT('',(2.,52.6,0.));
#2669 = VECTOR('',#2670,1.);
#2670 = DIRECTION('',(0.,0.,1.));
#2671 = ORIENTED_EDGE('',*,*,#1847,.T.);
#2672 = CYLINDRICAL_SURFACE('',#2673,2.6);
#2673 = AXIS2_PLACEMENT_3D('',#2674,#2675,#2676);
#2674 = CARTESIAN_POINT('',(2.,50.,0.));
#2675 = DIRECTION('',(0.,0.,1.));
#2676 = DIRECTION('',(1.,0.,0.));
#2677 = ADVANCED_FACE('',(#2678),#2684,.T.);
#2678 = FACE_BOUND('',#2679,.T.);
#2679 = EDGE_LOOP('',(#2680,#2681,#2682,#2683));
#2680 = ORIENTED_EDGE('',*,*,#2550,.F.);
#2681 = ORIENTED_EDGE('',*,*,#1887,.T.);
#2682 = ORIENTED_EDGE('',*,*,#2666,.T.);
#2683 = ORIENTED_EDGE('',*,*,#2193,.F.);
#2684 = PLANE('',#2685);
#2685 = AXIS2_PLACEMENT_3D('',#2686,#2687,#2688);
#2686 = CARTESIAN_POINT('',(2.,52.6,0.));
#2687 = DIRECTION('',(0.,1.,0.));
#2688 = DIRECTION('',(0.,0.,1.));
#2689 = MANIFOLD_SOLID_BREP('',#2690);
#2690 = CLOSED_SHELL('',(#2691,#2854,#2880,#2913,#2938,#2964,#2989,#3014
    ,#3039,#3065,#3090,#3115,#3141,#3167,#3184,#3210,#3236,#3262,#3288,
    #3313,#3344,#3368,#3393,#3417,#3441,#3465,#3490,#3514,#3538,#3563,
    #3588,#3605,#3630,#3655,#3680,#3705));
#2691 = ADVANCED_FACE('',(#2692,#2703,#2805,#2816,#2827,#2838),#2849,.T.
  );
#2692 = FACE_BOUND('',#2693,.T.);
#2693 = EDGE_LOOP('',(#2694));
#2694 = ORIENTED_EDGE('',*,*,#2695,.T.);
#2695 = EDGE_CURVE('',#2696,#2696,#2698,.T.);
#2696 = VERTEX_POINT('',#2697);
#2697 = CARTESIAN_POINT('',(78.08,48.5,0.));
#2698 = CIRCLE('',#2699,1.08);
#2699 = AXIS2_PLACEMENT_3D('',#2700,#2701,#2702);
#2700 = CARTESIAN_POINT('',(77.,48.5,0.));
#2701 = DIRECTION('',(0.,0.,1.));
#2702 = DIRECTION('',(1.,0.,0.));
#2703 = FACE_BOUND('',#2704,.T.);
#2704 = EDGE_LOOP('',(#2705,#2715,#2723,#2731,#2739,#2747,#2756,#2764,
    #2773,#2781,#2790,#2798));
#2705 = ORIENTED_EDGE('',*,*,#2706,.F.);
#2706 = EDGE_CURVE('',#2707,#2709,#2711,.T.);
#2707 = VERTEX_POINT('',#2708);
#2708 = CARTESIAN_POINT('',(83.07,32.18054,-1.387778780781E-17));
#2709 = VERTEX_POINT('',#2710);
#2710 = CARTESIAN_POINT('',(83.07,50.,-1.387778780781E-17));
#2711 = LINE('',#2712,#2713);
#2712 = CARTESIAN_POINT('',(83.07,32.10054,-1.387778780781E-17));
#2713 = VECTOR('',#2714,1.);
#2714 = DIRECTION('',(0.,1.,0.));
#2715 = ORIENTED_EDGE('',*,*,#2716,.F.);
#2716 = EDGE_CURVE('',#2717,#2707,#2719,.T.);
#2717 = VERTEX_POINT('',#2718);
#2718 = CARTESIAN_POINT('',(83.02,32.18054,-1.387778780781E-17));
#2719 = LINE('',#2720,#2721);
#2720 = CARTESIAN_POINT('',(83.1,32.18054,-1.387778780781E-17));
#2721 = VECTOR('',#2722,1.);
#2722 = DIRECTION('',(1.,0.,0.));
#2723 = ORIENTED_EDGE('',*,*,#2724,.T.);
#2724 = EDGE_CURVE('',#2717,#2725,#2727,.T.);
#2725 = VERTEX_POINT('',#2726);
#2726 = CARTESIAN_POINT('',(83.02,19.82054,-1.387778780781E-17));
#2727 = LINE('',#2728,#2729);
#2728 = CARTESIAN_POINT('',(83.02,32.10054,-1.387778780781E-17));
#2729 = VECTOR('',#2730,1.);
#2730 = DIRECTION('',(0.,-1.,0.));
#2731 = ORIENTED_EDGE('',*,*,#2732,.T.);
#2732 = EDGE_CURVE('',#2725,#2733,#2735,.T.);
#2733 = VERTEX_POINT('',#2734);
#2734 = CARTESIAN_POINT('',(83.07,19.82054,-1.387778780781E-17));
#2735 = LINE('',#2736,#2737);
#2736 = CARTESIAN_POINT('',(83.1,19.82054,-1.387778780781E-17));
#2737 = VECTOR('',#2738,1.);
#2738 = DIRECTION('',(1.,0.,0.));
#2739 = ORIENTED_EDGE('',*,*,#2740,.F.);
#2740 = EDGE_CURVE('',#2741,#2733,#2743,.T.);
#2741 = VERTEX_POINT('',#2742);
#2742 = CARTESIAN_POINT('',(83.07,2.,0.));
#2743 = LINE('',#2744,#2745);
#2744 = CARTESIAN_POINT('',(83.07,2.,-1.387778780781E-17));
#2745 = VECTOR('',#2746,1.);
#2746 = DIRECTION('',(0.,1.,0.));
#2747 = ORIENTED_EDGE('',*,*,#2748,.F.);
#2748 = EDGE_CURVE('',#2749,#2741,#2751,.T.);
#2749 = VERTEX_POINT('',#2750);
#2750 = CARTESIAN_POINT('',(82.,0.93,-1.387778780781E-17));
#2751 = CIRCLE('',#2752,1.07);
#2752 = AXIS2_PLACEMENT_3D('',#2753,#2754,#2755);
#2753 = CARTESIAN_POINT('',(82.,2.,0.));
#2754 = DIRECTION('',(-0.,0.,1.));
#2755 = DIRECTION('',(1.235726496974E-14,-1.,0.));
#2756 = ORIENTED_EDGE('',*,*,#2757,.F.);
#2757 = EDGE_CURVE('',#2758,#2749,#2760,.T.);
#2758 = VERTEX_POINT('',#2759);
#2759 = CARTESIAN_POINT('',(2.,0.93,0.));
#2760 = LINE('',#2761,#2762);
#2761 = CARTESIAN_POINT('',(2.,0.93,-1.387778780781E-17));
#2762 = VECTOR('',#2763,1.);
#2763 = DIRECTION('',(1.,0.,0.));
#2764 = ORIENTED_EDGE('',*,*,#2765,.F.);
#2765 = EDGE_CURVE('',#2766,#2758,#2768,.T.);
#2766 = VERTEX_POINT('',#2767);
#2767 = CARTESIAN_POINT('',(0.93,2.,-1.387778780781E-17));
#2768 = CIRCLE('',#2769,1.07);
#2769 = AXIS2_PLACEMENT_3D('',#2770,#2771,#2772);
#2770 = CARTESIAN_POINT('',(2.,2.,0.));
#2771 = DIRECTION('',(0.,0.,1.));
#2772 = DIRECTION('',(-1.,0.,0.));
#2773 = ORIENTED_EDGE('',*,*,#2774,.F.);
#2774 = EDGE_CURVE('',#2775,#2766,#2777,.T.);
#2775 = VERTEX_POINT('',#2776);
#2776 = CARTESIAN_POINT('',(0.93,50.,0.));
#2777 = LINE('',#2778,#2779);
#2778 = CARTESIAN_POINT('',(0.93,50.,-1.387778780781E-17));
#2779 = VECTOR('',#2780,1.);
#2780 = DIRECTION('',(0.,-1.,0.));
#2781 = ORIENTED_EDGE('',*,*,#2782,.F.);
#2782 = EDGE_CURVE('',#2783,#2775,#2785,.T.);
#2783 = VERTEX_POINT('',#2784);
#2784 = CARTESIAN_POINT('',(2.,51.07,-1.387778780781E-17));
#2785 = CIRCLE('',#2786,1.07);
#2786 = AXIS2_PLACEMENT_3D('',#2787,#2788,#2789);
#2787 = CARTESIAN_POINT('',(2.,50.,0.));
#2788 = DIRECTION('',(0.,-0.,1.));
#2789 = DIRECTION('',(0.,1.,0.));
#2790 = ORIENTED_EDGE('',*,*,#2791,.F.);
#2791 = EDGE_CURVE('',#2792,#2783,#2794,.T.);
#2792 = VERTEX_POINT('',#2793);
#2793 = CARTESIAN_POINT('',(82.,51.07,0.));
#2794 = LINE('',#2795,#2796);
#2795 = CARTESIAN_POINT('',(82.,51.07,-1.387778780781E-17));
#2796 = VECTOR('',#2797,1.);
#2797 = DIRECTION('',(-1.,0.,0.));
#2798 = ORIENTED_EDGE('',*,*,#2799,.F.);
#2799 = EDGE_CURVE('',#2709,#2792,#2800,.T.);
#2800 = CIRCLE('',#2801,1.07);
#2801 = AXIS2_PLACEMENT_3D('',#2802,#2803,#2804);
#2802 = CARTESIAN_POINT('',(82.,50.,0.));
#2803 = DIRECTION('',(0.,0.,1.));
#2804 = DIRECTION('',(1.,0.,0.));
#2805 = FACE_BOUND('',#2806,.T.);
#2806 = EDGE_LOOP('',(#2807));
#2807 = ORIENTED_EDGE('',*,*,#2808,.T.);
#2808 = EDGE_CURVE('',#2809,#2809,#2811,.T.);
#2809 = VERTEX_POINT('',#2810);
#2810 = CARTESIAN_POINT('',(75.08,48.5,0.));
#2811 = CIRCLE('',#2812,1.08);
#2812 = AXIS2_PLACEMENT_3D('',#2813,#2814,#2815);
#2813 = CARTESIAN_POINT('',(74.,48.5,0.));
#2814 = DIRECTION('',(0.,0.,1.));
#2815 = DIRECTION('',(1.,0.,0.));
#2816 = FACE_BOUND('',#2817,.T.);
#2817 = EDGE_LOOP('',(#2818));
#2818 = ORIENTED_EDGE('',*,*,#2819,.T.);
#2819 = EDGE_CURVE('',#2820,#2820,#2822,.T.);
#2820 = VERTEX_POINT('',#2821);
#2821 = CARTESIAN_POINT('',(72.08,48.5,0.));
#2822 = CIRCLE('',#2823,1.08);
#2823 = AXIS2_PLACEMENT_3D('',#2824,#2825,#2826);
#2824 = CARTESIAN_POINT('',(71.,48.5,0.));
#2825 = DIRECTION('',(0.,0.,1.));
#2826 = DIRECTION('',(1.,0.,0.));
#2827 = FACE_BOUND('',#2828,.T.);
#2828 = EDGE_LOOP('',(#2829));
#2829 = ORIENTED_EDGE('',*,*,#2830,.T.);
#2830 = EDGE_CURVE('',#2831,#2831,#2833,.T.);
#2831 = VERTEX_POINT('',#2832);
#2832 = CARTESIAN_POINT('',(69.08,48.5,0.));
#2833 = CIRCLE('',#2834,1.08);
#2834 = AXIS2_PLACEMENT_3D('',#2835,#2836,#2837);
#2835 = CARTESIAN_POINT('',(68.,48.5,0.));
#2836 = DIRECTION('',(0.,0.,1.));
#2837 = DIRECTION('',(1.,0.,0.));
#2838 = FACE_BOUND('',#2839,.T.);
#2839 = EDGE_LOOP('',(#2840));
#2840 = ORIENTED_EDGE('',*,*,#2841,.T.);
#2841 = EDGE_CURVE('',#2842,#2842,#2844,.T.);
#2842 = VERTEX_POINT('',#2843);
#2843 = CARTESIAN_POINT('',(66.08,48.5,0.));
#2844 = CIRCLE('',#2845,1.08);
#2845 = AXIS2_PLACEMENT_3D('',#2846,#2847,#2848);
#2846 = CARTESIAN_POINT('',(65.,48.5,0.));
#2847 = DIRECTION('',(0.,0.,1.));
#2848 = DIRECTION('',(1.,0.,0.));
#2849 = PLANE('',#2850);
#2850 = AXIS2_PLACEMENT_3D('',#2851,#2852,#2853);
#2851 = CARTESIAN_POINT('',(42.,26.,0.));
#2852 = DIRECTION('',(-0.,-0.,-1.));
#2853 = DIRECTION('',(-1.,0.,0.));
#2854 = ADVANCED_FACE('',(#2855),#2875,.T.);
#2855 = FACE_BOUND('',#2856,.F.);
#2856 = EDGE_LOOP('',(#2857,#2866,#2867,#2868));
#2857 = ORIENTED_EDGE('',*,*,#2858,.F.);
#2858 = EDGE_CURVE('',#2696,#2859,#2861,.T.);
#2859 = VERTEX_POINT('',#2860);
#2860 = CARTESIAN_POINT('',(78.,48.5,8.E-02));
#2861 = CIRCLE('',#2862,8.E-02);
#2862 = AXIS2_PLACEMENT_3D('',#2863,#2864,#2865);
#2863 = CARTESIAN_POINT('',(78.08,48.5,8.E-02));
#2864 = DIRECTION('',(-0.,1.,0.));
#2865 = DIRECTION('',(1.,0.,0.));
#2866 = ORIENTED_EDGE('',*,*,#2695,.F.);
#2867 = ORIENTED_EDGE('',*,*,#2858,.T.);
#2868 = ORIENTED_EDGE('',*,*,#2869,.T.);
#2869 = EDGE_CURVE('',#2859,#2859,#2870,.T.);
#2870 = CIRCLE('',#2871,1.);
#2871 = AXIS2_PLACEMENT_3D('',#2872,#2873,#2874);
#2872 = CARTESIAN_POINT('',(77.,48.5,8.E-02));
#2873 = DIRECTION('',(0.,0.,1.));
#2874 = DIRECTION('',(1.,0.,0.));
#2875 = TOROIDAL_SURFACE('',#2876,1.08,8.E-02);
#2876 = AXIS2_PLACEMENT_3D('',#2877,#2878,#2879);
#2877 = CARTESIAN_POINT('',(77.,48.5,8.E-02));
#2878 = DIRECTION('',(0.,0.,-1.));
#2879 = DIRECTION('',(1.,0.,0.));
#2880 = ADVANCED_FACE('',(#2881),#2908,.T.);
#2881 = FACE_BOUND('',#2882,.T.);
#2882 = EDGE_LOOP('',(#2883,#2892,#2893,#2902));
#2883 = ORIENTED_EDGE('',*,*,#2884,.T.);
#2884 = EDGE_CURVE('',#2885,#2707,#2887,.T.);
#2885 = VERTEX_POINT('',#2886);
#2886 = CARTESIAN_POINT('',(83.15,32.10054,8.E-02));
#2887 = ELLIPSE('',#2888,0.11313708499,8.E-02);
#2888 = AXIS2_PLACEMENT_3D('',#2889,#2890,#2891);
#2889 = CARTESIAN_POINT('',(83.07,32.18054,8.E-02));
#2890 = DIRECTION('',(0.707106781187,0.707106781187,-0.));
#2891 = DIRECTION('',(-0.707106781187,0.707106781187,0.));
#2892 = ORIENTED_EDGE('',*,*,#2706,.T.);
#2893 = ORIENTED_EDGE('',*,*,#2894,.F.);
#2894 = EDGE_CURVE('',#2895,#2709,#2897,.T.);
#2895 = VERTEX_POINT('',#2896);
#2896 = CARTESIAN_POINT('',(83.15,50.,8.E-02));
#2897 = CIRCLE('',#2898,8.E-02);
#2898 = AXIS2_PLACEMENT_3D('',#2899,#2900,#2901);
#2899 = CARTESIAN_POINT('',(83.07,50.,8.E-02));
#2900 = DIRECTION('',(-0.,1.,0.));
#2901 = DIRECTION('',(1.,0.,0.));
#2902 = ORIENTED_EDGE('',*,*,#2903,.F.);
#2903 = EDGE_CURVE('',#2885,#2895,#2904,.T.);
#2904 = LINE('',#2905,#2906);
#2905 = CARTESIAN_POINT('',(83.15,32.10054,8.E-02));
#2906 = VECTOR('',#2907,1.);
#2907 = DIRECTION('',(0.,1.,0.));
#2908 = CYLINDRICAL_SURFACE('',#2909,8.E-02);
#2909 = AXIS2_PLACEMENT_3D('',#2910,#2911,#2912);
#2910 = CARTESIAN_POINT('',(83.07,32.10054,8.E-02));
#2911 = DIRECTION('',(0.,1.,0.));
#2912 = DIRECTION('',(1.,0.,0.));
#2913 = ADVANCED_FACE('',(#2914),#2933,.T.);
#2914 = FACE_BOUND('',#2915,.F.);
#2915 = EDGE_LOOP('',(#2916,#2925,#2931,#2932));
#2916 = ORIENTED_EDGE('',*,*,#2917,.T.);
#2917 = EDGE_CURVE('',#2717,#2918,#2920,.T.);
#2918 = VERTEX_POINT('',#2919);
#2919 = CARTESIAN_POINT('',(83.1,32.10054,8.E-02));
#2920 = ELLIPSE('',#2921,0.11313708499,8.E-02);
#2921 = AXIS2_PLACEMENT_3D('',#2922,#2923,#2924);
#2922 = CARTESIAN_POINT('',(83.02,32.18054,8.E-02));
#2923 = DIRECTION('',(-0.707106781187,-0.707106781187,0.));
#2924 = DIRECTION('',(0.707106781187,-0.707106781187,0.));
#2925 = ORIENTED_EDGE('',*,*,#2926,.T.);
#2926 = EDGE_CURVE('',#2918,#2885,#2927,.T.);
#2927 = LINE('',#2928,#2929);
#2928 = CARTESIAN_POINT('',(83.1,32.10054,8.E-02));
#2929 = VECTOR('',#2930,1.);
#2930 = DIRECTION('',(1.,0.,0.));
#2931 = ORIENTED_EDGE('',*,*,#2884,.T.);
#2932 = ORIENTED_EDGE('',*,*,#2716,.F.);
#2933 = CYLINDRICAL_SURFACE('',#2934,8.E-02);
#2934 = AXIS2_PLACEMENT_3D('',#2935,#2936,#2937);
#2935 = CARTESIAN_POINT('',(83.1,32.18054,8.E-02));
#2936 = DIRECTION('',(1.,0.,0.));
#2937 = DIRECTION('',(0.,0.,-1.));
#2938 = ADVANCED_FACE('',(#2939),#2959,.T.);
#2939 = FACE_BOUND('',#2940,.F.);
#2940 = EDGE_LOOP('',(#2941,#2942,#2951,#2958));
#2941 = ORIENTED_EDGE('',*,*,#2894,.F.);
#2942 = ORIENTED_EDGE('',*,*,#2943,.T.);
#2943 = EDGE_CURVE('',#2895,#2944,#2946,.T.);
#2944 = VERTEX_POINT('',#2945);
#2945 = CARTESIAN_POINT('',(82.,51.15,8.E-02));
#2946 = CIRCLE('',#2947,1.15);
#2947 = AXIS2_PLACEMENT_3D('',#2948,#2949,#2950);
#2948 = CARTESIAN_POINT('',(82.,50.,8.E-02));
#2949 = DIRECTION('',(0.,0.,1.));
#2950 = DIRECTION('',(1.,0.,0.));
#2951 = ORIENTED_EDGE('',*,*,#2952,.T.);
#2952 = EDGE_CURVE('',#2944,#2792,#2953,.T.);
#2953 = CIRCLE('',#2954,8.E-02);
#2954 = AXIS2_PLACEMENT_3D('',#2955,#2956,#2957);
#2955 = CARTESIAN_POINT('',(82.,51.07,8.E-02));
#2956 = DIRECTION('',(-1.,1.227368561083E-14,0.));
#2957 = DIRECTION('',(1.227368561083E-14,1.,0.));
#2958 = ORIENTED_EDGE('',*,*,#2799,.F.);
#2959 = TOROIDAL_SURFACE('',#2960,1.07,8.E-02);
#2960 = AXIS2_PLACEMENT_3D('',#2961,#2962,#2963);
#2961 = CARTESIAN_POINT('',(82.,50.,8.E-02));
#2962 = DIRECTION('',(0.,0.,-1.));
#2963 = DIRECTION('',(1.,0.,0.));
#2964 = ADVANCED_FACE('',(#2965),#2984,.T.);
#2965 = FACE_BOUND('',#2966,.T.);
#2966 = EDGE_LOOP('',(#2967,#2968,#2976,#2983));
#2967 = ORIENTED_EDGE('',*,*,#2917,.T.);
#2968 = ORIENTED_EDGE('',*,*,#2969,.T.);
#2969 = EDGE_CURVE('',#2918,#2970,#2972,.T.);
#2970 = VERTEX_POINT('',#2971);
#2971 = CARTESIAN_POINT('',(83.1,19.90054,8.E-02));
#2972 = LINE('',#2973,#2974);
#2973 = CARTESIAN_POINT('',(83.1,32.10054,8.E-02));
#2974 = VECTOR('',#2975,1.);
#2975 = DIRECTION('',(0.,-1.,0.));
#2976 = ORIENTED_EDGE('',*,*,#2977,.F.);
#2977 = EDGE_CURVE('',#2725,#2970,#2978,.T.);
#2978 = ELLIPSE('',#2979,0.11313708499,8.E-02);
#2979 = AXIS2_PLACEMENT_3D('',#2980,#2981,#2982);
#2980 = CARTESIAN_POINT('',(83.02,19.82054,8.E-02));
#2981 = DIRECTION('',(0.707106781187,-0.707106781187,0.));
#2982 = DIRECTION('',(0.707106781187,0.707106781187,0.));
#2983 = ORIENTED_EDGE('',*,*,#2724,.F.);
#2984 = CYLINDRICAL_SURFACE('',#2985,8.E-02);
#2985 = AXIS2_PLACEMENT_3D('',#2986,#2987,#2988);
#2986 = CARTESIAN_POINT('',(83.02,32.10054,8.E-02));
#2987 = DIRECTION('',(0.,-1.,0.));
#2988 = DIRECTION('',(-0.,-0.,-1.));
#2989 = ADVANCED_FACE('',(#2990),#3009,.T.);
#2990 = FACE_BOUND('',#2991,.T.);
#2991 = EDGE_LOOP('',(#2992,#2993,#2994,#3003));
#2992 = ORIENTED_EDGE('',*,*,#2952,.T.);
#2993 = ORIENTED_EDGE('',*,*,#2791,.T.);
#2994 = ORIENTED_EDGE('',*,*,#2995,.F.);
#2995 = EDGE_CURVE('',#2996,#2783,#2998,.T.);
#2996 = VERTEX_POINT('',#2997);
#2997 = CARTESIAN_POINT('',(2.,51.15,8.E-02));
#2998 = CIRCLE('',#2999,8.E-02);
#2999 = AXIS2_PLACEMENT_3D('',#3000,#3001,#3002);
#3000 = CARTESIAN_POINT('',(2.,51.07,8.E-02));
#3001 = DIRECTION('',(-1.,0.,0.));
#3002 = DIRECTION('',(0.,1.,0.));
#3003 = ORIENTED_EDGE('',*,*,#3004,.F.);
#3004 = EDGE_CURVE('',#2944,#2996,#3005,.T.);
#3005 = LINE('',#3006,#3007);
#3006 = CARTESIAN_POINT('',(82.,51.15,8.E-02));
#3007 = VECTOR('',#3008,1.);
#3008 = DIRECTION('',(-1.,0.,0.));
#3009 = CYLINDRICAL_SURFACE('',#3010,8.E-02);
#3010 = AXIS2_PLACEMENT_3D('',#3011,#3012,#3013);
#3011 = CARTESIAN_POINT('',(82.,51.07,8.E-02));
#3012 = DIRECTION('',(-1.,0.,0.));
#3013 = DIRECTION('',(0.,1.,0.));
#3014 = ADVANCED_FACE('',(#3015),#3034,.T.);
#3015 = FACE_BOUND('',#3016,.T.);
#3016 = EDGE_LOOP('',(#3017,#3018,#3026,#3033));
#3017 = ORIENTED_EDGE('',*,*,#2977,.T.);
#3018 = ORIENTED_EDGE('',*,*,#3019,.T.);
#3019 = EDGE_CURVE('',#2970,#3020,#3022,.T.);
#3020 = VERTEX_POINT('',#3021);
#3021 = CARTESIAN_POINT('',(83.15,19.90054,8.E-02));
#3022 = LINE('',#3023,#3024);
#3023 = CARTESIAN_POINT('',(83.1,19.90054,8.E-02));
#3024 = VECTOR('',#3025,1.);
#3025 = DIRECTION('',(1.,0.,0.));
#3026 = ORIENTED_EDGE('',*,*,#3027,.T.);
#3027 = EDGE_CURVE('',#3020,#2733,#3028,.T.);
#3028 = ELLIPSE('',#3029,0.11313708499,8.E-02);
#3029 = AXIS2_PLACEMENT_3D('',#3030,#3031,#3032);
#3030 = CARTESIAN_POINT('',(83.07,19.82054,8.E-02));
#3031 = DIRECTION('',(-0.707106781187,0.707106781187,0.));
#3032 = DIRECTION('',(0.707106781187,0.707106781187,0.));
#3033 = ORIENTED_EDGE('',*,*,#2732,.F.);
#3034 = CYLINDRICAL_SURFACE('',#3035,8.E-02);
#3035 = AXIS2_PLACEMENT_3D('',#3036,#3037,#3038);
#3036 = CARTESIAN_POINT('',(83.1,19.82054,8.E-02));
#3037 = DIRECTION('',(1.,0.,0.));
#3038 = DIRECTION('',(0.,0.,-1.));
#3039 = ADVANCED_FACE('',(#3040),#3060,.T.);
#3040 = FACE_BOUND('',#3041,.F.);
#3041 = EDGE_LOOP('',(#3042,#3043,#3052,#3059));
#3042 = ORIENTED_EDGE('',*,*,#2995,.F.);
#3043 = ORIENTED_EDGE('',*,*,#3044,.T.);
#3044 = EDGE_CURVE('',#2996,#3045,#3047,.T.);
#3045 = VERTEX_POINT('',#3046);
#3046 = CARTESIAN_POINT('',(0.85,50.,8.E-02));
#3047 = CIRCLE('',#3048,1.15);
#3048 = AXIS2_PLACEMENT_3D('',#3049,#3050,#3051);
#3049 = CARTESIAN_POINT('',(2.,50.,8.E-02));
#3050 = DIRECTION('',(0.,-0.,1.));
#3051 = DIRECTION('',(0.,1.,0.));
#3052 = ORIENTED_EDGE('',*,*,#3053,.T.);
#3053 = EDGE_CURVE('',#3045,#2775,#3054,.T.);
#3054 = CIRCLE('',#3055,8.E-02);
#3055 = AXIS2_PLACEMENT_3D('',#3056,#3057,#3058);
#3056 = CARTESIAN_POINT('',(0.93,50.,8.E-02));
#3057 = DIRECTION('',(-6.123233995737E-17,-1.,-0.));
#3058 = DIRECTION('',(-1.,6.123233995737E-17,0.));
#3059 = ORIENTED_EDGE('',*,*,#2782,.F.);
#3060 = TOROIDAL_SURFACE('',#3061,1.07,8.E-02);
#3061 = AXIS2_PLACEMENT_3D('',#3062,#3063,#3064);
#3062 = CARTESIAN_POINT('',(2.,50.,8.E-02));
#3063 = DIRECTION('',(0.,0.,-1.));
#3064 = DIRECTION('',(0.,1.,0.));
#3065 = ADVANCED_FACE('',(#3066),#3085,.T.);
#3066 = FACE_BOUND('',#3067,.T.);
#3067 = EDGE_LOOP('',(#3068,#3077,#3078,#3079));
#3068 = ORIENTED_EDGE('',*,*,#3069,.T.);
#3069 = EDGE_CURVE('',#3070,#2741,#3072,.T.);
#3070 = VERTEX_POINT('',#3071);
#3071 = CARTESIAN_POINT('',(83.15,2.,8.E-02));
#3072 = CIRCLE('',#3073,8.E-02);
#3073 = AXIS2_PLACEMENT_3D('',#3074,#3075,#3076);
#3074 = CARTESIAN_POINT('',(83.07,2.,8.E-02));
#3075 = DIRECTION('',(1.384652460182E-16,1.,0.));
#3076 = DIRECTION('',(1.,-1.384652460182E-16,0.));
#3077 = ORIENTED_EDGE('',*,*,#2740,.T.);
#3078 = ORIENTED_EDGE('',*,*,#3027,.F.);
#3079 = ORIENTED_EDGE('',*,*,#3080,.F.);
#3080 = EDGE_CURVE('',#3070,#3020,#3081,.T.);
#3081 = LINE('',#3082,#3083);
#3082 = CARTESIAN_POINT('',(83.15,2.,8.E-02));
#3083 = VECTOR('',#3084,1.);
#3084 = DIRECTION('',(0.,1.,0.));
#3085 = CYLINDRICAL_SURFACE('',#3086,8.E-02);
#3086 = AXIS2_PLACEMENT_3D('',#3087,#3088,#3089);
#3087 = CARTESIAN_POINT('',(83.07,2.,8.E-02));
#3088 = DIRECTION('',(0.,1.,0.));
#3089 = DIRECTION('',(1.,0.,0.));
#3090 = ADVANCED_FACE('',(#3091),#3110,.T.);
#3091 = FACE_BOUND('',#3092,.T.);
#3092 = EDGE_LOOP('',(#3093,#3094,#3095,#3104));
#3093 = ORIENTED_EDGE('',*,*,#3053,.T.);
#3094 = ORIENTED_EDGE('',*,*,#2774,.T.);
#3095 = ORIENTED_EDGE('',*,*,#3096,.F.);
#3096 = EDGE_CURVE('',#3097,#2766,#3099,.T.);
#3097 = VERTEX_POINT('',#3098);
#3098 = CARTESIAN_POINT('',(0.85,2.,8.E-02));
#3099 = CIRCLE('',#3100,8.E-02);
#3100 = AXIS2_PLACEMENT_3D('',#3101,#3102,#3103);
#3101 = CARTESIAN_POINT('',(0.93,2.,8.E-02));
#3102 = DIRECTION('',(-0.,-1.,-0.));
#3103 = DIRECTION('',(-1.,0.,0.));
#3104 = ORIENTED_EDGE('',*,*,#3105,.F.);
#3105 = EDGE_CURVE('',#3045,#3097,#3106,.T.);
#3106 = LINE('',#3107,#3108);
#3107 = CARTESIAN_POINT('',(0.85,50.,8.E-02));
#3108 = VECTOR('',#3109,1.);
#3109 = DIRECTION('',(0.,-1.,0.));
#3110 = CYLINDRICAL_SURFACE('',#3111,8.E-02);
#3111 = AXIS2_PLACEMENT_3D('',#3112,#3113,#3114);
#3112 = CARTESIAN_POINT('',(0.93,50.,8.E-02));
#3113 = DIRECTION('',(0.,-1.,0.));
#3114 = DIRECTION('',(-1.,0.,0.));
#3115 = ADVANCED_FACE('',(#3116),#3136,.T.);
#3116 = FACE_BOUND('',#3117,.F.);
#3117 = EDGE_LOOP('',(#3118,#3127,#3134,#3135));
#3118 = ORIENTED_EDGE('',*,*,#3119,.F.);
#3119 = EDGE_CURVE('',#3120,#2749,#3122,.T.);
#3120 = VERTEX_POINT('',#3121);
#3121 = CARTESIAN_POINT('',(82.,0.85,8.E-02));
#3122 = CIRCLE('',#3123,8.E-02);
#3123 = AXIS2_PLACEMENT_3D('',#3124,#3125,#3126);
#3124 = CARTESIAN_POINT('',(82.,0.93,8.E-02));
#3125 = DIRECTION('',(1.,0.,0.));
#3126 = DIRECTION('',(0.,-1.,0.));
#3127 = ORIENTED_EDGE('',*,*,#3128,.T.);
#3128 = EDGE_CURVE('',#3120,#3070,#3129,.T.);
#3129 = CIRCLE('',#3130,1.15);
#3130 = AXIS2_PLACEMENT_3D('',#3131,#3132,#3133);
#3131 = CARTESIAN_POINT('',(82.,2.,8.E-02));
#3132 = DIRECTION('',(-0.,0.,1.));
#3133 = DIRECTION('',(1.235726496974E-14,-1.,0.));
#3134 = ORIENTED_EDGE('',*,*,#3069,.T.);
#3135 = ORIENTED_EDGE('',*,*,#2748,.F.);
#3136 = TOROIDAL_SURFACE('',#3137,1.07,8.E-02);
#3137 = AXIS2_PLACEMENT_3D('',#3138,#3139,#3140);
#3138 = CARTESIAN_POINT('',(82.,2.,8.E-02));
#3139 = DIRECTION('',(0.,0.,-1.));
#3140 = DIRECTION('',(1.235726496974E-14,-1.,0.));
#3141 = ADVANCED_FACE('',(#3142),#3162,.T.);
#3142 = FACE_BOUND('',#3143,.F.);
#3143 = EDGE_LOOP('',(#3144,#3145,#3154,#3161));
#3144 = ORIENTED_EDGE('',*,*,#3096,.F.);
#3145 = ORIENTED_EDGE('',*,*,#3146,.T.);
#3146 = EDGE_CURVE('',#3097,#3147,#3149,.T.);
#3147 = VERTEX_POINT('',#3148);
#3148 = CARTESIAN_POINT('',(2.,0.85,8.E-02));
#3149 = CIRCLE('',#3150,1.15);
#3150 = AXIS2_PLACEMENT_3D('',#3151,#3152,#3153);
#3151 = CARTESIAN_POINT('',(2.,2.,8.E-02));
#3152 = DIRECTION('',(0.,0.,1.));
#3153 = DIRECTION('',(-1.,0.,0.));
#3154 = ORIENTED_EDGE('',*,*,#3155,.T.);
#3155 = EDGE_CURVE('',#3147,#2758,#3156,.T.);
#3156 = CIRCLE('',#3157,8.E-02);
#3157 = AXIS2_PLACEMENT_3D('',#3158,#3159,#3160);
#3158 = CARTESIAN_POINT('',(2.,0.93,8.E-02));
#3159 = DIRECTION('',(1.,-6.123233995737E-17,0.));
#3160 = DIRECTION('',(-6.123233995737E-17,-1.,0.));
#3161 = ORIENTED_EDGE('',*,*,#2765,.F.);
#3162 = TOROIDAL_SURFACE('',#3163,1.07,8.E-02);
#3163 = AXIS2_PLACEMENT_3D('',#3164,#3165,#3166);
#3164 = CARTESIAN_POINT('',(2.,2.,8.E-02));
#3165 = DIRECTION('',(0.,0.,-1.));
#3166 = DIRECTION('',(-1.,0.,0.));
#3167 = ADVANCED_FACE('',(#3168),#3179,.T.);
#3168 = FACE_BOUND('',#3169,.T.);
#3169 = EDGE_LOOP('',(#3170,#3171,#3172,#3173));
#3170 = ORIENTED_EDGE('',*,*,#3155,.T.);
#3171 = ORIENTED_EDGE('',*,*,#2757,.T.);
#3172 = ORIENTED_EDGE('',*,*,#3119,.F.);
#3173 = ORIENTED_EDGE('',*,*,#3174,.F.);
#3174 = EDGE_CURVE('',#3147,#3120,#3175,.T.);
#3175 = LINE('',#3176,#3177);
#3176 = CARTESIAN_POINT('',(2.,0.85,8.E-02));
#3177 = VECTOR('',#3178,1.);
#3178 = DIRECTION('',(1.,0.,0.));
#3179 = CYLINDRICAL_SURFACE('',#3180,8.E-02);
#3180 = AXIS2_PLACEMENT_3D('',#3181,#3182,#3183);
#3181 = CARTESIAN_POINT('',(2.,0.93,8.E-02));
#3182 = DIRECTION('',(1.,0.,0.));
#3183 = DIRECTION('',(0.,-1.,0.));
#3184 = ADVANCED_FACE('',(#3185),#3205,.T.);
#3185 = FACE_BOUND('',#3186,.F.);
#3186 = EDGE_LOOP('',(#3187,#3196,#3197,#3198));
#3187 = ORIENTED_EDGE('',*,*,#3188,.F.);
#3188 = EDGE_CURVE('',#2809,#3189,#3191,.T.);
#3189 = VERTEX_POINT('',#3190);
#3190 = CARTESIAN_POINT('',(75.,48.5,8.E-02));
#3191 = CIRCLE('',#3192,8.E-02);
#3192 = AXIS2_PLACEMENT_3D('',#3193,#3194,#3195);
#3193 = CARTESIAN_POINT('',(75.08,48.5,8.E-02));
#3194 = DIRECTION('',(-0.,1.,0.));
#3195 = DIRECTION('',(1.,0.,0.));
#3196 = ORIENTED_EDGE('',*,*,#2808,.F.);
#3197 = ORIENTED_EDGE('',*,*,#3188,.T.);
#3198 = ORIENTED_EDGE('',*,*,#3199,.T.);
#3199 = EDGE_CURVE('',#3189,#3189,#3200,.T.);
#3200 = CIRCLE('',#3201,1.);
#3201 = AXIS2_PLACEMENT_3D('',#3202,#3203,#3204);
#3202 = CARTESIAN_POINT('',(74.,48.5,8.E-02));
#3203 = DIRECTION('',(0.,0.,1.));
#3204 = DIRECTION('',(1.,0.,0.));
#3205 = TOROIDAL_SURFACE('',#3206,1.08,8.E-02);
#3206 = AXIS2_PLACEMENT_3D('',#3207,#3208,#3209);
#3207 = CARTESIAN_POINT('',(74.,48.5,8.E-02));
#3208 = DIRECTION('',(0.,0.,-1.));
#3209 = DIRECTION('',(1.,0.,0.));
#3210 = ADVANCED_FACE('',(#3211),#3231,.T.);
#3211 = FACE_BOUND('',#3212,.F.);
#3212 = EDGE_LOOP('',(#3213,#3222,#3223,#3224));
#3213 = ORIENTED_EDGE('',*,*,#3214,.F.);
#3214 = EDGE_CURVE('',#2820,#3215,#3217,.T.);
#3215 = VERTEX_POINT('',#3216);
#3216 = CARTESIAN_POINT('',(72.,48.5,8.E-02));
#3217 = CIRCLE('',#3218,8.E-02);
#3218 = AXIS2_PLACEMENT_3D('',#3219,#3220,#3221);
#3219 = CARTESIAN_POINT('',(72.08,48.5,8.E-02));
#3220 = DIRECTION('',(-0.,1.,0.));
#3221 = DIRECTION('',(1.,0.,0.));
#3222 = ORIENTED_EDGE('',*,*,#2819,.F.);
#3223 = ORIENTED_EDGE('',*,*,#3214,.T.);
#3224 = ORIENTED_EDGE('',*,*,#3225,.T.);
#3225 = EDGE_CURVE('',#3215,#3215,#3226,.T.);
#3226 = CIRCLE('',#3227,1.);
#3227 = AXIS2_PLACEMENT_3D('',#3228,#3229,#3230);
#3228 = CARTESIAN_POINT('',(71.,48.5,8.E-02));
#3229 = DIRECTION('',(0.,0.,1.));
#3230 = DIRECTION('',(1.,0.,0.));
#3231 = TOROIDAL_SURFACE('',#3232,1.08,8.E-02);
#3232 = AXIS2_PLACEMENT_3D('',#3233,#3234,#3235);
#3233 = CARTESIAN_POINT('',(71.,48.5,8.E-02));
#3234 = DIRECTION('',(0.,0.,-1.));
#3235 = DIRECTION('',(1.,0.,0.));
#3236 = ADVANCED_FACE('',(#3237),#3257,.T.);
#3237 = FACE_BOUND('',#3238,.F.);
#3238 = EDGE_LOOP('',(#3239,#3248,#3249,#3250));
#3239 = ORIENTED_EDGE('',*,*,#3240,.F.);
#3240 = EDGE_CURVE('',#2831,#3241,#3243,.T.);
#3241 = VERTEX_POINT('',#3242);
#3242 = CARTESIAN_POINT('',(69.,48.5,8.E-02));
#3243 = CIRCLE('',#3244,8.E-02);
#3244 = AXIS2_PLACEMENT_3D('',#3245,#3246,#3247);
#3245 = CARTESIAN_POINT('',(69.08,48.5,8.E-02));
#3246 = DIRECTION('',(-0.,1.,0.));
#3247 = DIRECTION('',(1.,0.,0.));
#3248 = ORIENTED_EDGE('',*,*,#2830,.F.);
#3249 = ORIENTED_EDGE('',*,*,#3240,.T.);
#3250 = ORIENTED_EDGE('',*,*,#3251,.T.);
#3251 = EDGE_CURVE('',#3241,#3241,#3252,.T.);
#3252 = CIRCLE('',#3253,1.);
#3253 = AXIS2_PLACEMENT_3D('',#3254,#3255,#3256);
#3254 = CARTESIAN_POINT('',(68.,48.5,8.E-02));
#3255 = DIRECTION('',(0.,0.,1.));
#3256 = DIRECTION('',(1.,0.,0.));
#3257 = TOROIDAL_SURFACE('',#3258,1.08,8.E-02);
#3258 = AXIS2_PLACEMENT_3D('',#3259,#3260,#3261);
#3259 = CARTESIAN_POINT('',(68.,48.5,8.E-02));
#3260 = DIRECTION('',(0.,0.,-1.));
#3261 = DIRECTION('',(1.,0.,0.));
#3262 = ADVANCED_FACE('',(#3263),#3283,.T.);
#3263 = FACE_BOUND('',#3264,.F.);
#3264 = EDGE_LOOP('',(#3265,#3274,#3275,#3276));
#3265 = ORIENTED_EDGE('',*,*,#3266,.F.);
#3266 = EDGE_CURVE('',#2842,#3267,#3269,.T.);
#3267 = VERTEX_POINT('',#3268);
#3268 = CARTESIAN_POINT('',(66.,48.5,8.E-02));
#3269 = CIRCLE('',#3270,8.E-02);
#3270 = AXIS2_PLACEMENT_3D('',#3271,#3272,#3273);
#3271 = CARTESIAN_POINT('',(66.08,48.5,8.E-02));
#3272 = DIRECTION('',(-0.,1.,0.));
#3273 = DIRECTION('',(1.,0.,0.));
#3274 = ORIENTED_EDGE('',*,*,#2841,.F.);
#3275 = ORIENTED_EDGE('',*,*,#3266,.T.);
#3276 = ORIENTED_EDGE('',*,*,#3277,.T.);
#3277 = EDGE_CURVE('',#3267,#3267,#3278,.T.);
#3278 = CIRCLE('',#3279,1.);
#3279 = AXIS2_PLACEMENT_3D('',#3280,#3281,#3282);
#3280 = CARTESIAN_POINT('',(65.,48.5,8.E-02));
#3281 = DIRECTION('',(0.,0.,1.));
#3282 = DIRECTION('',(1.,0.,0.));
#3283 = TOROIDAL_SURFACE('',#3284,1.08,8.E-02);
#3284 = AXIS2_PLACEMENT_3D('',#3285,#3286,#3287);
#3285 = CARTESIAN_POINT('',(65.,48.5,8.E-02));
#3286 = DIRECTION('',(0.,0.,-1.));
#3287 = DIRECTION('',(1.,0.,0.));
#3288 = ADVANCED_FACE('',(#3289),#3308,.F.);
#3289 = FACE_BOUND('',#3290,.F.);
#3290 = EDGE_LOOP('',(#3291,#3299,#3306,#3307));
#3291 = ORIENTED_EDGE('',*,*,#3292,.T.);
#3292 = EDGE_CURVE('',#2859,#3293,#3295,.T.);
#3293 = VERTEX_POINT('',#3294);
#3294 = CARTESIAN_POINT('',(78.,48.5,0.8));
#3295 = LINE('',#3296,#3297);
#3296 = CARTESIAN_POINT('',(78.,48.5,-0.1));
#3297 = VECTOR('',#3298,1.);
#3298 = DIRECTION('',(0.,0.,1.));
#3299 = ORIENTED_EDGE('',*,*,#3300,.F.);
#3300 = EDGE_CURVE('',#3293,#3293,#3301,.T.);
#3301 = CIRCLE('',#3302,1.);
#3302 = AXIS2_PLACEMENT_3D('',#3303,#3304,#3305);
#3303 = CARTESIAN_POINT('',(77.,48.5,0.8));
#3304 = DIRECTION('',(0.,0.,1.));
#3305 = DIRECTION('',(1.,0.,0.));
#3306 = ORIENTED_EDGE('',*,*,#3292,.F.);
#3307 = ORIENTED_EDGE('',*,*,#2869,.T.);
#3308 = CYLINDRICAL_SURFACE('',#3309,1.);
#3309 = AXIS2_PLACEMENT_3D('',#3310,#3311,#3312);
#3310 = CARTESIAN_POINT('',(77.,48.5,-0.1));
#3311 = DIRECTION('',(0.,0.,1.));
#3312 = DIRECTION('',(1.,0.,0.));
#3313 = ADVANCED_FACE('',(#3314),#3339,.T.);
#3314 = FACE_BOUND('',#3315,.T.);
#3315 = EDGE_LOOP('',(#3316,#3324,#3325,#3333));
#3316 = ORIENTED_EDGE('',*,*,#3317,.F.);
#3317 = EDGE_CURVE('',#2885,#3318,#3320,.T.);
#3318 = VERTEX_POINT('',#3319);
#3319 = CARTESIAN_POINT('',(83.15,32.10054,0.8));
#3320 = LINE('',#3321,#3322);
#3321 = CARTESIAN_POINT('',(83.15,32.10054,-0.5));
#3322 = VECTOR('',#3323,1.);
#3323 = DIRECTION('',(0.,0.,1.));
#3324 = ORIENTED_EDGE('',*,*,#2903,.T.);
#3325 = ORIENTED_EDGE('',*,*,#3326,.T.);
#3326 = EDGE_CURVE('',#2895,#3327,#3329,.T.);
#3327 = VERTEX_POINT('',#3328);
#3328 = CARTESIAN_POINT('',(83.15,50.,0.8));
#3329 = LINE('',#3330,#3331);
#3330 = CARTESIAN_POINT('',(83.15,50.,0.));
#3331 = VECTOR('',#3332,1.);
#3332 = DIRECTION('',(0.,0.,1.));
#3333 = ORIENTED_EDGE('',*,*,#3334,.F.);
#3334 = EDGE_CURVE('',#3318,#3327,#3335,.T.);
#3335 = LINE('',#3336,#3337);
#3336 = CARTESIAN_POINT('',(83.15,2.,0.8));
#3337 = VECTOR('',#3338,1.);
#3338 = DIRECTION('',(0.,1.,0.));
#3339 = PLANE('',#3340);
#3340 = AXIS2_PLACEMENT_3D('',#3341,#3342,#3343);
#3341 = CARTESIAN_POINT('',(83.15,2.,0.));
#3342 = DIRECTION('',(1.,0.,0.));
#3343 = DIRECTION('',(0.,0.,1.));
#3344 = ADVANCED_FACE('',(#3345),#3363,.F.);
#3345 = FACE_BOUND('',#3346,.F.);
#3346 = EDGE_LOOP('',(#3347,#3348,#3349,#3357));
#3347 = ORIENTED_EDGE('',*,*,#3317,.F.);
#3348 = ORIENTED_EDGE('',*,*,#2926,.F.);
#3349 = ORIENTED_EDGE('',*,*,#3350,.T.);
#3350 = EDGE_CURVE('',#2918,#3351,#3353,.T.);
#3351 = VERTEX_POINT('',#3352);
#3352 = CARTESIAN_POINT('',(83.1,32.10054,0.8));
#3353 = LINE('',#3354,#3355);
#3354 = CARTESIAN_POINT('',(83.1,32.10054,-1.));
#3355 = VECTOR('',#3356,1.);
#3356 = DIRECTION('',(0.,0.,1.));
#3357 = ORIENTED_EDGE('',*,*,#3358,.F.);
#3358 = EDGE_CURVE('',#3318,#3351,#3359,.T.);
#3359 = LINE('',#3360,#3361);
#3360 = CARTESIAN_POINT('',(62.55,32.10054,0.8));
#3361 = VECTOR('',#3362,1.);
#3362 = DIRECTION('',(-1.,0.,0.));
#3363 = PLANE('',#3364);
#3364 = AXIS2_PLACEMENT_3D('',#3365,#3366,#3367);
#3365 = CARTESIAN_POINT('',(83.1,32.10054,-1.));
#3366 = DIRECTION('',(0.,1.,0.));
#3367 = DIRECTION('',(0.,0.,1.));
#3368 = ADVANCED_FACE('',(#3369),#3388,.T.);
#3369 = FACE_BOUND('',#3370,.T.);
#3370 = EDGE_LOOP('',(#3371,#3379,#3386,#3387));
#3371 = ORIENTED_EDGE('',*,*,#3372,.T.);
#3372 = EDGE_CURVE('',#2944,#3373,#3375,.T.);
#3373 = VERTEX_POINT('',#3374);
#3374 = CARTESIAN_POINT('',(82.,51.15,0.8));
#3375 = LINE('',#3376,#3377);
#3376 = CARTESIAN_POINT('',(82.,51.15,0.));
#3377 = VECTOR('',#3378,1.);
#3378 = DIRECTION('',(0.,0.,1.));
#3379 = ORIENTED_EDGE('',*,*,#3380,.F.);
#3380 = EDGE_CURVE('',#3327,#3373,#3381,.T.);
#3381 = CIRCLE('',#3382,1.15);
#3382 = AXIS2_PLACEMENT_3D('',#3383,#3384,#3385);
#3383 = CARTESIAN_POINT('',(82.,50.,0.8));
#3384 = DIRECTION('',(0.,0.,1.));
#3385 = DIRECTION('',(1.,0.,0.));
#3386 = ORIENTED_EDGE('',*,*,#3326,.F.);
#3387 = ORIENTED_EDGE('',*,*,#2943,.T.);
#3388 = CYLINDRICAL_SURFACE('',#3389,1.15);
#3389 = AXIS2_PLACEMENT_3D('',#3390,#3391,#3392);
#3390 = CARTESIAN_POINT('',(82.,50.,0.));
#3391 = DIRECTION('',(0.,0.,1.));
#3392 = DIRECTION('',(1.,0.,0.));
#3393 = ADVANCED_FACE('',(#3394),#3412,.T.);
#3394 = FACE_BOUND('',#3395,.T.);
#3395 = EDGE_LOOP('',(#3396,#3404,#3405,#3406));
#3396 = ORIENTED_EDGE('',*,*,#3397,.F.);
#3397 = EDGE_CURVE('',#2970,#3398,#3400,.T.);
#3398 = VERTEX_POINT('',#3399);
#3399 = CARTESIAN_POINT('',(83.1,19.90054,0.8));
#3400 = LINE('',#3401,#3402);
#3401 = CARTESIAN_POINT('',(83.1,19.90054,-1.));
#3402 = VECTOR('',#3403,1.);
#3403 = DIRECTION('',(0.,0.,1.));
#3404 = ORIENTED_EDGE('',*,*,#2969,.F.);
#3405 = ORIENTED_EDGE('',*,*,#3350,.T.);
#3406 = ORIENTED_EDGE('',*,*,#3407,.F.);
#3407 = EDGE_CURVE('',#3398,#3351,#3408,.T.);
#3408 = LINE('',#3409,#3410);
#3409 = CARTESIAN_POINT('',(83.1,22.95027,0.8));
#3410 = VECTOR('',#3411,1.);
#3411 = DIRECTION('',(0.,1.,0.));
#3412 = PLANE('',#3413);
#3413 = AXIS2_PLACEMENT_3D('',#3414,#3415,#3416);
#3414 = CARTESIAN_POINT('',(83.1,19.90054,-1.));
#3415 = DIRECTION('',(1.,0.,0.));
#3416 = DIRECTION('',(0.,0.,1.));
#3417 = ADVANCED_FACE('',(#3418),#3436,.T.);
#3418 = FACE_BOUND('',#3419,.T.);
#3419 = EDGE_LOOP('',(#3420,#3421,#3422,#3430));
#3420 = ORIENTED_EDGE('',*,*,#3372,.F.);
#3421 = ORIENTED_EDGE('',*,*,#3004,.T.);
#3422 = ORIENTED_EDGE('',*,*,#3423,.T.);
#3423 = EDGE_CURVE('',#2996,#3424,#3426,.T.);
#3424 = VERTEX_POINT('',#3425);
#3425 = CARTESIAN_POINT('',(2.,51.15,0.8));
#3426 = LINE('',#3427,#3428);
#3427 = CARTESIAN_POINT('',(2.,51.15,0.));
#3428 = VECTOR('',#3429,1.);
#3429 = DIRECTION('',(0.,0.,1.));
#3430 = ORIENTED_EDGE('',*,*,#3431,.T.);
#3431 = EDGE_CURVE('',#3424,#3373,#3432,.T.);
#3432 = LINE('',#3433,#3434);
#3433 = CARTESIAN_POINT('',(2.,51.15,0.8));
#3434 = VECTOR('',#3435,1.);
#3435 = DIRECTION('',(1.,0.,0.));
#3436 = PLANE('',#3437);
#3437 = AXIS2_PLACEMENT_3D('',#3438,#3439,#3440);
#3438 = CARTESIAN_POINT('',(2.,51.15,0.));
#3439 = DIRECTION('',(0.,1.,0.));
#3440 = DIRECTION('',(0.,0.,1.));
#3441 = ADVANCED_FACE('',(#3442),#3460,.T.);
#3442 = FACE_BOUND('',#3443,.T.);
#3443 = EDGE_LOOP('',(#3444,#3452,#3453,#3454));
#3444 = ORIENTED_EDGE('',*,*,#3445,.F.);
#3445 = EDGE_CURVE('',#3020,#3446,#3448,.T.);
#3446 = VERTEX_POINT('',#3447);
#3447 = CARTESIAN_POINT('',(83.15,19.90054,0.8));
#3448 = LINE('',#3449,#3450);
#3449 = CARTESIAN_POINT('',(83.15,19.90054,-0.5));
#3450 = VECTOR('',#3451,1.);
#3451 = DIRECTION('',(0.,0.,1.));
#3452 = ORIENTED_EDGE('',*,*,#3019,.F.);
#3453 = ORIENTED_EDGE('',*,*,#3397,.T.);
#3454 = ORIENTED_EDGE('',*,*,#3455,.F.);
#3455 = EDGE_CURVE('',#3446,#3398,#3456,.T.);
#3456 = LINE('',#3457,#3458);
#3457 = CARTESIAN_POINT('',(62.55,19.90054,0.8));
#3458 = VECTOR('',#3459,1.);
#3459 = DIRECTION('',(-1.,0.,0.));
#3460 = PLANE('',#3461);
#3461 = AXIS2_PLACEMENT_3D('',#3462,#3463,#3464);
#3462 = CARTESIAN_POINT('',(83.1,19.90054,-1.));
#3463 = DIRECTION('',(0.,1.,0.));
#3464 = DIRECTION('',(0.,0.,1.));
#3465 = ADVANCED_FACE('',(#3466),#3485,.T.);
#3466 = FACE_BOUND('',#3467,.T.);
#3467 = EDGE_LOOP('',(#3468,#3476,#3483,#3484));
#3468 = ORIENTED_EDGE('',*,*,#3469,.T.);
#3469 = EDGE_CURVE('',#3045,#3470,#3472,.T.);
#3470 = VERTEX_POINT('',#3471);
#3471 = CARTESIAN_POINT('',(0.85,50.,0.8));
#3472 = LINE('',#3473,#3474);
#3473 = CARTESIAN_POINT('',(0.85,50.,0.));
#3474 = VECTOR('',#3475,1.);
#3475 = DIRECTION('',(0.,0.,1.));
#3476 = ORIENTED_EDGE('',*,*,#3477,.F.);
#3477 = EDGE_CURVE('',#3424,#3470,#3478,.T.);
#3478 = CIRCLE('',#3479,1.15);
#3479 = AXIS2_PLACEMENT_3D('',#3480,#3481,#3482);
#3480 = CARTESIAN_POINT('',(2.,50.,0.8));
#3481 = DIRECTION('',(0.,0.,1.));
#3482 = DIRECTION('',(1.,0.,0.));
#3483 = ORIENTED_EDGE('',*,*,#3423,.F.);
#3484 = ORIENTED_EDGE('',*,*,#3044,.T.);
#3485 = CYLINDRICAL_SURFACE('',#3486,1.15);
#3486 = AXIS2_PLACEMENT_3D('',#3487,#3488,#3489);
#3487 = CARTESIAN_POINT('',(2.,50.,0.));
#3488 = DIRECTION('',(0.,0.,1.));
#3489 = DIRECTION('',(1.,0.,0.));
#3490 = ADVANCED_FACE('',(#3491),#3509,.T.);
#3491 = FACE_BOUND('',#3492,.T.);
#3492 = EDGE_LOOP('',(#3493,#3501,#3502,#3503));
#3493 = ORIENTED_EDGE('',*,*,#3494,.F.);
#3494 = EDGE_CURVE('',#3070,#3495,#3497,.T.);
#3495 = VERTEX_POINT('',#3496);
#3496 = CARTESIAN_POINT('',(83.15,2.,0.8));
#3497 = LINE('',#3498,#3499);
#3498 = CARTESIAN_POINT('',(83.15,2.,0.));
#3499 = VECTOR('',#3500,1.);
#3500 = DIRECTION('',(0.,0.,1.));
#3501 = ORIENTED_EDGE('',*,*,#3080,.T.);
#3502 = ORIENTED_EDGE('',*,*,#3445,.T.);
#3503 = ORIENTED_EDGE('',*,*,#3504,.F.);
#3504 = EDGE_CURVE('',#3495,#3446,#3505,.T.);
#3505 = LINE('',#3506,#3507);
#3506 = CARTESIAN_POINT('',(83.15,2.,0.8));
#3507 = VECTOR('',#3508,1.);
#3508 = DIRECTION('',(0.,1.,0.));
#3509 = PLANE('',#3510);
#3510 = AXIS2_PLACEMENT_3D('',#3511,#3512,#3513);
#3511 = CARTESIAN_POINT('',(83.15,2.,0.));
#3512 = DIRECTION('',(1.,0.,0.));
#3513 = DIRECTION('',(0.,0.,1.));
#3514 = ADVANCED_FACE('',(#3515),#3533,.F.);
#3515 = FACE_BOUND('',#3516,.F.);
#3516 = EDGE_LOOP('',(#3517,#3525,#3526,#3527));
#3517 = ORIENTED_EDGE('',*,*,#3518,.F.);
#3518 = EDGE_CURVE('',#3097,#3519,#3521,.T.);
#3519 = VERTEX_POINT('',#3520);
#3520 = CARTESIAN_POINT('',(0.85,2.,0.8));
#3521 = LINE('',#3522,#3523);
#3522 = CARTESIAN_POINT('',(0.85,2.,0.));
#3523 = VECTOR('',#3524,1.);
#3524 = DIRECTION('',(0.,0.,1.));
#3525 = ORIENTED_EDGE('',*,*,#3105,.F.);
#3526 = ORIENTED_EDGE('',*,*,#3469,.T.);
#3527 = ORIENTED_EDGE('',*,*,#3528,.F.);
#3528 = EDGE_CURVE('',#3519,#3470,#3529,.T.);
#3529 = LINE('',#3530,#3531);
#3530 = CARTESIAN_POINT('',(0.85,2.,0.8));
#3531 = VECTOR('',#3532,1.);
#3532 = DIRECTION('',(0.,1.,0.));
#3533 = PLANE('',#3534);
#3534 = AXIS2_PLACEMENT_3D('',#3535,#3536,#3537);
#3535 = CARTESIAN_POINT('',(0.85,2.,0.));
#3536 = DIRECTION('',(1.,0.,0.));
#3537 = DIRECTION('',(0.,0.,1.));
#3538 = ADVANCED_FACE('',(#3539),#3558,.T.);
#3539 = FACE_BOUND('',#3540,.T.);
#3540 = EDGE_LOOP('',(#3541,#3542,#3551,#3557));
#3541 = ORIENTED_EDGE('',*,*,#3494,.T.);
#3542 = ORIENTED_EDGE('',*,*,#3543,.F.);
#3543 = EDGE_CURVE('',#3544,#3495,#3546,.T.);
#3544 = VERTEX_POINT('',#3545);
#3545 = CARTESIAN_POINT('',(82.,0.85,0.8));
#3546 = CIRCLE('',#3547,1.15);
#3547 = AXIS2_PLACEMENT_3D('',#3548,#3549,#3550);
#3548 = CARTESIAN_POINT('',(82.,2.,0.8));
#3549 = DIRECTION('',(0.,0.,1.));
#3550 = DIRECTION('',(1.,0.,0.));
#3551 = ORIENTED_EDGE('',*,*,#3552,.F.);
#3552 = EDGE_CURVE('',#3120,#3544,#3553,.T.);
#3553 = LINE('',#3554,#3555);
#3554 = CARTESIAN_POINT('',(82.,0.85,0.));
#3555 = VECTOR('',#3556,1.);
#3556 = DIRECTION('',(0.,0.,1.));
#3557 = ORIENTED_EDGE('',*,*,#3128,.T.);
#3558 = CYLINDRICAL_SURFACE('',#3559,1.15);
#3559 = AXIS2_PLACEMENT_3D('',#3560,#3561,#3562);
#3560 = CARTESIAN_POINT('',(82.,2.,0.));
#3561 = DIRECTION('',(0.,0.,1.));
#3562 = DIRECTION('',(1.,0.,0.));
#3563 = ADVANCED_FACE('',(#3564),#3583,.T.);
#3564 = FACE_BOUND('',#3565,.T.);
#3565 = EDGE_LOOP('',(#3566,#3574,#3581,#3582));
#3566 = ORIENTED_EDGE('',*,*,#3567,.T.);
#3567 = EDGE_CURVE('',#3147,#3568,#3570,.T.);
#3568 = VERTEX_POINT('',#3569);
#3569 = CARTESIAN_POINT('',(2.,0.85,0.8));
#3570 = LINE('',#3571,#3572);
#3571 = CARTESIAN_POINT('',(2.,0.85,0.));
#3572 = VECTOR('',#3573,1.);
#3573 = DIRECTION('',(0.,0.,1.));
#3574 = ORIENTED_EDGE('',*,*,#3575,.F.);
#3575 = EDGE_CURVE('',#3519,#3568,#3576,.T.);
#3576 = CIRCLE('',#3577,1.15);
#3577 = AXIS2_PLACEMENT_3D('',#3578,#3579,#3580);
#3578 = CARTESIAN_POINT('',(2.,2.,0.8));
#3579 = DIRECTION('',(0.,0.,1.));
#3580 = DIRECTION('',(1.,0.,0.));
#3581 = ORIENTED_EDGE('',*,*,#3518,.F.);
#3582 = ORIENTED_EDGE('',*,*,#3146,.T.);
#3583 = CYLINDRICAL_SURFACE('',#3584,1.15);
#3584 = AXIS2_PLACEMENT_3D('',#3585,#3586,#3587);
#3585 = CARTESIAN_POINT('',(2.,2.,0.));
#3586 = DIRECTION('',(0.,0.,1.));
#3587 = DIRECTION('',(1.,0.,0.));
#3588 = ADVANCED_FACE('',(#3589),#3600,.F.);
#3589 = FACE_BOUND('',#3590,.F.);
#3590 = EDGE_LOOP('',(#3591,#3592,#3593,#3594));
#3591 = ORIENTED_EDGE('',*,*,#3552,.F.);
#3592 = ORIENTED_EDGE('',*,*,#3174,.F.);
#3593 = ORIENTED_EDGE('',*,*,#3567,.T.);
#3594 = ORIENTED_EDGE('',*,*,#3595,.T.);
#3595 = EDGE_CURVE('',#3568,#3544,#3596,.T.);
#3596 = LINE('',#3597,#3598);
#3597 = CARTESIAN_POINT('',(2.,0.85,0.8));
#3598 = VECTOR('',#3599,1.);
#3599 = DIRECTION('',(1.,0.,0.));
#3600 = PLANE('',#3601);
#3601 = AXIS2_PLACEMENT_3D('',#3602,#3603,#3604);
#3602 = CARTESIAN_POINT('',(2.,0.85,0.));
#3603 = DIRECTION('',(0.,1.,0.));
#3604 = DIRECTION('',(0.,0.,1.));
#3605 = ADVANCED_FACE('',(#3606),#3625,.F.);
#3606 = FACE_BOUND('',#3607,.F.);
#3607 = EDGE_LOOP('',(#3608,#3616,#3623,#3624));
#3608 = ORIENTED_EDGE('',*,*,#3609,.T.);
#3609 = EDGE_CURVE('',#3189,#3610,#3612,.T.);
#3610 = VERTEX_POINT('',#3611);
#3611 = CARTESIAN_POINT('',(75.,48.5,0.8));
#3612 = LINE('',#3613,#3614);
#3613 = CARTESIAN_POINT('',(75.,48.5,-0.1));
#3614 = VECTOR('',#3615,1.);
#3615 = DIRECTION('',(0.,0.,1.));
#3616 = ORIENTED_EDGE('',*,*,#3617,.F.);
#3617 = EDGE_CURVE('',#3610,#3610,#3618,.T.);
#3618 = CIRCLE('',#3619,1.);
#3619 = AXIS2_PLACEMENT_3D('',#3620,#3621,#3622);
#3620 = CARTESIAN_POINT('',(74.,48.5,0.8));
#3621 = DIRECTION('',(0.,0.,1.));
#3622 = DIRECTION('',(1.,0.,0.));
#3623 = ORIENTED_EDGE('',*,*,#3609,.F.);
#3624 = ORIENTED_EDGE('',*,*,#3199,.T.);
#3625 = CYLINDRICAL_SURFACE('',#3626,1.);
#3626 = AXIS2_PLACEMENT_3D('',#3627,#3628,#3629);
#3627 = CARTESIAN_POINT('',(74.,48.5,-0.1));
#3628 = DIRECTION('',(0.,0.,1.));
#3629 = DIRECTION('',(1.,0.,0.));
#3630 = ADVANCED_FACE('',(#3631),#3650,.F.);
#3631 = FACE_BOUND('',#3632,.F.);
#3632 = EDGE_LOOP('',(#3633,#3641,#3648,#3649));
#3633 = ORIENTED_EDGE('',*,*,#3634,.T.);
#3634 = EDGE_CURVE('',#3215,#3635,#3637,.T.);
#3635 = VERTEX_POINT('',#3636);
#3636 = CARTESIAN_POINT('',(72.,48.5,0.8));
#3637 = LINE('',#3638,#3639);
#3638 = CARTESIAN_POINT('',(72.,48.5,-0.1));
#3639 = VECTOR('',#3640,1.);
#3640 = DIRECTION('',(0.,0.,1.));
#3641 = ORIENTED_EDGE('',*,*,#3642,.F.);
#3642 = EDGE_CURVE('',#3635,#3635,#3643,.T.);
#3643 = CIRCLE('',#3644,1.);
#3644 = AXIS2_PLACEMENT_3D('',#3645,#3646,#3647);
#3645 = CARTESIAN_POINT('',(71.,48.5,0.8));
#3646 = DIRECTION('',(0.,0.,1.));
#3647 = DIRECTION('',(1.,0.,0.));
#3648 = ORIENTED_EDGE('',*,*,#3634,.F.);
#3649 = ORIENTED_EDGE('',*,*,#3225,.T.);
#3650 = CYLINDRICAL_SURFACE('',#3651,1.);
#3651 = AXIS2_PLACEMENT_3D('',#3652,#3653,#3654);
#3652 = CARTESIAN_POINT('',(71.,48.5,-0.1));
#3653 = DIRECTION('',(0.,0.,1.));
#3654 = DIRECTION('',(1.,0.,0.));
#3655 = ADVANCED_FACE('',(#3656),#3675,.F.);
#3656 = FACE_BOUND('',#3657,.F.);
#3657 = EDGE_LOOP('',(#3658,#3666,#3673,#3674));
#3658 = ORIENTED_EDGE('',*,*,#3659,.T.);
#3659 = EDGE_CURVE('',#3241,#3660,#3662,.T.);
#3660 = VERTEX_POINT('',#3661);
#3661 = CARTESIAN_POINT('',(69.,48.5,0.8));
#3662 = LINE('',#3663,#3664);
#3663 = CARTESIAN_POINT('',(69.,48.5,-0.1));
#3664 = VECTOR('',#3665,1.);
#3665 = DIRECTION('',(0.,0.,1.));
#3666 = ORIENTED_EDGE('',*,*,#3667,.F.);
#3667 = EDGE_CURVE('',#3660,#3660,#3668,.T.);
#3668 = CIRCLE('',#3669,1.);
#3669 = AXIS2_PLACEMENT_3D('',#3670,#3671,#3672);
#3670 = CARTESIAN_POINT('',(68.,48.5,0.8));
#3671 = DIRECTION('',(0.,0.,1.));
#3672 = DIRECTION('',(1.,0.,0.));
#3673 = ORIENTED_EDGE('',*,*,#3659,.F.);
#3674 = ORIENTED_EDGE('',*,*,#3251,.T.);
#3675 = CYLINDRICAL_SURFACE('',#3676,1.);
#3676 = AXIS2_PLACEMENT_3D('',#3677,#3678,#3679);
#3677 = CARTESIAN_POINT('',(68.,48.5,-0.1));
#3678 = DIRECTION('',(0.,0.,1.));
#3679 = DIRECTION('',(1.,0.,0.));
#3680 = ADVANCED_FACE('',(#3681),#3700,.F.);
#3681 = FACE_BOUND('',#3682,.F.);
#3682 = EDGE_LOOP('',(#3683,#3691,#3698,#3699));
#3683 = ORIENTED_EDGE('',*,*,#3684,.T.);
#3684 = EDGE_CURVE('',#3267,#3685,#3687,.T.);
#3685 = VERTEX_POINT('',#3686);
#3686 = CARTESIAN_POINT('',(66.,48.5,0.8));
#3687 = LINE('',#3688,#3689);
#3688 = CARTESIAN_POINT('',(66.,48.5,-0.1));
#3689 = VECTOR('',#3690,1.);
#3690 = DIRECTION('',(0.,0.,1.));
#3691 = ORIENTED_EDGE('',*,*,#3692,.F.);
#3692 = EDGE_CURVE('',#3685,#3685,#3693,.T.);
#3693 = CIRCLE('',#3694,1.);
#3694 = AXIS2_PLACEMENT_3D('',#3695,#3696,#3697);
#3695 = CARTESIAN_POINT('',(65.,48.5,0.8));
#3696 = DIRECTION('',(0.,0.,1.));
#3697 = DIRECTION('',(1.,0.,0.));
#3698 = ORIENTED_EDGE('',*,*,#3684,.F.);
#3699 = ORIENTED_EDGE('',*,*,#3277,.T.);
#3700 = CYLINDRICAL_SURFACE('',#3701,1.);
#3701 = AXIS2_PLACEMENT_3D('',#3702,#3703,#3704);
#3702 = CARTESIAN_POINT('',(65.,48.5,-0.1));
#3703 = DIRECTION('',(0.,0.,1.));
#3704 = DIRECTION('',(1.,0.,0.));
#3705 = ADVANCED_FACE('',(#3706,#3720,#3723,#3726,#3729,#3732),#3735,.T.
  );
#3706 = FACE_BOUND('',#3707,.T.);
#3707 = EDGE_LOOP('',(#3708,#3709,#3710,#3711,#3712,#3713,#3714,#3715,
    #3716,#3717,#3718,#3719));
#3708 = ORIENTED_EDGE('',*,*,#3528,.F.);
#3709 = ORIENTED_EDGE('',*,*,#3575,.T.);
#3710 = ORIENTED_EDGE('',*,*,#3595,.T.);
#3711 = ORIENTED_EDGE('',*,*,#3543,.T.);
#3712 = ORIENTED_EDGE('',*,*,#3504,.T.);
#3713 = ORIENTED_EDGE('',*,*,#3455,.T.);
#3714 = ORIENTED_EDGE('',*,*,#3407,.T.);
#3715 = ORIENTED_EDGE('',*,*,#3358,.F.);
#3716 = ORIENTED_EDGE('',*,*,#3334,.T.);
#3717 = ORIENTED_EDGE('',*,*,#3380,.T.);
#3718 = ORIENTED_EDGE('',*,*,#3431,.F.);
#3719 = ORIENTED_EDGE('',*,*,#3477,.T.);
#3720 = FACE_BOUND('',#3721,.T.);
#3721 = EDGE_LOOP('',(#3722));
#3722 = ORIENTED_EDGE('',*,*,#3692,.F.);
#3723 = FACE_BOUND('',#3724,.T.);
#3724 = EDGE_LOOP('',(#3725));
#3725 = ORIENTED_EDGE('',*,*,#3667,.F.);
#3726 = FACE_BOUND('',#3727,.T.);
#3727 = EDGE_LOOP('',(#3728));
#3728 = ORIENTED_EDGE('',*,*,#3642,.F.);
#3729 = FACE_BOUND('',#3730,.T.);
#3730 = EDGE_LOOP('',(#3731));
#3731 = ORIENTED_EDGE('',*,*,#3617,.F.);
#3732 = FACE_BOUND('',#3733,.T.);
#3733 = EDGE_LOOP('',(#3734));
#3734 = ORIENTED_EDGE('',*,*,#3300,.F.);
#3735 = PLANE('',#3736);
#3736 = AXIS2_PLACEMENT_3D('',#3737,#3738,#3739);
#3737 = CARTESIAN_POINT('',(42.,26.,0.8));
#3738 = DIRECTION('',(0.,0.,1.));
#3739 = DIRECTION('',(1.,0.,0.));
#3740 = ( GEOMETRIC_REPRESENTATION_CONTEXT(3) 
GLOBAL_UNCERTAINTY_ASSIGNED_CONTEXT((#3744)) 
GLOBAL_UNIT_ASSIGNED_CONTEXT((#3741,#3742,#3743)) REPRESENTATION_CONTEXT
('Context #1','3D Context with UNIT and UNCERTAINTY') );
#3741 = ( LENGTH_UNIT() NAMED_UNIT(*) SI_UNIT(.MILLI.,.METRE.) );
#3742 = ( NAMED_UNIT(*) PLANE_ANGLE_UNIT() SI_UNIT($,.RADIAN.) );
#3743 = ( NAMED_UNIT(*) SI_UNIT($,.STERADIAN.) SOLID_ANGLE_UNIT() );
#3744 = UNCERTAINTY_MEASURE_WITH_UNIT(LENGTH_MEASURE(1.E-04),#3741,
  'distance_accuracy_value','confusion accuracy');
#3745 = PRODUCT_RELATED_PRODUCT_CATEGORY('part',$,(#7));
ENDSEC;
END-ISO-10303-21;
