ISO-10303-21;
HEADER;
FILE_DESCRIPTION(('FreeCAD Model'),'2;1');
FILE_NAME('Open CASCADE Shape Model','2026-09-24T14:17:06',('FreeCAD'),(
    'FreeCAD'),'Open CASCADE STEP processor 7.8','FreeCAD','Unknown');
FILE_SCHEMA(('AUTOMOTIVE_DESIGN { 1 0 10303 214 1 1 1 1 }'));
ENDSEC;
DATA;
#1 = APPLICATION_PROTOCOL_DEFINITION('international standard',
  'automotive_design',2000,#2);
#2 = APPLICATION_CONTEXT(
  'core data for automotive mechanical design processes');
#3 = SHAPE_DEFINITION_REPRESENTATION(#4,#10);
#4 = PRODUCT_DEFINITION_SHAPE('','',#5);
#5 = PRODUCT_DEFINITION('design','',#6,#9);
#6 = PRODUCT_DEFINITION_FORMATION('','',#7);
#7 = PRODUCT('Open CASCADE STEP translator 7.8 6',
  'Open CASCADE STEP translator 7.8 6','',(#8));
#8 = PRODUCT_CONTEXT('',#2,'mechanical');
#9 = PRODUCT_DEFINITION_CONTEXT('part definition',#2,'design');
#10 = SHAPE_REPRESENTATION('',(#11,#15,#2689,#3740,#4180,#4620),#5060);
#11 = AXIS2_PLACEMENT_3D('',#12,#13,#14);
#12 = CARTESIAN_POINT('',(0.,0.,0.));
#13 = DIRECTION('',(0.,0.,1.));
#14 = DIRECTION('',(1.,0.,-0.));
#15 = MANIFOLD_SOLID_BREP('',#16);
#16 = CLOSED_SHELL('',(#17,#59,#226,#259,#285,#318,#351,#377,#403,#428,
    #453,#479,#505,#530,#555,#581,#607,#624,#649,#667,#725,#955,#1047,
    #1079,#1304,#1330,#1436,#1453,#1481,#1576,#1601,#1627,#1660,#1685,
    #1711,#1737,#1754,#1780,#1806,#1832,#1866,#1891,#1916,#1942,#1968,
    #1993,#2018,#2036,#2060,#2081,#2162,#2179,#2196,#2213,#2235,#2252,
    #2269,#2286,#2303,#2320,#2337,#2349,#2366,#2383,#2405,#2422,#2444,
    #2461,#2483,#2505,#2527,#2549,#2571,#2593,#2605,#2617,#2629,#2641,
    #2653,#2665,#2677));
#17 = ADVANCED_FACE('',(#18),#54,.T.);
#18 = FACE_BOUND('',#19,.T.);
#19 = EDGE_LOOP('',(#20,#31,#39,#48));
#20 = ORIENTED_EDGE('',*,*,#21,.T.);
#21 = EDGE_CURVE('',#22,#24,#26,.T.);
#22 = VERTEX_POINT('',#23);
#23 = CARTESIAN_POINT('',(83.4,49.4,8.E-02));
#24 = VERTEX_POINT('',#25);
#25 = CARTESIAN_POINT('',(83.48,49.4,0.));
#26 = CIRCLE('',#27,8.E-02);
#27 = AXIS2_PLACEMENT_3D('',#28,#29,#30);
#28 = CARTESIAN_POINT('',(83.48,49.4,8.E-02));
#29 = DIRECTION('',(6.E-17,-1.,0.));
#30 = DIRECTION('',(1.,6.E-17,0.));
#31 = ORIENTED_EDGE('',*,*,#32,.T.);
#32 = EDGE_CURVE('',#24,#33,#35,.T.);
#33 = VERTEX_POINT('',#34);
#34 = CARTESIAN_POINT('',(83.48,32.10054,0.));
#35 = LINE('',#36,#37);
#36 = CARTESIAN_POINT('',(83.48,49.4,-1.E-17));
#37 = VECTOR('',#38,1.);
#38 = DIRECTION('',(0.,-1.,0.));
#39 = ORIENTED_EDGE('',*,*,#40,.F.);
#40 = EDGE_CURVE('',#41,#33,#43,.T.);
#41 = VERTEX_POINT('',#42);
#42 = CARTESIAN_POINT('',(83.4,32.10054,8.E-02));
#43 = CIRCLE('',#44,8.E-02);
#44 = AXIS2_PLACEMENT_3D('',#45,#46,#47);
#45 = CARTESIAN_POINT('',(83.48,32.10054,8.E-02));
#46 = DIRECTION('',(0.,-1.,0.));
#47 = DIRECTION('',(0.,0.,-1.));
#48 = ORIENTED_EDGE('',*,*,#49,.F.);
#49 = EDGE_CURVE('',#22,#41,#50,.T.);
#50 = LINE('',#51,#52);
#51 = CARTESIAN_POINT('',(83.4,49.4,8.E-02));
#52 = VECTOR('',#53,1.);
#53 = DIRECTION('',(0.,-1.,0.));
#54 = CYLINDRICAL_SURFACE('',#55,8.E-02);
#55 = AXIS2_PLACEMENT_3D('',#56,#57,#58);
#56 = CARTESIAN_POINT('',(83.48,49.4,8.E-02));
#57 = DIRECTION('',(0.,-1.,0.));
#58 = DIRECTION('',(-1.,0.,0.));
#59 = ADVANCED_FACE('',(#60),#221,.T.);
#60 = FACE_BOUND('',#61,.T.);
#61 = EDGE_LOOP('',(#62,#72,#80,#89,#97,#106,#114,#123,#131,#140,#148,
    #154,#155,#164,#172,#181,#189,#198,#206,#215));
#62 = ORIENTED_EDGE('',*,*,#63,.T.);
#63 = EDGE_CURVE('',#64,#66,#68,.T.);
#64 = VERTEX_POINT('',#65);
#65 = CARTESIAN_POINT('',(83.48,19.90054,0.));
#66 = VERTEX_POINT('',#67);
#67 = CARTESIAN_POINT('',(83.9,19.90054,0.));
#68 = LINE('',#69,#70);
#69 = CARTESIAN_POINT('',(62.55,19.90054,0.));
#70 = VECTOR('',#71,1.);
#71 = DIRECTION('',(1.,0.,0.));
#72 = ORIENTED_EDGE('',*,*,#73,.F.);
#73 = EDGE_CURVE('',#74,#66,#76,.T.);
#74 = VERTEX_POINT('',#75);
#75 = CARTESIAN_POINT('',(83.9,2.6,0.));
#76 = LINE('',#77,#78);
#77 = CARTESIAN_POINT('',(83.9,2.6,-1.1E-16));
#78 = VECTOR('',#79,1.);
#79 = DIRECTION('',(0.,1.,0.));
#80 = ORIENTED_EDGE('',*,*,#81,.F.);
#81 = EDGE_CURVE('',#82,#74,#84,.T.);
#82 = VERTEX_POINT('',#83);
#83 = CARTESIAN_POINT('',(81.4,1.E-01,0.));
#84 = CIRCLE('',#85,2.5);
#85 = AXIS2_PLACEMENT_3D('',#86,#87,#88);
#86 = CARTESIAN_POINT('',(81.4,2.6,0.));
#87 = DIRECTION('',(0.,0.,1.));
#88 = DIRECTION('',(-4.44E-15,-1.,0.));
#89 = ORIENTED_EDGE('',*,*,#90,.F.);
#90 = EDGE_CURVE('',#91,#82,#93,.T.);
#91 = VERTEX_POINT('',#92);
#92 = CARTESIAN_POINT('',(2.6,0.1,0.));
#93 = LINE('',#94,#95);
#94 = CARTESIAN_POINT('',(2.6,1.E-01,-1.1E-16));
#95 = VECTOR('',#96,1.);
#96 = DIRECTION('',(1.,0.,0.));
#97 = ORIENTED_EDGE('',*,*,#98,.F.);
#98 = EDGE_CURVE('',#99,#91,#101,.T.);
#99 = VERTEX_POINT('',#100);
#100 = CARTESIAN_POINT('',(0.1,2.6,0.));
#101 = CIRCLE('',#102,2.5);
#102 = AXIS2_PLACEMENT_3D('',#103,#104,#105);
#103 = CARTESIAN_POINT('',(2.6,2.6,0.));
#104 = DIRECTION('',(0.,0.,1.));
#105 = DIRECTION('',(-1.,-2.8E-16,0.));
#106 = ORIENTED_EDGE('',*,*,#107,.F.);
#107 = EDGE_CURVE('',#108,#99,#110,.T.);
#108 = VERTEX_POINT('',#109);
#109 = CARTESIAN_POINT('',(0.1,49.4,0.));
#110 = LINE('',#111,#112);
#111 = CARTESIAN_POINT('',(1.E-01,49.4,-1.1E-16));
#112 = VECTOR('',#113,1.);
#113 = DIRECTION('',(0.,-1.,0.));
#114 = ORIENTED_EDGE('',*,*,#115,.F.);
#115 = EDGE_CURVE('',#116,#108,#118,.T.);
#116 = VERTEX_POINT('',#117);
#117 = CARTESIAN_POINT('',(2.6,51.9,0.));
#118 = CIRCLE('',#119,2.5);
#119 = AXIS2_PLACEMENT_3D('',#120,#121,#122);
#120 = CARTESIAN_POINT('',(2.6,49.4,0.));
#121 = DIRECTION('',(0.,0.,1.));
#122 = DIRECTION('',(-4.2E-16,1.,0.));
#123 = ORIENTED_EDGE('',*,*,#124,.F.);
#124 = EDGE_CURVE('',#125,#116,#127,.T.);
#125 = VERTEX_POINT('',#126);
#126 = CARTESIAN_POINT('',(81.4,51.9,0.));
#127 = LINE('',#128,#129);
#128 = CARTESIAN_POINT('',(81.4,51.9,-1.1E-16));
#129 = VECTOR('',#130,1.);
#130 = DIRECTION('',(-1.,0.,0.));
#131 = ORIENTED_EDGE('',*,*,#132,.F.);
#132 = EDGE_CURVE('',#133,#125,#135,.T.);
#133 = VERTEX_POINT('',#134);
#134 = CARTESIAN_POINT('',(83.9,49.4,0.));
#135 = CIRCLE('',#136,2.5);
#136 = AXIS2_PLACEMENT_3D('',#137,#138,#139);
#137 = CARTESIAN_POINT('',(81.4,49.4,0.));
#138 = DIRECTION('',(0.,0.,1.));
#139 = DIRECTION('',(1.,0.,0.));
#140 = ORIENTED_EDGE('',*,*,#141,.F.);
#141 = EDGE_CURVE('',#142,#133,#144,.T.);
#142 = VERTEX_POINT('',#143);
#143 = CARTESIAN_POINT('',(83.9,32.10054,0.));
#144 = LINE('',#145,#146);
#145 = CARTESIAN_POINT('',(83.9,2.6,-1.1E-16));
#146 = VECTOR('',#147,1.);
#147 = DIRECTION('',(0.,1.,0.));
#148 = ORIENTED_EDGE('',*,*,#149,.F.);
#149 = EDGE_CURVE('',#33,#142,#150,.T.);
#150 = LINE('',#151,#152);
#151 = CARTESIAN_POINT('',(62.55,32.10054,0.));
#152 = VECTOR('',#153,1.);
#153 = DIRECTION('',(1.,0.,0.));
#154 = ORIENTED_EDGE('',*,*,#32,.F.);
#155 = ORIENTED_EDGE('',*,*,#156,.F.);
#156 = EDGE_CURVE('',#157,#24,#159,.T.);
#157 = VERTEX_POINT('',#158);
#158 = CARTESIAN_POINT('',(81.4,51.48,0.));
#159 = CIRCLE('',#160,2.08);
#160 = AXIS2_PLACEMENT_3D('',#161,#162,#163);
#161 = CARTESIAN_POINT('',(81.4,49.4,0.));
#162 = DIRECTION('',(0.,0.,-1.));
#163 = DIRECTION('',(0.,1.,0.));
#164 = ORIENTED_EDGE('',*,*,#165,.F.);
#165 = EDGE_CURVE('',#166,#157,#168,.T.);
#166 = VERTEX_POINT('',#167);
#167 = CARTESIAN_POINT('',(2.6,51.48,0.));
#168 = LINE('',#169,#170);
#169 = CARTESIAN_POINT('',(2.6,51.48,-1.E-17));
#170 = VECTOR('',#171,1.);
#171 = DIRECTION('',(1.,0.,0.));
#172 = ORIENTED_EDGE('',*,*,#173,.F.);
#173 = EDGE_CURVE('',#174,#166,#176,.T.);
#174 = VERTEX_POINT('',#175);
#175 = CARTESIAN_POINT('',(0.52,49.4,0.));
#176 = CIRCLE('',#177,2.08);
#177 = AXIS2_PLACEMENT_3D('',#178,#179,#180);
#178 = CARTESIAN_POINT('',(2.6,49.4,0.));
#179 = DIRECTION('',(0.,0.,-1.));
#180 = DIRECTION('',(-1.,0.,0.));
#181 = ORIENTED_EDGE('',*,*,#182,.F.);
#182 = EDGE_CURVE('',#183,#174,#185,.T.);
#183 = VERTEX_POINT('',#184);
#184 = CARTESIAN_POINT('',(0.52,2.6,0.));
#185 = LINE('',#186,#187);
#186 = CARTESIAN_POINT('',(0.52,2.6,-1.E-17));
#187 = VECTOR('',#188,1.);
#188 = DIRECTION('',(0.,1.,0.));
#189 = ORIENTED_EDGE('',*,*,#190,.F.);
#190 = EDGE_CURVE('',#191,#183,#193,.T.);
#191 = VERTEX_POINT('',#192);
#192 = CARTESIAN_POINT('',(2.6,0.52,0.));
#193 = CIRCLE('',#194,2.08);
#194 = AXIS2_PLACEMENT_3D('',#195,#196,#197);
#195 = CARTESIAN_POINT('',(2.6,2.6,0.));
#196 = DIRECTION('',(-0.,0.,-1.));
#197 = DIRECTION('',(-8.9E-16,-1.,0.));
#198 = ORIENTED_EDGE('',*,*,#199,.F.);
#199 = EDGE_CURVE('',#200,#191,#202,.T.);
#200 = VERTEX_POINT('',#201);
#201 = CARTESIAN_POINT('',(81.4,0.52,0.));
#202 = LINE('',#203,#204);
#203 = CARTESIAN_POINT('',(81.4,0.52,-1.E-17));
#204 = VECTOR('',#205,1.);
#205 = DIRECTION('',(-1.,0.,0.));
#206 = ORIENTED_EDGE('',*,*,#207,.F.);
#207 = EDGE_CURVE('',#208,#200,#210,.T.);
#208 = VERTEX_POINT('',#209);
#209 = CARTESIAN_POINT('',(83.48,2.6,0.));
#210 = CIRCLE('',#211,2.08);
#211 = AXIS2_PLACEMENT_3D('',#212,#213,#214);
#212 = CARTESIAN_POINT('',(81.4,2.6,0.));
#213 = DIRECTION('',(0.,-0.,-1.));
#214 = DIRECTION('',(1.,-8.9E-16,0.));
#215 = ORIENTED_EDGE('',*,*,#216,.F.);
#216 = EDGE_CURVE('',#64,#208,#217,.T.);
#217 = LINE('',#218,#219);
#218 = CARTESIAN_POINT('',(83.48,19.90054,-1.E-17));
#219 = VECTOR('',#220,1.);
#220 = DIRECTION('',(0.,-1.,0.));
#221 = PLANE('',#222);
#222 = AXIS2_PLACEMENT_3D('',#223,#224,#225);
#223 = CARTESIAN_POINT('',(42.,26.,0.));
#224 = DIRECTION('',(-0.,-0.,-1.));
#225 = DIRECTION('',(-1.,0.,0.));
#226 = ADVANCED_FACE('',(#227),#254,.T.);
#227 = FACE_BOUND('',#228,.T.);
#228 = EDGE_LOOP('',(#229,#239,#246,#247));
#229 = ORIENTED_EDGE('',*,*,#230,.F.);
#230 = EDGE_CURVE('',#231,#233,#235,.T.);
#231 = VERTEX_POINT('',#232);
#232 = CARTESIAN_POINT('',(84.6,32.10054,0.7));
#233 = VERTEX_POINT('',#234);
#234 = CARTESIAN_POINT('',(84.6,49.4,0.7));
#235 = LINE('',#236,#237);
#236 = CARTESIAN_POINT('',(84.6,2.6,0.7));
#237 = VECTOR('',#238,1.);
#238 = DIRECTION('',(0.,1.,0.));
#239 = ORIENTED_EDGE('',*,*,#240,.T.);
#240 = EDGE_CURVE('',#231,#142,#241,.T.);
#241 = CIRCLE('',#242,0.7);
#242 = AXIS2_PLACEMENT_3D('',#243,#244,#245);
#243 = CARTESIAN_POINT('',(83.9,32.10054,0.7));
#244 = DIRECTION('',(-0.,1.,0.));
#245 = DIRECTION('',(1.,0.,0.));
#246 = ORIENTED_EDGE('',*,*,#141,.T.);
#247 = ORIENTED_EDGE('',*,*,#248,.F.);
#248 = EDGE_CURVE('',#233,#133,#249,.T.);
#249 = CIRCLE('',#250,0.7);
#250 = AXIS2_PLACEMENT_3D('',#251,#252,#253);
#251 = CARTESIAN_POINT('',(83.9,49.4,0.7));
#252 = DIRECTION('',(-0.,1.,0.));
#253 = DIRECTION('',(1.,0.,0.));
#254 = CYLINDRICAL_SURFACE('',#255,0.7);
#255 = AXIS2_PLACEMENT_3D('',#256,#257,#258);
#256 = CARTESIAN_POINT('',(83.9,2.6,0.7));
#257 = DIRECTION('',(0.,1.,0.));
#258 = DIRECTION('',(1.,0.,0.));
#259 = ADVANCED_FACE('',(#260),#280,.T.);
#260 = FACE_BOUND('',#261,.F.);
#261 = EDGE_LOOP('',(#262,#271,#278,#279));
#262 = ORIENTED_EDGE('',*,*,#263,.F.);
#263 = EDGE_CURVE('',#264,#157,#266,.T.);
#264 = VERTEX_POINT('',#265);
#265 = CARTESIAN_POINT('',(81.4,51.4,8.E-02));
#266 = CIRCLE('',#267,8.E-02);
#267 = AXIS2_PLACEMENT_3D('',#268,#269,#270);
#268 = CARTESIAN_POINT('',(81.4,51.48,8.E-02));
#269 = DIRECTION('',(1.,0.,0.));
#270 = DIRECTION('',(0.,-1.,0.));
#271 = ORIENTED_EDGE('',*,*,#272,.T.);
#272 = EDGE_CURVE('',#264,#22,#273,.T.);
#273 = CIRCLE('',#274,2.);
#274 = AXIS2_PLACEMENT_3D('',#275,#276,#277);
#275 = CARTESIAN_POINT('',(81.4,49.4,8.E-02));
#276 = DIRECTION('',(0.,0.,-1.));
#277 = DIRECTION('',(0.,1.,0.));
#278 = ORIENTED_EDGE('',*,*,#21,.T.);
#279 = ORIENTED_EDGE('',*,*,#156,.F.);
#280 = TOROIDAL_SURFACE('',#281,2.08,8.E-02);
#281 = AXIS2_PLACEMENT_3D('',#282,#283,#284);
#282 = CARTESIAN_POINT('',(81.4,49.4,8.E-02));
#283 = DIRECTION('',(0.,0.,1.));
#284 = DIRECTION('',(0.,1.,0.));
#285 = ADVANCED_FACE('',(#286),#313,.T.);
#286 = FACE_BOUND('',#287,.T.);
#287 = EDGE_LOOP('',(#288,#297,#298,#307));
#288 = ORIENTED_EDGE('',*,*,#289,.T.);
#289 = EDGE_CURVE('',#290,#64,#292,.T.);
#290 = VERTEX_POINT('',#291);
#291 = CARTESIAN_POINT('',(83.4,19.90054,8.E-02));
#292 = CIRCLE('',#293,8.E-02);
#293 = AXIS2_PLACEMENT_3D('',#294,#295,#296);
#294 = CARTESIAN_POINT('',(83.48,19.90054,8.E-02));
#295 = DIRECTION('',(0.,-1.,0.));
#296 = DIRECTION('',(0.,0.,-1.));
#297 = ORIENTED_EDGE('',*,*,#216,.T.);
#298 = ORIENTED_EDGE('',*,*,#299,.F.);
#299 = EDGE_CURVE('',#300,#208,#302,.T.);
#300 = VERTEX_POINT('',#301);
#301 = CARTESIAN_POINT('',(83.4,2.6,8.E-02));
#302 = CIRCLE('',#303,8.E-02);
#303 = AXIS2_PLACEMENT_3D('',#304,#305,#306);
#304 = CARTESIAN_POINT('',(83.48,2.6,8.E-02));
#305 = DIRECTION('',(0.,-1.,0.));
#306 = DIRECTION('',(-1.,0.,0.));
#307 = ORIENTED_EDGE('',*,*,#308,.F.);
#308 = EDGE_CURVE('',#290,#300,#309,.T.);
#309 = LINE('',#310,#311);
#310 = CARTESIAN_POINT('',(83.4,19.90054,8.E-02));
#311 = VECTOR('',#312,1.);
#312 = DIRECTION('',(0.,-1.,0.));
#313 = CYLINDRICAL_SURFACE('',#314,8.E-02);
#314 = AXIS2_PLACEMENT_3D('',#315,#316,#317);
#315 = CARTESIAN_POINT('',(83.48,19.90054,8.E-02));
#316 = DIRECTION('',(0.,-1.,0.));
#317 = DIRECTION('',(-1.,0.,0.));
#318 = ADVANCED_FACE('',(#319),#346,.T.);
#319 = FACE_BOUND('',#320,.T.);
#320 = EDGE_LOOP('',(#321,#331,#338,#339));
#321 = ORIENTED_EDGE('',*,*,#322,.F.);
#322 = EDGE_CURVE('',#323,#325,#327,.T.);
#323 = VERTEX_POINT('',#324);
#324 = CARTESIAN_POINT('',(84.6,2.6,0.7));
#325 = VERTEX_POINT('',#326);
#326 = CARTESIAN_POINT('',(84.6,19.90054,0.7));
#327 = LINE('',#328,#329);
#328 = CARTESIAN_POINT('',(84.6,2.6,0.7));
#329 = VECTOR('',#330,1.);
#330 = DIRECTION('',(0.,1.,0.));
#331 = ORIENTED_EDGE('',*,*,#332,.T.);
#332 = EDGE_CURVE('',#323,#74,#333,.T.);
#333 = CIRCLE('',#334,0.7);
#334 = AXIS2_PLACEMENT_3D('',#335,#336,#337);
#335 = CARTESIAN_POINT('',(83.9,2.6,0.7));
#336 = DIRECTION('',(6.E-17,1.,0.));
#337 = DIRECTION('',(1.,-6.E-17,0.));
#338 = ORIENTED_EDGE('',*,*,#73,.T.);
#339 = ORIENTED_EDGE('',*,*,#340,.F.);
#340 = EDGE_CURVE('',#325,#66,#341,.T.);
#341 = CIRCLE('',#342,0.7);
#342 = AXIS2_PLACEMENT_3D('',#343,#344,#345);
#343 = CARTESIAN_POINT('',(83.9,19.90054,0.7));
#344 = DIRECTION('',(-0.,1.,0.));
#345 = DIRECTION('',(1.,0.,0.));
#346 = CYLINDRICAL_SURFACE('',#347,0.7);
#347 = AXIS2_PLACEMENT_3D('',#348,#349,#350);
#348 = CARTESIAN_POINT('',(83.9,2.6,0.7));
#349 = DIRECTION('',(0.,1.,0.));
#350 = DIRECTION('',(1.,0.,0.));
#351 = ADVANCED_FACE('',(#352),#372,.T.);
#352 = FACE_BOUND('',#353,.F.);
#353 = EDGE_LOOP('',(#354,#355,#364,#371));
#354 = ORIENTED_EDGE('',*,*,#299,.F.);
#355 = ORIENTED_EDGE('',*,*,#356,.T.);
#356 = EDGE_CURVE('',#300,#357,#359,.T.);
#357 = VERTEX_POINT('',#358);
#358 = CARTESIAN_POINT('',(81.4,0.6,8.E-02));
#359 = CIRCLE('',#360,2.);
#360 = AXIS2_PLACEMENT_3D('',#361,#362,#363);
#361 = CARTESIAN_POINT('',(81.4,2.6,8.E-02));
#362 = DIRECTION('',(0.,-0.,-1.));
#363 = DIRECTION('',(1.,-8.9E-16,0.));
#364 = ORIENTED_EDGE('',*,*,#365,.T.);
#365 = EDGE_CURVE('',#357,#200,#366,.T.);
#366 = CIRCLE('',#367,8.E-02);
#367 = AXIS2_PLACEMENT_3D('',#368,#369,#370);
#368 = CARTESIAN_POINT('',(81.4,0.52,8.E-02));
#369 = DIRECTION('',(-1.,8.3E-16,0.));
#370 = DIRECTION('',(-8.3E-16,-1.,-0.));
#371 = ORIENTED_EDGE('',*,*,#207,.F.);
#372 = TOROIDAL_SURFACE('',#373,2.08,8.E-02);
#373 = AXIS2_PLACEMENT_3D('',#374,#375,#376);
#374 = CARTESIAN_POINT('',(81.4,2.6,8.E-02));
#375 = DIRECTION('',(0.,0.,1.));
#376 = DIRECTION('',(1.,-8.9E-16,0.));
#377 = ADVANCED_FACE('',(#378),#398,.T.);
#378 = FACE_BOUND('',#379,.F.);
#379 = EDGE_LOOP('',(#380,#389,#396,#397));
#380 = ORIENTED_EDGE('',*,*,#381,.F.);
#381 = EDGE_CURVE('',#382,#82,#384,.T.);
#382 = VERTEX_POINT('',#383);
#383 = CARTESIAN_POINT('',(81.4,-0.6,0.7));
#384 = CIRCLE('',#385,0.7);
#385 = AXIS2_PLACEMENT_3D('',#386,#387,#388);
#386 = CARTESIAN_POINT('',(81.4,1.E-01,0.7));
#387 = DIRECTION('',(1.,0.,0.));
#388 = DIRECTION('',(0.,-1.,0.));
#389 = ORIENTED_EDGE('',*,*,#390,.T.);
#390 = EDGE_CURVE('',#382,#323,#391,.T.);
#391 = CIRCLE('',#392,3.2);
#392 = AXIS2_PLACEMENT_3D('',#393,#394,#395);
#393 = CARTESIAN_POINT('',(81.4,2.6,0.7));
#394 = DIRECTION('',(0.,0.,1.));
#395 = DIRECTION('',(-4.44E-15,-1.,0.));
#396 = ORIENTED_EDGE('',*,*,#332,.T.);
#397 = ORIENTED_EDGE('',*,*,#81,.F.);
#398 = TOROIDAL_SURFACE('',#399,2.5,0.7);
#399 = AXIS2_PLACEMENT_3D('',#400,#401,#402);
#400 = CARTESIAN_POINT('',(81.4,2.6,0.7));
#401 = DIRECTION('',(0.,0.,-1.));
#402 = DIRECTION('',(-4.44E-15,-1.,0.));
#403 = ADVANCED_FACE('',(#404),#423,.T.);
#404 = FACE_BOUND('',#405,.T.);
#405 = EDGE_LOOP('',(#406,#407,#408,#417));
#406 = ORIENTED_EDGE('',*,*,#365,.T.);
#407 = ORIENTED_EDGE('',*,*,#199,.T.);
#408 = ORIENTED_EDGE('',*,*,#409,.F.);
#409 = EDGE_CURVE('',#410,#191,#412,.T.);
#410 = VERTEX_POINT('',#411);
#411 = CARTESIAN_POINT('',(2.6,0.6,8.E-02));
#412 = CIRCLE('',#413,8.E-02);
#413 = AXIS2_PLACEMENT_3D('',#414,#415,#416);
#414 = CARTESIAN_POINT('',(2.6,0.52,8.E-02));
#415 = DIRECTION('',(-1.,0.,0.));
#416 = DIRECTION('',(0.,1.,0.));
#417 = ORIENTED_EDGE('',*,*,#418,.F.);
#418 = EDGE_CURVE('',#357,#410,#419,.T.);
#419 = LINE('',#420,#421);
#420 = CARTESIAN_POINT('',(81.4,0.6,8.E-02));
#421 = VECTOR('',#422,1.);
#422 = DIRECTION('',(-1.,0.,0.));
#423 = CYLINDRICAL_SURFACE('',#424,8.E-02);
#424 = AXIS2_PLACEMENT_3D('',#425,#426,#427);
#425 = CARTESIAN_POINT('',(81.4,0.52,8.E-02));
#426 = DIRECTION('',(-1.,0.,0.));
#427 = DIRECTION('',(0.,1.,0.));
#428 = ADVANCED_FACE('',(#429),#448,.T.);
#429 = FACE_BOUND('',#430,.T.);
#430 = EDGE_LOOP('',(#431,#440,#441,#442));
#431 = ORIENTED_EDGE('',*,*,#432,.T.);
#432 = EDGE_CURVE('',#433,#91,#435,.T.);
#433 = VERTEX_POINT('',#434);
#434 = CARTESIAN_POINT('',(2.6,-0.6,0.7));
#435 = CIRCLE('',#436,0.7);
#436 = AXIS2_PLACEMENT_3D('',#437,#438,#439);
#437 = CARTESIAN_POINT('',(2.6,0.1,0.7));
#438 = DIRECTION('',(1.,2.2E-16,0.));
#439 = DIRECTION('',(2.2E-16,-1.,0.));
#440 = ORIENTED_EDGE('',*,*,#90,.T.);
#441 = ORIENTED_EDGE('',*,*,#381,.F.);
#442 = ORIENTED_EDGE('',*,*,#443,.F.);
#443 = EDGE_CURVE('',#433,#382,#444,.T.);
#444 = LINE('',#445,#446);
#445 = CARTESIAN_POINT('',(2.6,-0.6,0.7));
#446 = VECTOR('',#447,1.);
#447 = DIRECTION('',(1.,0.,0.));
#448 = CYLINDRICAL_SURFACE('',#449,0.7);
#449 = AXIS2_PLACEMENT_3D('',#450,#451,#452);
#450 = CARTESIAN_POINT('',(2.6,1.E-01,0.7));
#451 = DIRECTION('',(1.,0.,0.));
#452 = DIRECTION('',(0.,-1.,0.));
#453 = ADVANCED_FACE('',(#454),#474,.T.);
#454 = FACE_BOUND('',#455,.F.);
#455 = EDGE_LOOP('',(#456,#457,#466,#473));
#456 = ORIENTED_EDGE('',*,*,#409,.F.);
#457 = ORIENTED_EDGE('',*,*,#458,.T.);
#458 = EDGE_CURVE('',#410,#459,#461,.T.);
#459 = VERTEX_POINT('',#460);
#460 = CARTESIAN_POINT('',(0.6,2.6,8.E-02));
#461 = CIRCLE('',#462,2.);
#462 = AXIS2_PLACEMENT_3D('',#463,#464,#465);
#463 = CARTESIAN_POINT('',(2.6,2.6,8.E-02));
#464 = DIRECTION('',(-0.,0.,-1.));
#465 = DIRECTION('',(-8.9E-16,-1.,0.));
#466 = ORIENTED_EDGE('',*,*,#467,.T.);
#467 = EDGE_CURVE('',#459,#183,#468,.T.);
#468 = CIRCLE('',#469,8.E-02);
#469 = AXIS2_PLACEMENT_3D('',#470,#471,#472);
#470 = CARTESIAN_POINT('',(0.52,2.6,8.E-02));
#471 = DIRECTION('',(8.3E-16,1.,-0.));
#472 = DIRECTION('',(-1.,8.3E-16,0.));
#473 = ORIENTED_EDGE('',*,*,#190,.F.);
#474 = TOROIDAL_SURFACE('',#475,2.08,8.E-02);
#475 = AXIS2_PLACEMENT_3D('',#476,#477,#478);
#476 = CARTESIAN_POINT('',(2.6,2.6,8.E-02));
#477 = DIRECTION('',(0.,0.,1.));
#478 = DIRECTION('',(-8.9E-16,-1.,0.));
#479 = ADVANCED_FACE('',(#480),#500,.T.);
#480 = FACE_BOUND('',#481,.F.);
#481 = EDGE_LOOP('',(#482,#491,#498,#499));
#482 = ORIENTED_EDGE('',*,*,#483,.F.);
#483 = EDGE_CURVE('',#484,#99,#486,.T.);
#484 = VERTEX_POINT('',#485);
#485 = CARTESIAN_POINT('',(-0.6,2.6,0.7));
#486 = CIRCLE('',#487,0.7);
#487 = AXIS2_PLACEMENT_3D('',#488,#489,#490);
#488 = CARTESIAN_POINT('',(0.1,2.6,0.7));
#489 = DIRECTION('',(2.8E-16,-1.,0.));
#490 = DIRECTION('',(-1.,-2.8E-16,0.));
#491 = ORIENTED_EDGE('',*,*,#492,.T.);
#492 = EDGE_CURVE('',#484,#433,#493,.T.);
#493 = CIRCLE('',#494,3.2);
#494 = AXIS2_PLACEMENT_3D('',#495,#496,#497);
#495 = CARTESIAN_POINT('',(2.6,2.6,0.7));
#496 = DIRECTION('',(0.,0.,1.));
#497 = DIRECTION('',(-1.,-2.8E-16,0.));
#498 = ORIENTED_EDGE('',*,*,#432,.T.);
#499 = ORIENTED_EDGE('',*,*,#98,.F.);
#500 = TOROIDAL_SURFACE('',#501,2.5,0.7);
#501 = AXIS2_PLACEMENT_3D('',#502,#503,#504);
#502 = CARTESIAN_POINT('',(2.6,2.6,0.7));
#503 = DIRECTION('',(0.,0.,-1.));
#504 = DIRECTION('',(-1.,-2.8E-16,0.));
#505 = ADVANCED_FACE('',(#506),#525,.T.);
#506 = FACE_BOUND('',#507,.T.);
#507 = EDGE_LOOP('',(#508,#509,#510,#519));
#508 = ORIENTED_EDGE('',*,*,#467,.T.);
#509 = ORIENTED_EDGE('',*,*,#182,.T.);
#510 = ORIENTED_EDGE('',*,*,#511,.F.);
#511 = EDGE_CURVE('',#512,#174,#514,.T.);
#512 = VERTEX_POINT('',#513);
#513 = CARTESIAN_POINT('',(0.6,49.4,8.E-02));
#514 = CIRCLE('',#515,8.E-02);
#515 = AXIS2_PLACEMENT_3D('',#516,#517,#518);
#516 = CARTESIAN_POINT('',(0.52,49.4,8.E-02));
#517 = DIRECTION('',(-0.,1.,0.));
#518 = DIRECTION('',(1.,0.,0.));
#519 = ORIENTED_EDGE('',*,*,#520,.F.);
#520 = EDGE_CURVE('',#459,#512,#521,.T.);
#521 = LINE('',#522,#523);
#522 = CARTESIAN_POINT('',(0.6,2.6,8.E-02));
#523 = VECTOR('',#524,1.);
#524 = DIRECTION('',(0.,1.,0.));
#525 = CYLINDRICAL_SURFACE('',#526,8.E-02);
#526 = AXIS2_PLACEMENT_3D('',#527,#528,#529);
#527 = CARTESIAN_POINT('',(0.52,2.6,8.E-02));
#528 = DIRECTION('',(0.,1.,0.));
#529 = DIRECTION('',(1.,0.,0.));
#530 = ADVANCED_FACE('',(#531),#550,.T.);
#531 = FACE_BOUND('',#532,.T.);
#532 = EDGE_LOOP('',(#533,#542,#543,#544));
#533 = ORIENTED_EDGE('',*,*,#534,.T.);
#534 = EDGE_CURVE('',#535,#108,#537,.T.);
#535 = VERTEX_POINT('',#536);
#536 = CARTESIAN_POINT('',(-0.6,49.4,0.7));
#537 = CIRCLE('',#538,0.7);
#538 = AXIS2_PLACEMENT_3D('',#539,#540,#541);
#539 = CARTESIAN_POINT('',(0.1,49.4,0.7));
#540 = DIRECTION('',(-1.87E-15,-1.,-0.));
#541 = DIRECTION('',(-1.,1.87E-15,0.));
#542 = ORIENTED_EDGE('',*,*,#107,.T.);
#543 = ORIENTED_EDGE('',*,*,#483,.F.);
#544 = ORIENTED_EDGE('',*,*,#545,.F.);
#545 = EDGE_CURVE('',#535,#484,#546,.T.);
#546 = LINE('',#547,#548);
#547 = CARTESIAN_POINT('',(-0.6,49.4,0.7));
#548 = VECTOR('',#549,1.);
#549 = DIRECTION('',(0.,-1.,0.));
#550 = CYLINDRICAL_SURFACE('',#551,0.7);
#551 = AXIS2_PLACEMENT_3D('',#552,#553,#554);
#552 = CARTESIAN_POINT('',(1.E-01,49.4,0.7));
#553 = DIRECTION('',(0.,-1.,0.));
#554 = DIRECTION('',(-1.,0.,0.));
#555 = ADVANCED_FACE('',(#556),#576,.T.);
#556 = FACE_BOUND('',#557,.F.);
#557 = EDGE_LOOP('',(#558,#559,#568,#575));
#558 = ORIENTED_EDGE('',*,*,#511,.F.);
#559 = ORIENTED_EDGE('',*,*,#560,.T.);
#560 = EDGE_CURVE('',#512,#561,#563,.T.);
#561 = VERTEX_POINT('',#562);
#562 = CARTESIAN_POINT('',(2.6,51.4,8.E-02));
#563 = CIRCLE('',#564,2.);
#564 = AXIS2_PLACEMENT_3D('',#565,#566,#567);
#565 = CARTESIAN_POINT('',(2.6,49.4,8.E-02));
#566 = DIRECTION('',(0.,0.,-1.));
#567 = DIRECTION('',(-1.,0.,0.));
#568 = ORIENTED_EDGE('',*,*,#569,.T.);
#569 = EDGE_CURVE('',#561,#166,#570,.T.);
#570 = CIRCLE('',#571,8.E-02);
#571 = AXIS2_PLACEMENT_3D('',#572,#573,#574);
#572 = CARTESIAN_POINT('',(2.6,51.48,8.E-02));
#573 = DIRECTION('',(1.,6.E-17,-0.));
#574 = DIRECTION('',(-6.E-17,1.,0.));
#575 = ORIENTED_EDGE('',*,*,#173,.F.);
#576 = TOROIDAL_SURFACE('',#577,2.08,8.E-02);
#577 = AXIS2_PLACEMENT_3D('',#578,#579,#580);
#578 = CARTESIAN_POINT('',(2.6,49.4,8.E-02));
#579 = DIRECTION('',(0.,0.,1.));
#580 = DIRECTION('',(-1.,0.,0.));
#581 = ADVANCED_FACE('',(#582),#602,.T.);
#582 = FACE_BOUND('',#583,.F.);
#583 = EDGE_LOOP('',(#584,#593,#600,#601));
#584 = ORIENTED_EDGE('',*,*,#585,.F.);
#585 = EDGE_CURVE('',#586,#116,#588,.T.);
#586 = VERTEX_POINT('',#587);
#587 = CARTESIAN_POINT('',(2.6,52.6,0.7));
#588 = CIRCLE('',#589,0.7);
#589 = AXIS2_PLACEMENT_3D('',#590,#591,#592);
#590 = CARTESIAN_POINT('',(2.6,51.9,0.7));
#591 = DIRECTION('',(-1.,0.,0.));
#592 = DIRECTION('',(0.,1.,0.));
#593 = ORIENTED_EDGE('',*,*,#594,.T.);
#594 = EDGE_CURVE('',#586,#535,#595,.T.);
#595 = CIRCLE('',#596,3.2);
#596 = AXIS2_PLACEMENT_3D('',#597,#598,#599);
#597 = CARTESIAN_POINT('',(2.6,49.4,0.7));
#598 = DIRECTION('',(0.,0.,1.));
#599 = DIRECTION('',(-4.2E-16,1.,0.));
#600 = ORIENTED_EDGE('',*,*,#534,.T.);
#601 = ORIENTED_EDGE('',*,*,#115,.F.);
#602 = TOROIDAL_SURFACE('',#603,2.5,0.7);
#603 = AXIS2_PLACEMENT_3D('',#604,#605,#606);
#604 = CARTESIAN_POINT('',(2.6,49.4,0.7));
#605 = DIRECTION('',(0.,0.,-1.));
#606 = DIRECTION('',(-4.2E-16,1.,0.));
#607 = ADVANCED_FACE('',(#608),#619,.T.);
#608 = FACE_BOUND('',#609,.T.);
#609 = EDGE_LOOP('',(#610,#611,#612,#613));
#610 = ORIENTED_EDGE('',*,*,#569,.T.);
#611 = ORIENTED_EDGE('',*,*,#165,.T.);
#612 = ORIENTED_EDGE('',*,*,#263,.F.);
#613 = ORIENTED_EDGE('',*,*,#614,.F.);
#614 = EDGE_CURVE('',#561,#264,#615,.T.);
#615 = LINE('',#616,#617);
#616 = CARTESIAN_POINT('',(2.6,51.4,8.E-02));
#617 = VECTOR('',#618,1.);
#618 = DIRECTION('',(1.,0.,0.));
#619 = CYLINDRICAL_SURFACE('',#620,8.E-02);
#620 = AXIS2_PLACEMENT_3D('',#621,#622,#623);
#621 = CARTESIAN_POINT('',(2.6,51.48,8.E-02));
#622 = DIRECTION('',(1.,0.,0.));
#623 = DIRECTION('',(0.,-1.,0.));
#624 = ADVANCED_FACE('',(#625),#644,.T.);
#625 = FACE_BOUND('',#626,.T.);
#626 = EDGE_LOOP('',(#627,#636,#637,#638));
#627 = ORIENTED_EDGE('',*,*,#628,.T.);
#628 = EDGE_CURVE('',#629,#125,#631,.T.);
#629 = VERTEX_POINT('',#630);
#630 = CARTESIAN_POINT('',(81.4,52.6,0.7));
#631 = CIRCLE('',#632,0.7);
#632 = AXIS2_PLACEMENT_3D('',#633,#634,#635);
#633 = CARTESIAN_POINT('',(81.4,51.9,0.7));
#634 = DIRECTION('',(-1.,-4.38E-15,-0.));
#635 = DIRECTION('',(-4.38E-15,1.,0.));
#636 = ORIENTED_EDGE('',*,*,#124,.T.);
#637 = ORIENTED_EDGE('',*,*,#585,.F.);
#638 = ORIENTED_EDGE('',*,*,#639,.F.);
#639 = EDGE_CURVE('',#629,#586,#640,.T.);
#640 = LINE('',#641,#642);
#641 = CARTESIAN_POINT('',(81.4,52.6,0.7));
#642 = VECTOR('',#643,1.);
#643 = DIRECTION('',(-1.,0.,0.));
#644 = CYLINDRICAL_SURFACE('',#645,0.7);
#645 = AXIS2_PLACEMENT_3D('',#646,#647,#648);
#646 = CARTESIAN_POINT('',(81.4,51.9,0.7));
#647 = DIRECTION('',(-1.,0.,0.));
#648 = DIRECTION('',(0.,1.,0.));
#649 = ADVANCED_FACE('',(#650),#662,.T.);
#650 = FACE_BOUND('',#651,.F.);
#651 = EDGE_LOOP('',(#652,#653,#660,#661));
#652 = ORIENTED_EDGE('',*,*,#248,.F.);
#653 = ORIENTED_EDGE('',*,*,#654,.T.);
#654 = EDGE_CURVE('',#233,#629,#655,.T.);
#655 = CIRCLE('',#656,3.2);
#656 = AXIS2_PLACEMENT_3D('',#657,#658,#659);
#657 = CARTESIAN_POINT('',(81.4,49.4,0.7));
#658 = DIRECTION('',(0.,0.,1.));
#659 = DIRECTION('',(1.,0.,0.));
#660 = ORIENTED_EDGE('',*,*,#628,.T.);
#661 = ORIENTED_EDGE('',*,*,#132,.F.);
#662 = TOROIDAL_SURFACE('',#663,2.5,0.7);
#663 = AXIS2_PLACEMENT_3D('',#664,#665,#666);
#664 = CARTESIAN_POINT('',(81.4,49.4,0.7));
#665 = DIRECTION('',(0.,0.,-1.));
#666 = DIRECTION('',(1.,0.,0.));
#667 = ADVANCED_FACE('',(#668),#720,.T.);
#668 = FACE_BOUND('',#669,.T.);
#669 = EDGE_LOOP('',(#670,#671,#672,#673,#681,#690,#698,#706,#714));
#670 = ORIENTED_EDGE('',*,*,#40,.T.);
#671 = ORIENTED_EDGE('',*,*,#149,.T.);
#672 = ORIENTED_EDGE('',*,*,#240,.F.);
#673 = ORIENTED_EDGE('',*,*,#674,.T.);
#674 = EDGE_CURVE('',#231,#675,#677,.T.);
#675 = VERTEX_POINT('',#676);
#676 = CARTESIAN_POINT('',(84.6,32.10054,4.));
#677 = LINE('',#678,#679);
#678 = CARTESIAN_POINT('',(84.6,32.10054,-0.5));
#679 = VECTOR('',#680,1.);
#680 = DIRECTION('',(0.,0.,1.));
#681 = ORIENTED_EDGE('',*,*,#682,.F.);
#682 = EDGE_CURVE('',#683,#675,#685,.T.);
#683 = VERTEX_POINT('',#684);
#684 = CARTESIAN_POINT('',(83.4,32.10054,5.2));
#685 = CIRCLE('',#686,1.2);
#686 = AXIS2_PLACEMENT_3D('',#687,#688,#689);
#687 = CARTESIAN_POINT('',(83.4,32.10054,4.));
#688 = DIRECTION('',(-0.,1.,0.));
#689 = DIRECTION('',(1.,0.,0.));
#690 = ORIENTED_EDGE('',*,*,#691,.T.);
#691 = EDGE_CURVE('',#683,#692,#694,.T.);
#692 = VERTEX_POINT('',#693);
#693 = CARTESIAN_POINT('',(83.22,32.10054,5.2));
#694 = LINE('',#695,#696);
#695 = CARTESIAN_POINT('',(62.55,32.10054,5.2));
#696 = VECTOR('',#697,1.);
#697 = DIRECTION('',(-1.,0.,0.));
#698 = ORIENTED_EDGE('',*,*,#699,.F.);
#699 = EDGE_CURVE('',#700,#692,#702,.T.);
#700 = VERTEX_POINT('',#701);
#701 = CARTESIAN_POINT('',(83.22,32.10054,4.4));
#702 = LINE('',#703,#704);
#703 = CARTESIAN_POINT('',(83.22,32.10054,4.4));
#704 = VECTOR('',#705,1.);
#705 = DIRECTION('',(0.,0.,1.));
#706 = ORIENTED_EDGE('',*,*,#707,.F.);
#707 = EDGE_CURVE('',#708,#700,#710,.T.);
#708 = VERTEX_POINT('',#709);
#709 = CARTESIAN_POINT('',(83.4,32.10054,4.4));
#710 = LINE('',#711,#712);
#711 = CARTESIAN_POINT('',(62.55,32.10054,4.4));
#712 = VECTOR('',#713,1.);
#713 = DIRECTION('',(-1.,0.,0.));
#714 = ORIENTED_EDGE('',*,*,#715,.F.);
#715 = EDGE_CURVE('',#41,#708,#716,.T.);
#716 = LINE('',#717,#718);
#717 = CARTESIAN_POINT('',(83.4,32.10054,-1.6));
#718 = VECTOR('',#719,1.);
#719 = DIRECTION('',(0.,0.,1.));
#720 = PLANE('',#721);
#721 = AXIS2_PLACEMENT_3D('',#722,#723,#724);
#722 = CARTESIAN_POINT('',(83.914625808373,32.10054,2.618061444966));
#723 = DIRECTION('',(-0.,-1.,-0.));
#724 = DIRECTION('',(0.,0.,-1.));
#725 = ADVANCED_FACE('',(#726,#847,#858,#869,#880),#950,.F.);
#726 = FACE_BOUND('',#727,.F.);
#727 = EDGE_LOOP('',(#728,#729,#737,#746,#754,#763,#771,#780,#788,#797,
    #805,#813,#827,#835));
#728 = ORIENTED_EDGE('',*,*,#707,.F.);
#729 = ORIENTED_EDGE('',*,*,#730,.T.);
#730 = EDGE_CURVE('',#708,#731,#733,.T.);
#731 = VERTEX_POINT('',#732);
#732 = CARTESIAN_POINT('',(83.4,49.4,4.4));
#733 = LINE('',#734,#735);
#734 = CARTESIAN_POINT('',(83.4,2.6,4.4));
#735 = VECTOR('',#736,1.);
#736 = DIRECTION('',(0.,1.,0.));
#737 = ORIENTED_EDGE('',*,*,#738,.T.);
#738 = EDGE_CURVE('',#731,#739,#741,.T.);
#739 = VERTEX_POINT('',#740);
#740 = CARTESIAN_POINT('',(81.4,51.4,4.4));
#741 = CIRCLE('',#742,2.);
#742 = AXIS2_PLACEMENT_3D('',#743,#744,#745);
#743 = CARTESIAN_POINT('',(81.4,49.4,4.4));
#744 = DIRECTION('',(0.,0.,1.));
#745 = DIRECTION('',(1.,0.,0.));
#746 = ORIENTED_EDGE('',*,*,#747,.F.);
#747 = EDGE_CURVE('',#748,#739,#750,.T.);
#748 = VERTEX_POINT('',#749);
#749 = CARTESIAN_POINT('',(2.6,51.4,4.4));
#750 = LINE('',#751,#752);
#751 = CARTESIAN_POINT('',(2.6,51.4,4.4));
#752 = VECTOR('',#753,1.);
#753 = DIRECTION('',(1.,0.,0.));
#754 = ORIENTED_EDGE('',*,*,#755,.T.);
#755 = EDGE_CURVE('',#748,#756,#758,.T.);
#756 = VERTEX_POINT('',#757);
#757 = CARTESIAN_POINT('',(0.6,49.4,4.4));
#758 = CIRCLE('',#759,2.);
#759 = AXIS2_PLACEMENT_3D('',#760,#761,#762);
#760 = CARTESIAN_POINT('',(2.6,49.4,4.4));
#761 = DIRECTION('',(0.,0.,1.));
#762 = DIRECTION('',(1.,0.,0.));
#763 = ORIENTED_EDGE('',*,*,#764,.F.);
#764 = EDGE_CURVE('',#765,#756,#767,.T.);
#765 = VERTEX_POINT('',#766);
#766 = CARTESIAN_POINT('',(0.6,2.6,4.4));
#767 = LINE('',#768,#769);
#768 = CARTESIAN_POINT('',(0.6,2.6,4.4));
#769 = VECTOR('',#770,1.);
#770 = DIRECTION('',(0.,1.,0.));
#771 = ORIENTED_EDGE('',*,*,#772,.T.);
#772 = EDGE_CURVE('',#765,#773,#775,.T.);
#773 = VERTEX_POINT('',#774);
#774 = CARTESIAN_POINT('',(2.6,0.6,4.4));
#775 = CIRCLE('',#776,2.);
#776 = AXIS2_PLACEMENT_3D('',#777,#778,#779);
#777 = CARTESIAN_POINT('',(2.6,2.6,4.4));
#778 = DIRECTION('',(0.,0.,1.));
#779 = DIRECTION('',(1.,0.,0.));
#780 = ORIENTED_EDGE('',*,*,#781,.T.);
#781 = EDGE_CURVE('',#773,#782,#784,.T.);
#782 = VERTEX_POINT('',#783);
#783 = CARTESIAN_POINT('',(81.4,0.6,4.4));
#784 = LINE('',#785,#786);
#785 = CARTESIAN_POINT('',(2.6,0.6,4.4));
#786 = VECTOR('',#787,1.);
#787 = DIRECTION('',(1.,0.,0.));
#788 = ORIENTED_EDGE('',*,*,#789,.T.);
#789 = EDGE_CURVE('',#782,#790,#792,.T.);
#790 = VERTEX_POINT('',#791);
#791 = CARTESIAN_POINT('',(83.4,2.6,4.4));
#792 = CIRCLE('',#793,2.);
#793 = AXIS2_PLACEMENT_3D('',#794,#795,#796);
#794 = CARTESIAN_POINT('',(81.4,2.6,4.4));
#795 = DIRECTION('',(0.,0.,1.));
#796 = DIRECTION('',(1.,0.,0.));
#797 = ORIENTED_EDGE('',*,*,#798,.T.);
#798 = EDGE_CURVE('',#790,#799,#801,.T.);
#799 = VERTEX_POINT('',#800);
#800 = CARTESIAN_POINT('',(83.4,19.90054,4.4));
#801 = LINE('',#802,#803);
#802 = CARTESIAN_POINT('',(83.4,2.6,4.4));
#803 = VECTOR('',#804,1.);
#804 = DIRECTION('',(0.,1.,0.));
#805 = ORIENTED_EDGE('',*,*,#806,.T.);
#806 = EDGE_CURVE('',#799,#807,#809,.T.);
#807 = VERTEX_POINT('',#808);
#808 = CARTESIAN_POINT('',(83.22,19.90054,4.4));
#809 = LINE('',#810,#811);
#810 = CARTESIAN_POINT('',(62.55,19.90054,4.4));
#811 = VECTOR('',#812,1.);
#812 = DIRECTION('',(-1.,0.,0.));
#813 = ORIENTED_EDGE('',*,*,#814,.F.);
#814 = EDGE_CURVE('',#815,#807,#817,.T.);
#815 = VERTEX_POINT('',#816);
#816 = CARTESIAN_POINT('',(82.98,20.02054,4.4));
#817 = B_SPLINE_CURVE_WITH_KNOTS('',8,(#818,#819,#820,#821,#822,#823,
    #824,#825,#826),.UNSPECIFIED.,.F.,.F.,(9,9),(0.,1.),
  .PIECEWISE_BEZIER_KNOTS.);
#818 = CARTESIAN_POINT('',(82.98,20.02054,4.4));
#819 = CARTESIAN_POINT('',(82.98,19.984454157496,4.4));
#820 = CARTESIAN_POINT('',(83.01592088648,19.950648903068,4.4));
#821 = CARTESIAN_POINT('',(83.045130696852,19.945222681428,4.4));
#822 = CARTESIAN_POINT('',(83.076873867409,19.917449325613,4.4));
#823 = CARTESIAN_POINT('',(83.113746943393,19.915111697982,4.4));
#824 = CARTESIAN_POINT('',(83.147879351048,19.903977450033,4.4));
#825 = CARTESIAN_POINT('',(83.184075905528,19.90054,4.4));
#826 = CARTESIAN_POINT('',(83.22,19.90054,4.4));
#827 = ORIENTED_EDGE('',*,*,#828,.T.);
#828 = EDGE_CURVE('',#815,#829,#831,.T.);
#829 = VERTEX_POINT('',#830);
#830 = CARTESIAN_POINT('',(82.98,31.98054,4.4));
#831 = LINE('',#832,#833);
#832 = CARTESIAN_POINT('',(82.98,19.90054,4.4));
#833 = VECTOR('',#834,1.);
#834 = DIRECTION('',(0.,1.,0.));
#835 = ORIENTED_EDGE('',*,*,#836,.T.);
#836 = EDGE_CURVE('',#829,#700,#837,.T.);
#837 = B_SPLINE_CURVE_WITH_KNOTS('',8,(#838,#839,#840,#841,#842,#843,
    #844,#845,#846),.UNSPECIFIED.,.F.,.F.,(9,9),(0.,1.),
  .PIECEWISE_BEZIER_KNOTS.);
#838 = CARTESIAN_POINT('',(82.98,31.98054,4.4));
#839 = CARTESIAN_POINT('',(82.98,32.016625842503,4.4));
#840 = CARTESIAN_POINT('',(83.01592088648,32.050431096931,4.4));
#841 = CARTESIAN_POINT('',(83.045130696852,32.055857318573,4.4));
#842 = CARTESIAN_POINT('',(83.076873867409,32.083630674385,4.4));
#843 = CARTESIAN_POINT('',(83.113746943393,32.08596830202,4.4));
#844 = CARTESIAN_POINT('',(83.147879351048,32.097102549966,4.4));
#845 = CARTESIAN_POINT('',(83.184075905528,32.10054,4.4));
#846 = CARTESIAN_POINT('',(83.22,32.10054,4.4));
#847 = FACE_BOUND('',#848,.F.);
#848 = EDGE_LOOP('',(#849));
#849 = ORIENTED_EDGE('',*,*,#850,.F.);
#850 = EDGE_CURVE('',#851,#851,#853,.T.);
#851 = VERTEX_POINT('',#852);
#852 = CARTESIAN_POINT('',(43.7,4.5,4.4));
#853 = CIRCLE('',#854,2.6);
#854 = AXIS2_PLACEMENT_3D('',#855,#856,#857);
#855 = CARTESIAN_POINT('',(41.1,4.5,4.4));
#856 = DIRECTION('',(0.,0.,1.));
#857 = DIRECTION('',(1.,0.,0.));
#858 = FACE_BOUND('',#859,.F.);
#859 = EDGE_LOOP('',(#860));
#860 = ORIENTED_EDGE('',*,*,#861,.F.);
#861 = EDGE_CURVE('',#862,#862,#864,.T.);
#862 = VERTEX_POINT('',#863);
#863 = CARTESIAN_POINT('',(52.2,8.80000526,4.4));
#864 = CIRCLE('',#865,2.6);
#865 = AXIS2_PLACEMENT_3D('',#866,#867,#868);
#866 = CARTESIAN_POINT('',(49.6,8.80000526,4.4));
#867 = DIRECTION('',(0.,0.,1.));
#868 = DIRECTION('',(1.,0.,0.));
#869 = FACE_BOUND('',#870,.F.);
#870 = EDGE_LOOP('',(#871));
#871 = ORIENTED_EDGE('',*,*,#872,.F.);
#872 = EDGE_CURVE('',#873,#873,#875,.T.);
#873 = VERTEX_POINT('',#874);
#874 = CARTESIAN_POINT('',(43.7,14.4,4.4));
#875 = CIRCLE('',#876,2.6);
#876 = AXIS2_PLACEMENT_3D('',#877,#878,#879);
#877 = CARTESIAN_POINT('',(41.1,14.4,4.4));
#878 = DIRECTION('',(0.,0.,1.));
#879 = DIRECTION('',(1.,0.,0.));
#880 = FACE_BOUND('',#881,.F.);
#881 = EDGE_LOOP('',(#882,#893,#901,#910,#918,#927,#935,#944));
#882 = ORIENTED_EDGE('',*,*,#883,.F.);
#883 = EDGE_CURVE('',#884,#886,#888,.T.);
#884 = VERTEX_POINT('',#885);
#885 = CARTESIAN_POINT('',(4.,20.6,4.4));
#886 = VERTEX_POINT('',#887);
#887 = CARTESIAN_POINT('',(4.3,20.3,4.4));
#888 = CIRCLE('',#889,0.3);
#889 = AXIS2_PLACEMENT_3D('',#890,#891,#892);
#890 = CARTESIAN_POINT('',(4.3,20.6,4.4));
#891 = DIRECTION('',(0.,0.,1.));
#892 = DIRECTION('',(1.,0.,0.));
#893 = ORIENTED_EDGE('',*,*,#894,.T.);
#894 = EDGE_CURVE('',#884,#895,#897,.T.);
#895 = VERTEX_POINT('',#896);
#896 = CARTESIAN_POINT('',(4.,47.8,4.4));
#897 = LINE('',#898,#899);
#898 = CARTESIAN_POINT('',(4.,23.3,4.4));
#899 = VECTOR('',#900,1.);
#900 = DIRECTION('',(0.,1.,0.));
#901 = ORIENTED_EDGE('',*,*,#902,.F.);
#902 = EDGE_CURVE('',#903,#895,#905,.T.);
#903 = VERTEX_POINT('',#904);
#904 = CARTESIAN_POINT('',(4.3,48.1,4.4));
#905 = CIRCLE('',#906,0.3);
#906 = AXIS2_PLACEMENT_3D('',#907,#908,#909);
#907 = CARTESIAN_POINT('',(4.3,47.8,4.4));
#908 = DIRECTION('',(0.,0.,1.));
#909 = DIRECTION('',(1.,0.,0.));
#910 = ORIENTED_EDGE('',*,*,#911,.F.);
#911 = EDGE_CURVE('',#912,#903,#914,.T.);
#912 = VERTEX_POINT('',#913);
#913 = CARTESIAN_POINT('',(31.5,48.1,4.4));
#914 = LINE('',#915,#916);
#915 = CARTESIAN_POINT('',(23.15,48.1,4.4));
#916 = VECTOR('',#917,1.);
#917 = DIRECTION('',(-1.,0.,0.));
#918 = ORIENTED_EDGE('',*,*,#919,.F.);
#919 = EDGE_CURVE('',#920,#912,#922,.T.);
#920 = VERTEX_POINT('',#921);
#921 = CARTESIAN_POINT('',(31.8,47.8,4.4));
#922 = CIRCLE('',#923,0.3);
#923 = AXIS2_PLACEMENT_3D('',#924,#925,#926);
#924 = CARTESIAN_POINT('',(31.5,47.8,4.4));
#925 = DIRECTION('',(0.,0.,1.));
#926 = DIRECTION('',(1.,0.,0.));
#927 = ORIENTED_EDGE('',*,*,#928,.F.);
#928 = EDGE_CURVE('',#929,#920,#931,.T.);
#929 = VERTEX_POINT('',#930);
#930 = CARTESIAN_POINT('',(31.8,20.6,4.4));
#931 = LINE('',#932,#933);
#932 = CARTESIAN_POINT('',(31.8,23.3,4.4));
#933 = VECTOR('',#934,1.);
#934 = DIRECTION('',(0.,1.,0.));
#935 = ORIENTED_EDGE('',*,*,#936,.F.);
#936 = EDGE_CURVE('',#937,#929,#939,.T.);
#937 = VERTEX_POINT('',#938);
#938 = CARTESIAN_POINT('',(31.5,20.3,4.4));
#939 = CIRCLE('',#940,0.3);
#940 = AXIS2_PLACEMENT_3D('',#941,#942,#943);
#941 = CARTESIAN_POINT('',(31.5,20.6,4.4));
#942 = DIRECTION('',(0.,0.,1.));
#943 = DIRECTION('',(1.,0.,0.));
#944 = ORIENTED_EDGE('',*,*,#945,.T.);
#945 = EDGE_CURVE('',#937,#886,#946,.T.);
#946 = LINE('',#947,#948);
#947 = CARTESIAN_POINT('',(23.15,20.3,4.4));
#948 = VECTOR('',#949,1.);
#949 = DIRECTION('',(-1.,0.,0.));
#950 = PLANE('',#951);
#951 = AXIS2_PLACEMENT_3D('',#952,#953,#954);
#952 = CARTESIAN_POINT('',(42.,26.,4.4));
#953 = DIRECTION('',(0.,0.,1.));
#954 = DIRECTION('',(1.,0.,0.));
#955 = ADVANCED_FACE('',(#956),#983,.F.);
#956 = FACE_BOUND('',#957,.F.);
#957 = EDGE_LOOP('',(#958,#959,#971));
#958 = ORIENTED_EDGE('',*,*,#836,.F.);
#959 = ORIENTED_EDGE('',*,*,#960,.T.);
#960 = EDGE_CURVE('',#829,#961,#963,.T.);
#961 = VERTEX_POINT('',#962);
#962 = CARTESIAN_POINT('',(83.1,31.98054,4.52));
#963 = B_SPLINE_CURVE_WITH_KNOTS('',6,(#964,#965,#966,#967,#968,#969,
    #970),.UNSPECIFIED.,.F.,.F.,(7,7),(0.,1.),.PIECEWISE_BEZIER_KNOTS.);
#964 = CARTESIAN_POINT('',(82.98,31.98054,4.4));
#965 = CARTESIAN_POINT('',(83.011415926536,31.98054,4.4));
#966 = CARTESIAN_POINT('',(83.042829180084,31.98054,4.409867322322));
#967 = CARTESIAN_POINT('',(83.070382817957,31.98054,4.429617182043));
#968 = CARTESIAN_POINT('',(83.090132677677,31.98054,4.457170819915));
#969 = CARTESIAN_POINT('',(83.1,31.98054,4.488584073464));
#970 = CARTESIAN_POINT('',(83.1,31.98054,4.52));
#971 = ORIENTED_EDGE('',*,*,#972,.T.);
#972 = EDGE_CURVE('',#961,#700,#973,.T.);
#973 = B_SPLINE_CURVE_WITH_KNOTS('',8,(#974,#975,#976,#977,#978,#979,
    #980,#981,#982),.UNSPECIFIED.,.F.,.F.,(9,9),(0.,1.),
  .PIECEWISE_BEZIER_KNOTS.);
#974 = CARTESIAN_POINT('',(83.1,31.98054,4.52));
#975 = CARTESIAN_POINT('',(83.1,32.004101944902,4.505));
#976 = CARTESIAN_POINT('',(83.105287294675,32.02766389722,4.49));
#977 = CARTESIAN_POINT('',(83.115861832096,32.049841588121,4.475));
#978 = CARTESIAN_POINT('',(83.131288949306,32.069251050693,4.46));
#979 = CARTESIAN_POINT('',(83.15069841188,32.084678167905,4.445));
#980 = CARTESIAN_POINT('',(83.172876102779,32.095252705324,4.43));
#981 = CARTESIAN_POINT('',(83.196438055098,32.10054,4.415));
#982 = CARTESIAN_POINT('',(83.22,32.10054,4.4));
#983 = B_SPLINE_SURFACE_WITH_KNOTS('',6,8,(
    (#984,#985,#986,#987,#988,#989,#990,#991,#992)
    ,(#993,#994,#995,#996,#997,#998,#999,#1000,#1001)
    ,(#1002,#1003,#1004,#1005,#1006,#1007,#1008,#1009,#1010)
    ,(#1011,#1012,#1013,#1014,#1015,#1016,#1017,#1018,#1019)
    ,(#1020,#1021,#1022,#1023,#1024,#1025,#1026,#1027,#1028)
    ,(#1029,#1030,#1031,#1032,#1033,#1034,#1035,#1036,#1037)
    ,(#1038,#1039,#1040,#1041,#1042,#1043,#1044,#1045,#1046
  )),.UNSPECIFIED.,.F.,.F.,.F.,(7,7),(9,9),(0.,1.),(0.,1.),
  .PIECEWISE_BEZIER_KNOTS.);
#984 = CARTESIAN_POINT('',(82.98,31.98054,4.4));
#985 = CARTESIAN_POINT('',(82.98,32.016625842503,4.4));
#986 = CARTESIAN_POINT('',(83.01592088648,32.050431096931,4.4));
#987 = CARTESIAN_POINT('',(83.045130696852,32.055857318573,4.4));
#988 = CARTESIAN_POINT('',(83.076873867409,32.083630674385,4.4));
#989 = CARTESIAN_POINT('',(83.113746943393,32.08596830202,4.4));
#990 = CARTESIAN_POINT('',(83.147879351048,32.097102549966,4.4));
#991 = CARTESIAN_POINT('',(83.184075905528,32.10054,4.4));
#992 = CARTESIAN_POINT('',(83.22,32.10054,4.4));
#993 = CARTESIAN_POINT('',(83.011415926536,31.98054,4.4));
#994 = CARTESIAN_POINT('',(83.009988935719,32.014538526237,4.4));
#995 = CARTESIAN_POINT('',(83.039377232747,32.046636563646,4.4));
#996 = CARTESIAN_POINT('',(83.064054173478,32.054854696831,4.4));
#997 = CARTESIAN_POINT('',(83.091651010992,32.081234070436,4.4));
#998 = CARTESIAN_POINT('',(83.124186493925,32.085753279667,4.4));
#999 = CARTESIAN_POINT('',(83.15489945797,32.096794242526,4.4));
#1000 = CARTESIAN_POINT('',(83.187563254607,32.10054,4.4));
#1001 = CARTESIAN_POINT('',(83.22,32.10054,4.4));
#1002 = CARTESIAN_POINT('',(83.042829180084,31.98054,4.409867322322));
#1003 = CARTESIAN_POINT('',(83.040767357779,32.012451209969,
    4.408938805172));
#1004 = CARTESIAN_POINT('',(83.062610720583,32.04175105472,
    4.410972901059));
#1005 = CARTESIAN_POINT('',(83.08211307667,32.055343643244,
    4.409739485769));
#1006 = CARTESIAN_POINT('',(83.105402325222,32.078560817881,
    4.407791588615));
#1007 = CARTESIAN_POINT('',(83.133249880051,32.086580958715,
    4.40548645053));
#1008 = CARTESIAN_POINT('',(83.161166888321,32.096702409879,
    4.403181312444));
#1009 = CARTESIAN_POINT('',(83.192557297641,32.10054,4.403429203673));
#1010 = CARTESIAN_POINT('',(83.22,32.10054,4.4));
#1011 = CARTESIAN_POINT('',(83.070382817957,31.98054,4.429617182043));
#1012 = CARTESIAN_POINT('',(83.067945309877,32.010363893703,
    4.427051534938));
#1013 = CARTESIAN_POINT('',(83.082560087405,32.038055577111,
    4.424212973903));
#1014 = CARTESIAN_POINT('',(83.098300380412,32.052642816145,
    4.420510826147));
#1015 = CARTESIAN_POINT('',(83.118223765128,32.075838382533,
    4.416408660918));
#1016 = CARTESIAN_POINT('',(83.142674542554,32.085372661004,
    4.412106486951));
#1017 = CARTESIAN_POINT('',(83.167677532477,32.096146172386,
    4.407804312985));
#1018 = CARTESIAN_POINT('',(83.193791272048,32.10054,4.403965708265));
#1019 = CARTESIAN_POINT('',(83.22,32.10054,4.4));
#1020 = CARTESIAN_POINT('',(83.090132677677,31.98054,4.457170819915));
#1021 = CARTESIAN_POINT('',(83.087083257912,32.008276577436,
    4.450949192812));
#1022 = CARTESIAN_POINT('',(83.095730035523,32.03458052616,
    4.441543806245));
#1023 = CARTESIAN_POINT('',(83.108762410751,32.049987908424,
    4.434397453756));
#1024 = CARTESIAN_POINT('',(83.126487416531,32.07324983163,
    4.427517963004));
#1025 = CARTESIAN_POINT('',(83.14882641426,32.084153379728,
    4.420771903123));
#1026 = CARTESIAN_POINT('',(83.172080731876,32.09559692495,
    4.414025843241));
#1027 = CARTESIAN_POINT('',(83.194239848292,32.10054,4.40528761102));
#1028 = CARTESIAN_POINT('',(83.22,32.10054,4.4));
#1029 = CARTESIAN_POINT('',(83.1,31.98054,4.488584073464));
#1030 = CARTESIAN_POINT('',(83.098036504592,32.006189261169,
    4.477511064281));
#1031 = CARTESIAN_POINT('',(83.10349493907,32.030356297211,
    4.466438055098));
#1032 = CARTESIAN_POINT('',(83.114281990154,32.050614612972,
    4.455365045915));
#1033 = CARTESIAN_POINT('',(83.130274562381,32.070978232412,
    4.444292036732));
#1034 = CARTESIAN_POINT('',(83.150506263905,32.084948108082,
    4.433219027549));
#1035 = CARTESIAN_POINT('',(83.173186302645,32.095526062476,
    4.422146018366));
#1036 = CARTESIAN_POINT('',(83.196877696836,32.10054,4.411073009183));
#1037 = CARTESIAN_POINT('',(83.22,32.10054,4.4));
#1038 = CARTESIAN_POINT('',(83.1,31.98054,4.52));
#1039 = CARTESIAN_POINT('',(83.1,32.004101944902,4.505));
#1040 = CARTESIAN_POINT('',(83.105287294675,32.02766389722,4.49));
#1041 = CARTESIAN_POINT('',(83.115861832096,32.049841588121,4.475));
#1042 = CARTESIAN_POINT('',(83.131288949306,32.069251050693,4.46));
#1043 = CARTESIAN_POINT('',(83.15069841188,32.084678167905,4.445));
#1044 = CARTESIAN_POINT('',(83.172876102779,32.095252705324,4.43));
#1045 = CARTESIAN_POINT('',(83.196438055098,32.10054,4.415));
#1046 = CARTESIAN_POINT('',(83.22,32.10054,4.4));
#1047 = ADVANCED_FACE('',(#1048),#1074,.T.);
#1048 = FACE_BOUND('',#1049,.F.);
#1049 = EDGE_LOOP('',(#1050,#1058,#1059,#1067));
#1050 = ORIENTED_EDGE('',*,*,#1051,.F.);
#1051 = EDGE_CURVE('',#675,#1052,#1054,.T.);
#1052 = VERTEX_POINT('',#1053);
#1053 = CARTESIAN_POINT('',(84.6,49.4,4.));
#1054 = LINE('',#1055,#1056);
#1055 = CARTESIAN_POINT('',(84.6,2.6,4.));
#1056 = VECTOR('',#1057,1.);
#1057 = DIRECTION('',(0.,1.,0.));
#1058 = ORIENTED_EDGE('',*,*,#682,.F.);
#1059 = ORIENTED_EDGE('',*,*,#1060,.T.);
#1060 = EDGE_CURVE('',#683,#1061,#1063,.T.);
#1061 = VERTEX_POINT('',#1062);
#1062 = CARTESIAN_POINT('',(83.4,49.4,5.2));
#1063 = LINE('',#1064,#1065);
#1064 = CARTESIAN_POINT('',(83.4,2.6,5.2));
#1065 = VECTOR('',#1066,1.);
#1066 = DIRECTION('',(0.,1.,0.));
#1067 = ORIENTED_EDGE('',*,*,#1068,.F.);
#1068 = EDGE_CURVE('',#1052,#1061,#1069,.T.);
#1069 = CIRCLE('',#1070,1.2);
#1070 = AXIS2_PLACEMENT_3D('',#1071,#1072,#1073);
#1071 = CARTESIAN_POINT('',(83.4,49.4,4.));
#1072 = DIRECTION('',(0.,-1.,0.));
#1073 = DIRECTION('',(1.,0.,0.));
#1074 = CYLINDRICAL_SURFACE('',#1075,1.2);
#1075 = AXIS2_PLACEMENT_3D('',#1076,#1077,#1078);
#1076 = CARTESIAN_POINT('',(83.4,2.6,4.));
#1077 = DIRECTION('',(0.,1.,0.));
#1078 = DIRECTION('',(1.,0.,0.));
#1079 = ADVANCED_FACE('',(#1080,#1196,#1207,#1218,#1229),#1299,.T.);
#1080 = FACE_BOUND('',#1081,.T.);
#1081 = EDGE_LOOP('',(#1082,#1083,#1084,#1093,#1101,#1110,#1118,#1127,
    #1135,#1144,#1152,#1160,#1175,#1183));
#1082 = ORIENTED_EDGE('',*,*,#691,.F.);
#1083 = ORIENTED_EDGE('',*,*,#1060,.T.);
#1084 = ORIENTED_EDGE('',*,*,#1085,.T.);
#1085 = EDGE_CURVE('',#1061,#1086,#1088,.T.);
#1086 = VERTEX_POINT('',#1087);
#1087 = CARTESIAN_POINT('',(81.4,51.4,5.2));
#1088 = CIRCLE('',#1089,2.);
#1089 = AXIS2_PLACEMENT_3D('',#1090,#1091,#1092);
#1090 = CARTESIAN_POINT('',(81.4,49.4,5.2));
#1091 = DIRECTION('',(0.,0.,1.));
#1092 = DIRECTION('',(1.,0.,0.));
#1093 = ORIENTED_EDGE('',*,*,#1094,.T.);
#1094 = EDGE_CURVE('',#1086,#1095,#1097,.T.);
#1095 = VERTEX_POINT('',#1096);
#1096 = CARTESIAN_POINT('',(2.6,51.4,5.2));
#1097 = LINE('',#1098,#1099);
#1098 = CARTESIAN_POINT('',(81.4,51.4,5.2));
#1099 = VECTOR('',#1100,1.);
#1100 = DIRECTION('',(-1.,0.,0.));
#1101 = ORIENTED_EDGE('',*,*,#1102,.T.);
#1102 = EDGE_CURVE('',#1095,#1103,#1105,.T.);
#1103 = VERTEX_POINT('',#1104);
#1104 = CARTESIAN_POINT('',(0.6,49.4,5.2));
#1105 = CIRCLE('',#1106,2.);
#1106 = AXIS2_PLACEMENT_3D('',#1107,#1108,#1109);
#1107 = CARTESIAN_POINT('',(2.6,49.4,5.2));
#1108 = DIRECTION('',(0.,0.,1.));
#1109 = DIRECTION('',(-4.2E-16,1.,0.));
#1110 = ORIENTED_EDGE('',*,*,#1111,.T.);
#1111 = EDGE_CURVE('',#1103,#1112,#1114,.T.);
#1112 = VERTEX_POINT('',#1113);
#1113 = CARTESIAN_POINT('',(0.6,2.6,5.2));
#1114 = LINE('',#1115,#1116);
#1115 = CARTESIAN_POINT('',(0.6,49.4,5.2));
#1116 = VECTOR('',#1117,1.);
#1117 = DIRECTION('',(0.,-1.,0.));
#1118 = ORIENTED_EDGE('',*,*,#1119,.T.);
#1119 = EDGE_CURVE('',#1112,#1120,#1122,.T.);
#1120 = VERTEX_POINT('',#1121);
#1121 = CARTESIAN_POINT('',(2.6,0.6,5.2));
#1122 = CIRCLE('',#1123,2.);
#1123 = AXIS2_PLACEMENT_3D('',#1124,#1125,#1126);
#1124 = CARTESIAN_POINT('',(2.6,2.6,5.2));
#1125 = DIRECTION('',(0.,0.,1.));
#1126 = DIRECTION('',(-1.,-2.8E-16,0.));
#1127 = ORIENTED_EDGE('',*,*,#1128,.T.);
#1128 = EDGE_CURVE('',#1120,#1129,#1131,.T.);
#1129 = VERTEX_POINT('',#1130);
#1130 = CARTESIAN_POINT('',(81.4,0.6,5.2));
#1131 = LINE('',#1132,#1133);
#1132 = CARTESIAN_POINT('',(2.6,0.6,5.2));
#1133 = VECTOR('',#1134,1.);
#1134 = DIRECTION('',(1.,0.,0.));
#1135 = ORIENTED_EDGE('',*,*,#1136,.T.);
#1136 = EDGE_CURVE('',#1129,#1137,#1139,.T.);
#1137 = VERTEX_POINT('',#1138);
#1138 = CARTESIAN_POINT('',(83.4,2.6,5.2));
#1139 = CIRCLE('',#1140,2.);
#1140 = AXIS2_PLACEMENT_3D('',#1141,#1142,#1143);
#1141 = CARTESIAN_POINT('',(81.4,2.6,5.2));
#1142 = DIRECTION('',(0.,0.,1.));
#1143 = DIRECTION('',(-4.44E-15,-1.,0.));
#1144 = ORIENTED_EDGE('',*,*,#1145,.T.);
#1145 = EDGE_CURVE('',#1137,#1146,#1148,.T.);
#1146 = VERTEX_POINT('',#1147);
#1147 = CARTESIAN_POINT('',(83.4,19.90054,5.2));
#1148 = LINE('',#1149,#1150);
#1149 = CARTESIAN_POINT('',(83.4,2.6,5.2));
#1150 = VECTOR('',#1151,1.);
#1151 = DIRECTION('',(0.,1.,0.));
#1152 = ORIENTED_EDGE('',*,*,#1153,.T.);
#1153 = EDGE_CURVE('',#1146,#1154,#1156,.T.);
#1154 = VERTEX_POINT('',#1155);
#1155 = CARTESIAN_POINT('',(83.22,19.90054,5.2));
#1156 = LINE('',#1157,#1158);
#1157 = CARTESIAN_POINT('',(62.55,19.90054,5.2));
#1158 = VECTOR('',#1159,1.);
#1159 = DIRECTION('',(-1.,0.,0.));
#1160 = ORIENTED_EDGE('',*,*,#1161,.T.);
#1161 = EDGE_CURVE('',#1154,#1162,#1164,.T.);
#1162 = VERTEX_POINT('',#1163);
#1163 = CARTESIAN_POINT('',(82.98,20.02054,5.2));
#1164 = B_SPLINE_CURVE_WITH_KNOTS('',9,(#1165,#1166,#1167,#1168,#1169,
    #1170,#1171,#1172,#1173,#1174),.UNSPECIFIED.,.F.,.F.,(10,10),(0.,1.)
  ,.PIECEWISE_BEZIER_KNOTS.);
#1165 = CARTESIAN_POINT('',(83.22,19.90054,5.2));
#1166 = CARTESIAN_POINT('',(83.18628907779,19.90054,5.2));
#1167 = CARTESIAN_POINT('',(83.152565867395,19.89862829183,5.2));
#1168 = CARTESIAN_POINT('',(83.119039034499,19.897289324647,5.2));
#1169 = CARTESIAN_POINT('',(83.084901288588,19.899762916609,5.2));
#1170 = CARTESIAN_POINT('',(83.051204844178,19.907134859151,5.2));
#1171 = CARTESIAN_POINT('',(83.017430448351,19.924567869267,5.2));
#1172 = CARTESIAN_POINT('',(82.9924454918,19.953133284416,5.2));
#1173 = CARTESIAN_POINT('',(82.98,19.986826438525,5.2));
#1174 = CARTESIAN_POINT('',(82.98,20.02054,5.2));
#1175 = ORIENTED_EDGE('',*,*,#1176,.T.);
#1176 = EDGE_CURVE('',#1162,#1177,#1179,.T.);
#1177 = VERTEX_POINT('',#1178);
#1178 = CARTESIAN_POINT('',(82.98,31.98054,5.2));
#1179 = LINE('',#1180,#1181);
#1180 = CARTESIAN_POINT('',(82.98,19.90054,5.2));
#1181 = VECTOR('',#1182,1.);
#1182 = DIRECTION('',(0.,1.,0.));
#1183 = ORIENTED_EDGE('',*,*,#1184,.F.);
#1184 = EDGE_CURVE('',#692,#1177,#1185,.T.);
#1185 = B_SPLINE_CURVE_WITH_KNOTS('',9,(#1186,#1187,#1188,#1189,#1190,
    #1191,#1192,#1193,#1194,#1195),.UNSPECIFIED.,.F.,.F.,(10,10),(0.,1.)
  ,.PIECEWISE_BEZIER_KNOTS.);
#1186 = CARTESIAN_POINT('',(83.22,32.10054,5.2));
#1187 = CARTESIAN_POINT('',(83.18628907779,32.10054,5.2));
#1188 = CARTESIAN_POINT('',(83.152565867395,32.10245170817,5.2));
#1189 = CARTESIAN_POINT('',(83.119039034499,32.103790675353,5.2));
#1190 = CARTESIAN_POINT('',(83.084901288588,32.101317083391,5.2));
#1191 = CARTESIAN_POINT('',(83.051204844178,32.093945140849,5.2));
#1192 = CARTESIAN_POINT('',(83.017430448351,32.076512130733,5.2));
#1193 = CARTESIAN_POINT('',(82.9924454918,32.047946715584,5.2));
#1194 = CARTESIAN_POINT('',(82.98,32.014253561475,5.2));
#1195 = CARTESIAN_POINT('',(82.98,31.98054,5.2));
#1196 = FACE_BOUND('',#1197,.T.);
#1197 = EDGE_LOOP('',(#1198));
#1198 = ORIENTED_EDGE('',*,*,#1199,.F.);
#1199 = EDGE_CURVE('',#1200,#1200,#1202,.T.);
#1200 = VERTEX_POINT('',#1201);
#1201 = CARTESIAN_POINT('',(43.82,4.5,5.2));
#1202 = CIRCLE('',#1203,2.72);
#1203 = AXIS2_PLACEMENT_3D('',#1204,#1205,#1206);
#1204 = CARTESIAN_POINT('',(41.1,4.5,5.2));
#1205 = DIRECTION('',(0.,0.,1.));
#1206 = DIRECTION('',(1.,0.,0.));
#1207 = FACE_BOUND('',#1208,.T.);
#1208 = EDGE_LOOP('',(#1209));
#1209 = ORIENTED_EDGE('',*,*,#1210,.F.);
#1210 = EDGE_CURVE('',#1211,#1211,#1213,.T.);
#1211 = VERTEX_POINT('',#1212);
#1212 = CARTESIAN_POINT('',(52.32,8.80000526,5.2));
#1213 = CIRCLE('',#1214,2.72);
#1214 = AXIS2_PLACEMENT_3D('',#1215,#1216,#1217);
#1215 = CARTESIAN_POINT('',(49.6,8.80000526,5.2));
#1216 = DIRECTION('',(-0.,0.,1.));
#1217 = DIRECTION('',(1.,-6.8E-16,0.));
#1218 = FACE_BOUND('',#1219,.T.);
#1219 = EDGE_LOOP('',(#1220));
#1220 = ORIENTED_EDGE('',*,*,#1221,.F.);
#1221 = EDGE_CURVE('',#1222,#1222,#1224,.T.);
#1222 = VERTEX_POINT('',#1223);
#1223 = CARTESIAN_POINT('',(43.82,14.4,5.2));
#1224 = CIRCLE('',#1225,2.72);
#1225 = AXIS2_PLACEMENT_3D('',#1226,#1227,#1228);
#1226 = CARTESIAN_POINT('',(41.1,14.4,5.2));
#1227 = DIRECTION('',(0.,0.,1.));
#1228 = DIRECTION('',(1.,0.,0.));
#1229 = FACE_BOUND('',#1230,.T.);
#1230 = EDGE_LOOP('',(#1231,#1242,#1250,#1259,#1267,#1276,#1284,#1293));
#1231 = ORIENTED_EDGE('',*,*,#1232,.F.);
#1232 = EDGE_CURVE('',#1233,#1235,#1237,.T.);
#1233 = VERTEX_POINT('',#1234);
#1234 = CARTESIAN_POINT('',(3.88,20.6,5.2));
#1235 = VERTEX_POINT('',#1236);
#1236 = CARTESIAN_POINT('',(4.3,20.18,5.2));
#1237 = CIRCLE('',#1238,0.42);
#1238 = AXIS2_PLACEMENT_3D('',#1239,#1240,#1241);
#1239 = CARTESIAN_POINT('',(4.3,20.6,5.2));
#1240 = DIRECTION('',(0.,0.,1.));
#1241 = DIRECTION('',(-1.,0.,0.));
#1242 = ORIENTED_EDGE('',*,*,#1243,.F.);
#1243 = EDGE_CURVE('',#1244,#1233,#1246,.T.);
#1244 = VERTEX_POINT('',#1245);
#1245 = CARTESIAN_POINT('',(3.88,47.8,5.2));
#1246 = LINE('',#1247,#1248);
#1247 = CARTESIAN_POINT('',(3.88,47.8,5.2));
#1248 = VECTOR('',#1249,1.);
#1249 = DIRECTION('',(0.,-1.,0.));
#1250 = ORIENTED_EDGE('',*,*,#1251,.F.);
#1251 = EDGE_CURVE('',#1252,#1244,#1254,.T.);
#1252 = VERTEX_POINT('',#1253);
#1253 = CARTESIAN_POINT('',(4.3,48.22,5.2));
#1254 = CIRCLE('',#1255,0.42);
#1255 = AXIS2_PLACEMENT_3D('',#1256,#1257,#1258);
#1256 = CARTESIAN_POINT('',(4.3,47.8,5.2));
#1257 = DIRECTION('',(0.,-0.,1.));
#1258 = DIRECTION('',(8.88E-15,1.,0.));
#1259 = ORIENTED_EDGE('',*,*,#1260,.F.);
#1260 = EDGE_CURVE('',#1261,#1252,#1263,.T.);
#1261 = VERTEX_POINT('',#1262);
#1262 = CARTESIAN_POINT('',(31.5,48.22,5.2));
#1263 = LINE('',#1264,#1265);
#1264 = CARTESIAN_POINT('',(31.5,48.22,5.2));
#1265 = VECTOR('',#1266,1.);
#1266 = DIRECTION('',(-1.,0.,0.));
#1267 = ORIENTED_EDGE('',*,*,#1268,.F.);
#1268 = EDGE_CURVE('',#1269,#1261,#1271,.T.);
#1269 = VERTEX_POINT('',#1270);
#1270 = CARTESIAN_POINT('',(31.92,47.8,5.2));
#1271 = CIRCLE('',#1272,0.42);
#1272 = AXIS2_PLACEMENT_3D('',#1273,#1274,#1275);
#1273 = CARTESIAN_POINT('',(31.5,47.8,5.2));
#1274 = DIRECTION('',(0.,0.,1.));
#1275 = DIRECTION('',(1.,0.,0.));
#1276 = ORIENTED_EDGE('',*,*,#1277,.F.);
#1277 = EDGE_CURVE('',#1278,#1269,#1280,.T.);
#1278 = VERTEX_POINT('',#1279);
#1279 = CARTESIAN_POINT('',(31.92,20.6,5.2));
#1280 = LINE('',#1281,#1282);
#1281 = CARTESIAN_POINT('',(31.92,20.6,5.2));
#1282 = VECTOR('',#1283,1.);
#1283 = DIRECTION('',(0.,1.,0.));
#1284 = ORIENTED_EDGE('',*,*,#1285,.F.);
#1285 = EDGE_CURVE('',#1286,#1278,#1288,.T.);
#1286 = VERTEX_POINT('',#1287);
#1287 = CARTESIAN_POINT('',(31.5,20.18,5.2));
#1288 = CIRCLE('',#1289,0.42);
#1289 = AXIS2_PLACEMENT_3D('',#1290,#1291,#1292);
#1290 = CARTESIAN_POINT('',(31.5,20.6,5.2));
#1291 = DIRECTION('',(-0.,0.,1.));
#1292 = DIRECTION('',(0.,-1.,0.));
#1293 = ORIENTED_EDGE('',*,*,#1294,.F.);
#1294 = EDGE_CURVE('',#1235,#1286,#1295,.T.);
#1295 = LINE('',#1296,#1297);
#1296 = CARTESIAN_POINT('',(4.3,20.18,5.2));
#1297 = VECTOR('',#1298,1.);
#1298 = DIRECTION('',(1.,0.,0.));
#1299 = PLANE('',#1300);
#1300 = AXIS2_PLACEMENT_3D('',#1301,#1302,#1303);
#1301 = CARTESIAN_POINT('',(42.,26.,5.2));
#1302 = DIRECTION('',(0.,0.,1.));
#1303 = DIRECTION('',(1.,0.,0.));
#1304 = ADVANCED_FACE('',(#1305),#1325,.T.);
#1305 = FACE_BOUND('',#1306,.T.);
#1306 = EDGE_LOOP('',(#1307,#1308,#1317,#1324));
#1307 = ORIENTED_EDGE('',*,*,#1068,.F.);
#1308 = ORIENTED_EDGE('',*,*,#1309,.T.);
#1309 = EDGE_CURVE('',#1052,#1310,#1312,.T.);
#1310 = VERTEX_POINT('',#1311);
#1311 = CARTESIAN_POINT('',(81.4,52.6,4.));
#1312 = CIRCLE('',#1313,3.2);
#1313 = AXIS2_PLACEMENT_3D('',#1314,#1315,#1316);
#1314 = CARTESIAN_POINT('',(81.4,49.4,4.));
#1315 = DIRECTION('',(0.,0.,1.));
#1316 = DIRECTION('',(1.,0.,0.));
#1317 = ORIENTED_EDGE('',*,*,#1318,.T.);
#1318 = EDGE_CURVE('',#1310,#1086,#1319,.T.);
#1319 = CIRCLE('',#1320,1.2);
#1320 = AXIS2_PLACEMENT_3D('',#1321,#1322,#1323);
#1321 = CARTESIAN_POINT('',(81.4,51.4,4.));
#1322 = DIRECTION('',(1.,4.38E-15,-0.));
#1323 = DIRECTION('',(-4.38E-15,1.,0.));
#1324 = ORIENTED_EDGE('',*,*,#1085,.F.);
#1325 = TOROIDAL_SURFACE('',#1326,2.,1.2);
#1326 = AXIS2_PLACEMENT_3D('',#1327,#1328,#1329);
#1327 = CARTESIAN_POINT('',(81.4,49.4,4.));
#1328 = DIRECTION('',(0.,0.,1.));
#1329 = DIRECTION('',(1.,0.,0.));
#1330 = ADVANCED_FACE('',(#1331),#1354,.T.);
#1331 = FACE_BOUND('',#1332,.T.);
#1332 = EDGE_LOOP('',(#1333,#1345,#1353));
#1333 = ORIENTED_EDGE('',*,*,#1334,.T.);
#1334 = EDGE_CURVE('',#1177,#1335,#1337,.T.);
#1335 = VERTEX_POINT('',#1336);
#1336 = CARTESIAN_POINT('',(83.1,31.98054,5.08));
#1337 = ( BOUNDED_CURVE() B_SPLINE_CURVE(6,(#1338,#1339,#1340,#1341,
#1342,#1343,#1344),.UNSPECIFIED.,.F.,.F.) B_SPLINE_CURVE_WITH_KNOTS((7,7
),(0.,1.570796326795),.PIECEWISE_BEZIER_KNOTS.) CURVE() 
GEOMETRIC_REPRESENTATION_ITEM() RATIONAL_B_SPLINE_CURVE((1.031393471788,
    1.010025407661,0.997924642725,0.993958444137,0.997924642725,
1.010025407661,1.031393471788)) REPRESENTATION_ITEM('') );
#1338 = CARTESIAN_POINT('',(82.98,31.98054,5.2));
#1339 = CARTESIAN_POINT('',(83.012080413978,31.98054,5.2));
#1340 = CARTESIAN_POINT('',(83.04332502871,31.98054,5.189799477924));
#1341 = CARTESIAN_POINT('',(83.070230341584,31.98054,5.170230341584));
#1342 = CARTESIAN_POINT('',(83.089799477924,31.98054,5.14332502871));
#1343 = CARTESIAN_POINT('',(83.1,31.98054,5.112080413978));
#1344 = CARTESIAN_POINT('',(83.1,31.98054,5.08));
#1345 = ORIENTED_EDGE('',*,*,#1346,.T.);
#1346 = EDGE_CURVE('',#1335,#692,#1347,.T.);
#1347 = B_SPLINE_CURVE_WITH_KNOTS('',4,(#1348,#1349,#1350,#1351,#1352),
  .UNSPECIFIED.,.F.,.F.,(5,5),(0.,1.575373320922),
  .PIECEWISE_BEZIER_KNOTS.);
#1348 = CARTESIAN_POINT('',(83.1,31.98054,5.08));
#1349 = CARTESIAN_POINT('',(83.1,32.027663889804,5.11));
#1350 = CARTESIAN_POINT('',(83.125148299336,32.075391700664,5.14));
#1351 = CARTESIAN_POINT('',(83.172876110196,32.10054,5.17));
#1352 = CARTESIAN_POINT('',(83.22,32.10054,5.2));
#1353 = ORIENTED_EDGE('',*,*,#1184,.T.);
#1354 = B_SPLINE_SURFACE_WITH_KNOTS('',8,8,(
    (#1355,#1356,#1357,#1358,#1359,#1360,#1361,#1362,#1363)
    ,(#1364,#1365,#1366,#1367,#1368,#1369,#1370,#1371,#1372)
    ,(#1373,#1374,#1375,#1376,#1377,#1378,#1379,#1380,#1381)
    ,(#1382,#1383,#1384,#1385,#1386,#1387,#1388,#1389,#1390)
    ,(#1391,#1392,#1393,#1394,#1395,#1396,#1397,#1398,#1399)
    ,(#1400,#1401,#1402,#1403,#1404,#1405,#1406,#1407,#1408)
    ,(#1409,#1410,#1411,#1412,#1413,#1414,#1415,#1416,#1417)
    ,(#1418,#1419,#1420,#1421,#1422,#1423,#1424,#1425,#1426)
    ,(#1427,#1428,#1429,#1430,#1431,#1432,#1433,#1434,#1435
  )),.UNSPECIFIED.,.F.,.F.,.F.,(9,9),(9,9),(-0.138517665929,
    0.146704309705),(-0.103842967623,7.76178455464E-02),
  .PIECEWISE_BEZIER_KNOTS.);
#1355 = CARTESIAN_POINT('',(83.112917644713,31.808040215785,
    5.238669611577));
#1356 = CARTESIAN_POINT('',(83.091620620814,31.833140235739,
    5.235749863578));
#1357 = CARTESIAN_POINT('',(83.06761268858,31.86070866488,5.228743666689
    ));
#1358 = CARTESIAN_POINT('',(83.038456501567,31.892950212682,
    5.214119208013));
#1359 = CARTESIAN_POINT('',(83.017995891853,31.917313327042,
    5.212282935019));
#1360 = CARTESIAN_POINT('',(82.983139100232,31.954710727628,
    5.189200536725));
#1361 = CARTESIAN_POINT('',(82.976233989327,31.966744728065,
    5.207801437003));
#1362 = CARTESIAN_POINT('',(82.951751499746,31.994741046079,
    5.200064894295));
#1363 = CARTESIAN_POINT('',(82.923064098847,32.026568015353,
    5.186052728587));
#1364 = CARTESIAN_POINT('',(83.107849138194,31.860015283943,
    5.185801822069));
#1365 = CARTESIAN_POINT('',(83.092595870363,31.879614522485,
    5.191945449457));
#1366 = CARTESIAN_POINT('',(83.0740015669,31.902256418494,5.193043746802
    ));
#1367 = CARTESIAN_POINT('',(83.052770921826,31.927281173495,
    5.190369326931));
#1368 = CARTESIAN_POINT('',(83.032941536417,31.951082439904,
    5.189326811654));
#1369 = CARTESIAN_POINT('',(83.008981116897,31.978541436979,
    5.182794749867));
#1370 = CARTESIAN_POINT('',(83.007959893103,31.98523378331,
    5.210046842444));
#1371 = CARTESIAN_POINT('',(82.985466452449,32.011410527242,
    5.205337455228));
#1372 = CARTESIAN_POINT('',(82.959349840012,32.040896151556,
    5.195193243587));
#1373 = CARTESIAN_POINT('',(83.103869449986,31.911001544923,
    5.134563570972));
#1374 = CARTESIAN_POINT('',(83.09638112893,31.923537248167,
    5.152346210701));
#1375 = CARTESIAN_POINT('',(83.083008329427,31.941398660764,
    5.161306930137));
#1376 = CARTESIAN_POINT('',(83.12592926527,31.908209613977,
    5.254690233521));
#1377 = CARTESIAN_POINT('',(82.986860048157,32.040109830841,
    5.074901384942));
#1378 = CARTESIAN_POINT('',(83.0726886681,31.968147182161,5.233487043717
    ));
#1379 = CARTESIAN_POINT('',(83.027759976046,32.014492272656,
    5.194094273856));
#1380 = CARTESIAN_POINT('',(83.017736540219,32.029360638405,
    5.208415589125));
#1381 = CARTESIAN_POINT('',(82.994102615061,32.05660234814,5.20202547356
    ));
#1382 = CARTESIAN_POINT('',(83.093669684117,31.967631665602,
    5.074016061006));
#1383 = CARTESIAN_POINT('',(83.080441310829,31.985373692895,
    5.083216359377));
#1384 = CARTESIAN_POINT('',(83.053553948679,32.015624184591,
    5.071909283661));
#1385 = CARTESIAN_POINT('',(82.944284472018,32.120500364726,
    4.936999065034));
#1386 = CARTESIAN_POINT('',(83.184373995875,31.908583156351,
    5.326768828661));
#1387 = CARTESIAN_POINT('',(83.018598067705,32.064042844841,
    5.104940595446));
#1388 = CARTESIAN_POINT('',(83.065986027481,32.027405861968,
    5.207410221561));
#1389 = CARTESIAN_POINT('',(83.043354626434,32.053553981481,
    5.202013389061));
#1390 = CARTESIAN_POINT('',(83.023073009882,32.077689855557,
    5.200476224053));
#1391 = CARTESIAN_POINT('',(83.118750668607,31.992226805862,
    5.066283227464));
#1392 = CARTESIAN_POINT('',(83.142941422134,31.975938333565,
    5.131552020024));
#1393 = CARTESIAN_POINT('',(83.190634700214,31.938220847973,
    5.23208747167));
#1394 = CARTESIAN_POINT('',(83.165974186571,31.96617796073,
    5.224085252786));
#1395 = CARTESIAN_POINT('',(83.02689003442,32.098520625823,5.04389136243
    ));
#1396 = CARTESIAN_POINT('',(83.114062991651,32.025341731362,
    5.206003656834));
#1397 = CARTESIAN_POINT('',(83.075417741581,32.06554185212,
    5.174405683653));
#1398 = CARTESIAN_POINT('',(83.070391397067,32.07614631247,
    5.196329597299));
#1399 = CARTESIAN_POINT('',(83.052213884414,32.098443052829,
    5.198264153155));
#1400 = CARTESIAN_POINT('',(83.070359052896,32.083549930416,
    4.948512076494));
#1401 = CARTESIAN_POINT('',(83.073912948602,32.086039014458,
    4.98286306307));
#1402 = CARTESIAN_POINT('',(83.05467049676,32.109247357914,4.9828741991)
  );
#1403 = CARTESIAN_POINT('',(83.189450883291,31.992870199285,
    5.214451423117));
#1404 = CARTESIAN_POINT('',(83.145641541918,32.037391059722,
    5.17750467459));
#1405 = CARTESIAN_POINT('',(83.120354756319,32.066853140519,
    5.167712556619));
#1406 = CARTESIAN_POINT('',(83.134486817015,32.059743455825,
    5.219482894096));
#1407 = CARTESIAN_POINT('',(83.103791059338,32.09319661432,
    5.202045725457));
#1408 = CARTESIAN_POINT('',(83.082834109737,32.117947902302,
    5.199474923812));
#1409 = CARTESIAN_POINT('',(83.087596500389,32.115241502588,
    4.929033049912));
#1410 = CARTESIAN_POINT('',(83.10740794094,32.102935108968,
    4.987756694337));
#1411 = CARTESIAN_POINT('',(83.134451799748,32.084041008181,
    5.05742171071));
#1412 = CARTESIAN_POINT('',(83.106309932226,32.115239171459,
    5.043822885659));
#1413 = CARTESIAN_POINT('',(83.149872244182,32.081757375791,
    5.13891668715));
#1414 = CARTESIAN_POINT('',(83.178704607594,32.060648831648,
    5.210590690617));
#1415 = CARTESIAN_POINT('',(83.127411383751,32.113450816751,
    5.162679216061));
#1416 = CARTESIAN_POINT('',(83.125153245648,32.121127198042,
    5.188372689628));
#1417 = CARTESIAN_POINT('',(83.112589025791,32.138238702928,
    5.198576108326));
#1418 = CARTESIAN_POINT('',(83.097300340306,32.153753998258,
    4.89829786836));
#1419 = CARTESIAN_POINT('',(83.120457227345,32.138400782094,
    4.962038066193));
#1420 = CARTESIAN_POINT('',(83.144034382039,32.122688686841,
    5.026421071508));
#1421 = CARTESIAN_POINT('',(83.165333273666,32.10893960933,
    5.087299746676));
#1422 = CARTESIAN_POINT('',(83.171369541613,32.109294631222,
    5.125490417343));
#1423 = CARTESIAN_POINT('',(83.213407330575,32.076705471587,
    5.217477985754));
#1424 = CARTESIAN_POINT('',(83.174133144772,32.118132551531,
    5.187565782584));
#1425 = CARTESIAN_POINT('',(83.173013573989,32.124870634347,
    5.214937821585));
#1426 = CARTESIAN_POINT('',(83.163537362098,32.139184272423,
    5.229751676222));
#1427 = CARTESIAN_POINT('',(83.124453639917,32.176404659541,
    4.893728948591));
#1428 = CARTESIAN_POINT('',(83.15383297404,32.155388515004,
    4.966801557153));
#1429 = CARTESIAN_POINT('',(83.184663325561,32.133068010179,
    5.042046722195));
#1430 = CARTESIAN_POINT('',(83.205721803285,32.119575821745,
    5.102650829166));
#1431 = CARTESIAN_POINT('',(83.229750446041,32.103473530598,
    5.16765293162));
#1432 = CARTESIAN_POINT('',(83.271288151129,32.071474806066,
    5.25908579053));
#1433 = CARTESIAN_POINT('',(83.236285704923,32.108910925923,
    5.235525273503));
#1434 = CARTESIAN_POINT('',(83.237208820242,32.113794212937,
    5.265959390133));
#1435 = CARTESIAN_POINT('',(83.230216506661,32.125843421682,
    5.284500791861));
#1436 = ADVANCED_FACE('',(#1437),#1448,.F.);
#1437 = FACE_BOUND('',#1438,.F.);
#1438 = EDGE_LOOP('',(#1439,#1440,#1446,#1447));
#1439 = ORIENTED_EDGE('',*,*,#972,.F.);
#1440 = ORIENTED_EDGE('',*,*,#1441,.T.);
#1441 = EDGE_CURVE('',#961,#1335,#1442,.T.);
#1442 = LINE('',#1443,#1444);
#1443 = CARTESIAN_POINT('',(83.1,31.98054,4.4));
#1444 = VECTOR('',#1445,1.);
#1445 = DIRECTION('',(0.,0.,1.));
#1446 = ORIENTED_EDGE('',*,*,#1346,.T.);
#1447 = ORIENTED_EDGE('',*,*,#699,.F.);
#1448 = CYLINDRICAL_SURFACE('',#1449,0.12);
#1449 = AXIS2_PLACEMENT_3D('',#1450,#1451,#1452);
#1450 = CARTESIAN_POINT('',(83.22,31.98054,4.4));
#1451 = DIRECTION('',(0.,0.,1.));
#1452 = DIRECTION('',(0.,1.,0.));
#1453 = ADVANCED_FACE('',(#1454),#1476,.T.);
#1454 = FACE_BOUND('',#1455,.T.);
#1455 = EDGE_LOOP('',(#1456,#1468,#1474,#1475));
#1456 = ORIENTED_EDGE('',*,*,#1457,.T.);
#1457 = EDGE_CURVE('',#1162,#1458,#1460,.T.);
#1458 = VERTEX_POINT('',#1459);
#1459 = CARTESIAN_POINT('',(83.1,20.02054,5.08));
#1460 = ( BOUNDED_CURVE() B_SPLINE_CURVE(6,(#1461,#1462,#1463,#1464,
#1465,#1466,#1467),.UNSPECIFIED.,.F.,.F.) B_SPLINE_CURVE_WITH_KNOTS((7,7
),(0.,1.570796326795),.PIECEWISE_BEZIER_KNOTS.) CURVE() 
GEOMETRIC_REPRESENTATION_ITEM() RATIONAL_B_SPLINE_CURVE((1.031393471788,
    1.010025407661,0.997924642725,0.993958444137,0.997924642725,
1.010025407661,1.031393471788)) REPRESENTATION_ITEM('') );
#1461 = CARTESIAN_POINT('',(82.98,20.02054,5.2));
#1462 = CARTESIAN_POINT('',(83.012080413978,20.02054,5.2));
#1463 = CARTESIAN_POINT('',(83.04332502871,20.02054,5.189799477924));
#1464 = CARTESIAN_POINT('',(83.070230341584,20.02054,5.170230341584));
#1465 = CARTESIAN_POINT('',(83.089799477924,20.02054,5.14332502871));
#1466 = CARTESIAN_POINT('',(83.1,20.02054,5.112080413978));
#1467 = CARTESIAN_POINT('',(83.1,20.02054,5.08));
#1468 = ORIENTED_EDGE('',*,*,#1469,.T.);
#1469 = EDGE_CURVE('',#1458,#1335,#1470,.T.);
#1470 = LINE('',#1471,#1472);
#1471 = CARTESIAN_POINT('',(83.1,19.90054,5.08));
#1472 = VECTOR('',#1473,1.);
#1473 = DIRECTION('',(0.,1.,0.));
#1474 = ORIENTED_EDGE('',*,*,#1334,.F.);
#1475 = ORIENTED_EDGE('',*,*,#1176,.F.);
#1476 = CYLINDRICAL_SURFACE('',#1477,0.12);
#1477 = AXIS2_PLACEMENT_3D('',#1478,#1479,#1480);
#1478 = CARTESIAN_POINT('',(82.98,19.90054,5.08));
#1479 = DIRECTION('',(0.,1.,0.));
#1480 = DIRECTION('',(0.,0.,1.));
#1481 = ADVANCED_FACE('',(#1482),#1494,.T.);
#1482 = FACE_BOUND('',#1483,.T.);
#1483 = EDGE_LOOP('',(#1484,#1485,#1486));
#1484 = ORIENTED_EDGE('',*,*,#1457,.F.);
#1485 = ORIENTED_EDGE('',*,*,#1161,.F.);
#1486 = ORIENTED_EDGE('',*,*,#1487,.F.);
#1487 = EDGE_CURVE('',#1458,#1154,#1488,.T.);
#1488 = B_SPLINE_CURVE_WITH_KNOTS('',4,(#1489,#1490,#1491,#1492,#1493),
  .UNSPECIFIED.,.F.,.F.,(5,5),(0.,1.575373320922),
  .PIECEWISE_BEZIER_KNOTS.);
#1489 = CARTESIAN_POINT('',(83.1,20.02054,5.08));
#1490 = CARTESIAN_POINT('',(83.1,19.973416110196,5.11));
#1491 = CARTESIAN_POINT('',(83.125148299336,19.925688299336,5.14));
#1492 = CARTESIAN_POINT('',(83.172876110196,19.90054,5.17));
#1493 = CARTESIAN_POINT('',(83.22,19.90054,5.2));
#1494 = B_SPLINE_SURFACE_WITH_KNOTS('',8,8,(
    (#1495,#1496,#1497,#1498,#1499,#1500,#1501,#1502,#1503)
    ,(#1504,#1505,#1506,#1507,#1508,#1509,#1510,#1511,#1512)
    ,(#1513,#1514,#1515,#1516,#1517,#1518,#1519,#1520,#1521)
    ,(#1522,#1523,#1524,#1525,#1526,#1527,#1528,#1529,#1530)
    ,(#1531,#1532,#1533,#1534,#1535,#1536,#1537,#1538,#1539)
    ,(#1540,#1541,#1542,#1543,#1544,#1545,#1546,#1547,#1548)
    ,(#1549,#1550,#1551,#1552,#1553,#1554,#1555,#1556,#1557)
    ,(#1558,#1559,#1560,#1561,#1562,#1563,#1564,#1565,#1566)
    ,(#1567,#1568,#1569,#1570,#1571,#1572,#1573,#1574,#1575
  )),.UNSPECIFIED.,.F.,.F.,.F.,(9,9),(9,9),(-0.138517665929,
    0.146704309705),(-7.761784554641E-02,0.103842967623),
  .PIECEWISE_BEZIER_KNOTS.);
#1495 = CARTESIAN_POINT('',(82.923064098847,19.974511984647,
    5.186052728587));
#1496 = CARTESIAN_POINT('',(82.951751499746,20.006338953921,
    5.200064894294));
#1497 = CARTESIAN_POINT('',(82.976233989324,20.034335271935,
    5.207801437001));
#1498 = CARTESIAN_POINT('',(82.98313910024,20.046369272372,
    5.189200536728));
#1499 = CARTESIAN_POINT('',(83.017995891841,20.083766672957,
    5.212282935014));
#1500 = CARTESIAN_POINT('',(83.038456501575,20.108129787317,
    5.214119208013));
#1501 = CARTESIAN_POINT('',(83.067612688574,20.14037133512,
    5.228743666688));
#1502 = CARTESIAN_POINT('',(83.091620620814,20.16793976426,
    5.235749863577));
#1503 = CARTESIAN_POINT('',(83.112917644712,20.193039784214,
    5.238669611574));
#1504 = CARTESIAN_POINT('',(82.959349840012,19.960183848444,
    5.195193243588));
#1505 = CARTESIAN_POINT('',(82.985466452454,19.989669472758,
    5.205337455229));
#1506 = CARTESIAN_POINT('',(83.007959893076,20.015846216691,
    5.21004684244));
#1507 = CARTESIAN_POINT('',(83.00898111695,20.022538563019,5.18279474988
    ));
#1508 = CARTESIAN_POINT('',(83.032941536352,20.049997560106,
    5.189326811641));
#1509 = CARTESIAN_POINT('',(83.052770921875,20.073798826492,
    5.190369326939));
#1510 = CARTESIAN_POINT('',(83.074001566875,20.098823581515,
    5.193043746798));
#1511 = CARTESIAN_POINT('',(83.092595870367,20.121465477513,
    5.191945449457));
#1512 = CARTESIAN_POINT('',(83.107849138193,20.141064716057,
    5.185801822069));
#1513 = CARTESIAN_POINT('',(82.994102615064,19.94447765186,
    5.202025473561));
#1514 = CARTESIAN_POINT('',(83.017736540199,19.971719361594,
    5.208415589124));
#1515 = CARTESIAN_POINT('',(83.027759976135,19.986587727336,
    5.194094273859));
#1516 = CARTESIAN_POINT('',(83.07268866794,20.032932817861,
    5.233487043696));
#1517 = CARTESIAN_POINT('',(82.986860048355,19.960970169123,
    5.074901384976));
#1518 = CARTESIAN_POINT('',(83.125929265115,20.09287038606,
    5.254690233493));
#1519 = CARTESIAN_POINT('',(83.083008329509,20.059681339211,
    5.161306930151));
#1520 = CARTESIAN_POINT('',(83.096381128918,20.07754275184,5.1523462107)
  );
#1521 = CARTESIAN_POINT('',(83.103869449988,20.090078455077,
    5.134563570973));
#1522 = CARTESIAN_POINT('',(83.023073009874,19.923390144442,
    5.200476224048));
#1523 = CARTESIAN_POINT('',(83.043354626484,19.947526018517,
    5.202013389059));
#1524 = CARTESIAN_POINT('',(83.065986027277,19.973674138053,
    5.20741022156));
#1525 = CARTESIAN_POINT('',(83.01859806806,19.937037155097,
    5.104940595457));
#1526 = CARTESIAN_POINT('',(83.184373995449,20.092496843743,
    5.326768828633));
#1527 = CARTESIAN_POINT('',(82.944284472358,19.88057963519,
    4.936999065067));
#1528 = CARTESIAN_POINT('',(83.053553948498,19.985455815459,
    5.071909283639));
#1529 = CARTESIAN_POINT('',(83.08044131086,20.015706307094,
    5.083216359381));
#1530 = CARTESIAN_POINT('',(83.093669684115,20.033448334398,
    5.074016061006));
#1531 = CARTESIAN_POINT('',(83.052213884424,19.902636947173,
    5.198264153162));
#1532 = CARTESIAN_POINT('',(83.070391396991,19.924933687527,
    5.196329597302));
#1533 = CARTESIAN_POINT('',(83.075417741873,19.935538147869,
    5.174405683643));
#1534 = CARTESIAN_POINT('',(83.114062991157,19.975738268689,
    5.206003656845));
#1535 = CARTESIAN_POINT('',(83.026890034996,19.902559374091,
    5.043891362434));
#1536 = CARTESIAN_POINT('',(83.165974186109,20.034902039342,
    5.224085252762));
#1537 = CARTESIAN_POINT('',(83.19063470046,20.062859151988,
    5.232087471694));
#1538 = CARTESIAN_POINT('',(83.142941422087,20.025141666443,
    5.131552020018));
#1539 = CARTESIAN_POINT('',(83.11875066861,20.008853194139,
    5.066283227465));
#1540 = CARTESIAN_POINT('',(83.08283410973,19.883132097697,
    5.199474923806));
#1541 = CARTESIAN_POINT('',(83.103791059415,19.90788338569,
    5.202045725455));
#1542 = CARTESIAN_POINT('',(83.134486816731,19.941336544164,
    5.219482894104));
#1543 = CARTESIAN_POINT('',(83.120354756798,19.934226859469,
    5.167712556605));
#1544 = CARTESIAN_POINT('',(83.145641541364,19.963688940317,
    5.177504674598));
#1545 = CARTESIAN_POINT('',(83.189450883742,20.008209800683,
    5.21445142313));
#1546 = CARTESIAN_POINT('',(83.054670496521,19.891832642103,
    4.982874199082));
#1547 = CARTESIAN_POINT('',(83.073912948653,19.91504098554,
    4.982863063075));
#1548 = CARTESIAN_POINT('',(83.070359052894,19.917530069584,
    4.948512076493));
#1549 = CARTESIAN_POINT('',(83.112589025794,19.862841297072,
    5.198576108328));
#1550 = CARTESIAN_POINT('',(83.125153245603,19.879952801951,
    5.188372689629));
#1551 = CARTESIAN_POINT('',(83.127411383917,19.887629183268,
    5.162679216062));
#1552 = CARTESIAN_POINT('',(83.17870460732,19.940431168339,
    5.210590690623));
#1553 = CARTESIAN_POINT('',(83.149872244496,19.91932262421,
    5.138916687146));
#1554 = CARTESIAN_POINT('',(83.106309931969,19.88584082854,
    5.043822885653));
#1555 = CARTESIAN_POINT('',(83.134451799884,19.917038991819,
    5.057421710717));
#1556 = CARTESIAN_POINT('',(83.107407940909,19.89814489103,
    4.987756694334));
#1557 = CARTESIAN_POINT('',(83.087596500392,19.885838497412,
    4.929033049913));
#1558 = CARTESIAN_POINT('',(83.163537362095,19.861895727576,
    5.229751676221));
#1559 = CARTESIAN_POINT('',(83.173013574003,19.876209365655,
    5.214937821585));
#1560 = CARTESIAN_POINT('',(83.174133144716,19.882947448464,
    5.187565782582));
#1561 = CARTESIAN_POINT('',(83.213407330678,19.924374528419,
    5.217477985761));
#1562 = CARTESIAN_POINT('',(83.17136954149,19.891785368774,
    5.125490417331));
#1563 = CARTESIAN_POINT('',(83.165333273764,19.89214039067,
    5.087299746685));
#1564 = CARTESIAN_POINT('',(83.144034381989,19.87839131316,
    5.026421071505));
#1565 = CARTESIAN_POINT('',(83.120457227359,19.862679217907,
    4.962038066195));
#1566 = CARTESIAN_POINT('',(83.097300340308,19.847326001743,
    4.898297868362));
#1567 = CARTESIAN_POINT('',(83.230216506657,19.875236578316,
    5.284500791858));
#1568 = CARTESIAN_POINT('',(83.23720882024,19.887285787061,
    5.265959390131));
#1569 = CARTESIAN_POINT('',(83.23628570492,19.892169074077,
    5.235525273502));
#1570 = CARTESIAN_POINT('',(83.271288151133,19.929605193931,
    5.259085790529));
#1571 = CARTESIAN_POINT('',(83.229750446036,19.897606469405,
    5.167652931622));
#1572 = CARTESIAN_POINT('',(83.205721803293,19.881504178254,
    5.102650829167));
#1573 = CARTESIAN_POINT('',(83.184663325561,19.868011989824,
    5.042046722198));
#1574 = CARTESIAN_POINT('',(83.153832974045,19.845691484998,
    4.966801557156));
#1575 = CARTESIAN_POINT('',(83.124453639922,19.824675340462,
    4.893728948595));
#1576 = ADVANCED_FACE('',(#1577),#1596,.T.);
#1577 = FACE_BOUND('',#1578,.F.);
#1578 = EDGE_LOOP('',(#1579,#1580,#1581,#1590));
#1579 = ORIENTED_EDGE('',*,*,#1318,.T.);
#1580 = ORIENTED_EDGE('',*,*,#1094,.T.);
#1581 = ORIENTED_EDGE('',*,*,#1582,.F.);
#1582 = EDGE_CURVE('',#1583,#1095,#1585,.T.);
#1583 = VERTEX_POINT('',#1584);
#1584 = CARTESIAN_POINT('',(2.6,52.6,4.));
#1585 = CIRCLE('',#1586,1.2);
#1586 = AXIS2_PLACEMENT_3D('',#1587,#1588,#1589);
#1587 = CARTESIAN_POINT('',(2.6,51.4,4.));
#1588 = DIRECTION('',(1.,0.,0.));
#1589 = DIRECTION('',(0.,1.,0.));
#1590 = ORIENTED_EDGE('',*,*,#1591,.F.);
#1591 = EDGE_CURVE('',#1310,#1583,#1592,.T.);
#1592 = LINE('',#1593,#1594);
#1593 = CARTESIAN_POINT('',(81.4,52.6,4.));
#1594 = VECTOR('',#1595,1.);
#1595 = DIRECTION('',(-1.,0.,0.));
#1596 = CYLINDRICAL_SURFACE('',#1597,1.2);
#1597 = AXIS2_PLACEMENT_3D('',#1598,#1599,#1600);
#1598 = CARTESIAN_POINT('',(81.4,51.4,4.));
#1599 = DIRECTION('',(-1.,0.,0.));
#1600 = DIRECTION('',(0.,1.,0.));
#1601 = ADVANCED_FACE('',(#1602),#1622,.T.);
#1602 = FACE_BOUND('',#1603,.T.);
#1603 = EDGE_LOOP('',(#1604,#1605,#1614,#1621));
#1604 = ORIENTED_EDGE('',*,*,#1582,.F.);
#1605 = ORIENTED_EDGE('',*,*,#1606,.T.);
#1606 = EDGE_CURVE('',#1583,#1607,#1609,.T.);
#1607 = VERTEX_POINT('',#1608);
#1608 = CARTESIAN_POINT('',(-0.6,49.4,4.));
#1609 = CIRCLE('',#1610,3.2);
#1610 = AXIS2_PLACEMENT_3D('',#1611,#1612,#1613);
#1611 = CARTESIAN_POINT('',(2.6,49.4,4.));
#1612 = DIRECTION('',(0.,0.,1.));
#1613 = DIRECTION('',(-4.2E-16,1.,0.));
#1614 = ORIENTED_EDGE('',*,*,#1615,.T.);
#1615 = EDGE_CURVE('',#1607,#1103,#1616,.T.);
#1616 = CIRCLE('',#1617,1.2);
#1617 = AXIS2_PLACEMENT_3D('',#1618,#1619,#1620);
#1618 = CARTESIAN_POINT('',(0.6,49.4,4.));
#1619 = DIRECTION('',(1.87E-15,1.,-0.));
#1620 = DIRECTION('',(-1.,1.87E-15,0.));
#1621 = ORIENTED_EDGE('',*,*,#1102,.F.);
#1622 = TOROIDAL_SURFACE('',#1623,2.,1.2);
#1623 = AXIS2_PLACEMENT_3D('',#1624,#1625,#1626);
#1624 = CARTESIAN_POINT('',(2.6,49.4,4.));
#1625 = DIRECTION('',(0.,0.,1.));
#1626 = DIRECTION('',(-4.2E-16,1.,0.));
#1627 = ADVANCED_FACE('',(#1628),#1655,.T.);
#1628 = FACE_BOUND('',#1629,.F.);
#1629 = EDGE_LOOP('',(#1630,#1640,#1647,#1648));
#1630 = ORIENTED_EDGE('',*,*,#1631,.F.);
#1631 = EDGE_CURVE('',#1632,#1634,#1636,.T.);
#1632 = VERTEX_POINT('',#1633);
#1633 = CARTESIAN_POINT('',(84.6,2.6,4.));
#1634 = VERTEX_POINT('',#1635);
#1635 = CARTESIAN_POINT('',(84.6,19.90054,4.));
#1636 = LINE('',#1637,#1638);
#1637 = CARTESIAN_POINT('',(84.6,2.6,4.));
#1638 = VECTOR('',#1639,1.);
#1639 = DIRECTION('',(0.,1.,0.));
#1640 = ORIENTED_EDGE('',*,*,#1641,.T.);
#1641 = EDGE_CURVE('',#1632,#1137,#1642,.T.);
#1642 = CIRCLE('',#1643,1.2);
#1643 = AXIS2_PLACEMENT_3D('',#1644,#1645,#1646);
#1644 = CARTESIAN_POINT('',(83.4,2.6,4.));
#1645 = DIRECTION('',(-6.E-17,-1.,0.));
#1646 = DIRECTION('',(1.,-6.E-17,0.));
#1647 = ORIENTED_EDGE('',*,*,#1145,.T.);
#1648 = ORIENTED_EDGE('',*,*,#1649,.T.);
#1649 = EDGE_CURVE('',#1146,#1634,#1650,.T.);
#1650 = CIRCLE('',#1651,1.2);
#1651 = AXIS2_PLACEMENT_3D('',#1652,#1653,#1654);
#1652 = CARTESIAN_POINT('',(83.4,19.90054,4.));
#1653 = DIRECTION('',(-0.,1.,0.));
#1654 = DIRECTION('',(1.,0.,0.));
#1655 = CYLINDRICAL_SURFACE('',#1656,1.2);
#1656 = AXIS2_PLACEMENT_3D('',#1657,#1658,#1659);
#1657 = CARTESIAN_POINT('',(83.4,2.6,4.));
#1658 = DIRECTION('',(0.,1.,0.));
#1659 = DIRECTION('',(1.,0.,0.));
#1660 = ADVANCED_FACE('',(#1661),#1680,.T.);
#1661 = FACE_BOUND('',#1662,.F.);
#1662 = EDGE_LOOP('',(#1663,#1664,#1665,#1674));
#1663 = ORIENTED_EDGE('',*,*,#1615,.T.);
#1664 = ORIENTED_EDGE('',*,*,#1111,.T.);
#1665 = ORIENTED_EDGE('',*,*,#1666,.F.);
#1666 = EDGE_CURVE('',#1667,#1112,#1669,.T.);
#1667 = VERTEX_POINT('',#1668);
#1668 = CARTESIAN_POINT('',(-0.6,2.6,4.));
#1669 = CIRCLE('',#1670,1.2);
#1670 = AXIS2_PLACEMENT_3D('',#1671,#1672,#1673);
#1671 = CARTESIAN_POINT('',(0.6,2.6,4.));
#1672 = DIRECTION('',(-2.8E-16,1.,0.));
#1673 = DIRECTION('',(-1.,-2.8E-16,0.));
#1674 = ORIENTED_EDGE('',*,*,#1675,.F.);
#1675 = EDGE_CURVE('',#1607,#1667,#1676,.T.);
#1676 = LINE('',#1677,#1678);
#1677 = CARTESIAN_POINT('',(-0.6,49.4,4.));
#1678 = VECTOR('',#1679,1.);
#1679 = DIRECTION('',(0.,-1.,0.));
#1680 = CYLINDRICAL_SURFACE('',#1681,1.2);
#1681 = AXIS2_PLACEMENT_3D('',#1682,#1683,#1684);
#1682 = CARTESIAN_POINT('',(0.6,49.4,4.));
#1683 = DIRECTION('',(0.,-1.,0.));
#1684 = DIRECTION('',(-1.,0.,0.));
#1685 = ADVANCED_FACE('',(#1686),#1706,.T.);
#1686 = FACE_BOUND('',#1687,.T.);
#1687 = EDGE_LOOP('',(#1688,#1697,#1704,#1705));
#1688 = ORIENTED_EDGE('',*,*,#1689,.F.);
#1689 = EDGE_CURVE('',#1690,#1129,#1692,.T.);
#1690 = VERTEX_POINT('',#1691);
#1691 = CARTESIAN_POINT('',(81.4,-0.6,4.));
#1692 = CIRCLE('',#1693,1.2);
#1693 = AXIS2_PLACEMENT_3D('',#1694,#1695,#1696);
#1694 = CARTESIAN_POINT('',(81.4,0.6,4.));
#1695 = DIRECTION('',(-1.,0.,0.));
#1696 = DIRECTION('',(0.,-1.,0.));
#1697 = ORIENTED_EDGE('',*,*,#1698,.T.);
#1698 = EDGE_CURVE('',#1690,#1632,#1699,.T.);
#1699 = CIRCLE('',#1700,3.2);
#1700 = AXIS2_PLACEMENT_3D('',#1701,#1702,#1703);
#1701 = CARTESIAN_POINT('',(81.4,2.6,4.));
#1702 = DIRECTION('',(0.,0.,1.));
#1703 = DIRECTION('',(-4.44E-15,-1.,0.));
#1704 = ORIENTED_EDGE('',*,*,#1641,.T.);
#1705 = ORIENTED_EDGE('',*,*,#1136,.F.);
#1706 = TOROIDAL_SURFACE('',#1707,2.,1.2);
#1707 = AXIS2_PLACEMENT_3D('',#1708,#1709,#1710);
#1708 = CARTESIAN_POINT('',(81.4,2.6,4.));
#1709 = DIRECTION('',(0.,0.,1.));
#1710 = DIRECTION('',(-4.44E-15,-1.,0.));
#1711 = ADVANCED_FACE('',(#1712),#1732,.T.);
#1712 = FACE_BOUND('',#1713,.T.);
#1713 = EDGE_LOOP('',(#1714,#1715,#1724,#1731));
#1714 = ORIENTED_EDGE('',*,*,#1666,.F.);
#1715 = ORIENTED_EDGE('',*,*,#1716,.T.);
#1716 = EDGE_CURVE('',#1667,#1717,#1719,.T.);
#1717 = VERTEX_POINT('',#1718);
#1718 = CARTESIAN_POINT('',(2.6,-0.6,4.));
#1719 = CIRCLE('',#1720,3.2);
#1720 = AXIS2_PLACEMENT_3D('',#1721,#1722,#1723);
#1721 = CARTESIAN_POINT('',(2.6,2.6,4.));
#1722 = DIRECTION('',(0.,0.,1.));
#1723 = DIRECTION('',(-1.,-2.8E-16,0.));
#1724 = ORIENTED_EDGE('',*,*,#1725,.T.);
#1725 = EDGE_CURVE('',#1717,#1120,#1726,.T.);
#1726 = CIRCLE('',#1727,1.2);
#1727 = AXIS2_PLACEMENT_3D('',#1728,#1729,#1730);
#1728 = CARTESIAN_POINT('',(2.6,0.6,4.));
#1729 = DIRECTION('',(-1.,-2.2E-16,0.));
#1730 = DIRECTION('',(2.2E-16,-1.,0.));
#1731 = ORIENTED_EDGE('',*,*,#1119,.F.);
#1732 = TOROIDAL_SURFACE('',#1733,2.,1.2);
#1733 = AXIS2_PLACEMENT_3D('',#1734,#1735,#1736);
#1734 = CARTESIAN_POINT('',(2.6,2.6,4.));
#1735 = DIRECTION('',(0.,0.,1.));
#1736 = DIRECTION('',(-1.,-2.8E-16,0.));
#1737 = ADVANCED_FACE('',(#1738),#1749,.T.);
#1738 = FACE_BOUND('',#1739,.F.);
#1739 = EDGE_LOOP('',(#1740,#1741,#1742,#1743));
#1740 = ORIENTED_EDGE('',*,*,#1725,.T.);
#1741 = ORIENTED_EDGE('',*,*,#1128,.T.);
#1742 = ORIENTED_EDGE('',*,*,#1689,.F.);
#1743 = ORIENTED_EDGE('',*,*,#1744,.F.);
#1744 = EDGE_CURVE('',#1717,#1690,#1745,.T.);
#1745 = LINE('',#1746,#1747);
#1746 = CARTESIAN_POINT('',(2.6,-0.6,4.));
#1747 = VECTOR('',#1748,1.);
#1748 = DIRECTION('',(1.,0.,0.));
#1749 = CYLINDRICAL_SURFACE('',#1750,1.2);
#1750 = AXIS2_PLACEMENT_3D('',#1751,#1752,#1753);
#1751 = CARTESIAN_POINT('',(2.6,0.6,4.));
#1752 = DIRECTION('',(1.,0.,0.));
#1753 = DIRECTION('',(0.,-1.,0.));
#1754 = ADVANCED_FACE('',(#1755),#1775,.T.);
#1755 = FACE_BOUND('',#1756,.T.);
#1756 = EDGE_LOOP('',(#1757,#1766,#1767,#1768));
#1757 = ORIENTED_EDGE('',*,*,#1758,.F.);
#1758 = EDGE_CURVE('',#1200,#1759,#1761,.T.);
#1759 = VERTEX_POINT('',#1760);
#1760 = CARTESIAN_POINT('',(43.7,4.5,5.08));
#1761 = CIRCLE('',#1762,0.12);
#1762 = AXIS2_PLACEMENT_3D('',#1763,#1764,#1765);
#1763 = CARTESIAN_POINT('',(43.82,4.5,5.08));
#1764 = DIRECTION('',(0.,-1.,0.));
#1765 = DIRECTION('',(1.,0.,0.));
#1766 = ORIENTED_EDGE('',*,*,#1199,.T.);
#1767 = ORIENTED_EDGE('',*,*,#1758,.T.);
#1768 = ORIENTED_EDGE('',*,*,#1769,.F.);
#1769 = EDGE_CURVE('',#1759,#1759,#1770,.T.);
#1770 = CIRCLE('',#1771,2.6);
#1771 = AXIS2_PLACEMENT_3D('',#1772,#1773,#1774);
#1772 = CARTESIAN_POINT('',(41.1,4.5,5.08));
#1773 = DIRECTION('',(0.,0.,1.));
#1774 = DIRECTION('',(1.,0.,0.));
#1775 = TOROIDAL_SURFACE('',#1776,2.72,0.12);
#1776 = AXIS2_PLACEMENT_3D('',#1777,#1778,#1779);
#1777 = CARTESIAN_POINT('',(41.1,4.5,5.08));
#1778 = DIRECTION('',(0.,0.,1.));
#1779 = DIRECTION('',(1.,0.,0.));
#1780 = ADVANCED_FACE('',(#1781),#1801,.T.);
#1781 = FACE_BOUND('',#1782,.T.);
#1782 = EDGE_LOOP('',(#1783,#1792,#1793,#1794));
#1783 = ORIENTED_EDGE('',*,*,#1784,.F.);
#1784 = EDGE_CURVE('',#1211,#1785,#1787,.T.);
#1785 = VERTEX_POINT('',#1786);
#1786 = CARTESIAN_POINT('',(52.2,8.80000526,5.08));
#1787 = CIRCLE('',#1788,0.12);
#1788 = AXIS2_PLACEMENT_3D('',#1789,#1790,#1791);
#1789 = CARTESIAN_POINT('',(52.32,8.80000526,5.08));
#1790 = DIRECTION('',(-6.8E-16,-1.,0.));
#1791 = DIRECTION('',(1.,-6.8E-16,0.));
#1792 = ORIENTED_EDGE('',*,*,#1210,.T.);
#1793 = ORIENTED_EDGE('',*,*,#1784,.T.);
#1794 = ORIENTED_EDGE('',*,*,#1795,.F.);
#1795 = EDGE_CURVE('',#1785,#1785,#1796,.T.);
#1796 = CIRCLE('',#1797,2.6);
#1797 = AXIS2_PLACEMENT_3D('',#1798,#1799,#1800);
#1798 = CARTESIAN_POINT('',(49.6,8.80000526,5.08));
#1799 = DIRECTION('',(-0.,0.,1.));
#1800 = DIRECTION('',(1.,-6.8E-16,0.));
#1801 = TOROIDAL_SURFACE('',#1802,2.72,0.12);
#1802 = AXIS2_PLACEMENT_3D('',#1803,#1804,#1805);
#1803 = CARTESIAN_POINT('',(49.6,8.80000526,5.08));
#1804 = DIRECTION('',(0.,0.,1.));
#1805 = DIRECTION('',(1.,-6.8E-16,0.));
#1806 = ADVANCED_FACE('',(#1807),#1827,.T.);
#1807 = FACE_BOUND('',#1808,.T.);
#1808 = EDGE_LOOP('',(#1809,#1818,#1819,#1820));
#1809 = ORIENTED_EDGE('',*,*,#1810,.F.);
#1810 = EDGE_CURVE('',#1222,#1811,#1813,.T.);
#1811 = VERTEX_POINT('',#1812);
#1812 = CARTESIAN_POINT('',(43.7,14.4,5.08));
#1813 = CIRCLE('',#1814,0.12);
#1814 = AXIS2_PLACEMENT_3D('',#1815,#1816,#1817);
#1815 = CARTESIAN_POINT('',(43.82,14.4,5.08));
#1816 = DIRECTION('',(0.,-1.,0.));
#1817 = DIRECTION('',(1.,0.,0.));
#1818 = ORIENTED_EDGE('',*,*,#1221,.T.);
#1819 = ORIENTED_EDGE('',*,*,#1810,.T.);
#1820 = ORIENTED_EDGE('',*,*,#1821,.F.);
#1821 = EDGE_CURVE('',#1811,#1811,#1822,.T.);
#1822 = CIRCLE('',#1823,2.6);
#1823 = AXIS2_PLACEMENT_3D('',#1824,#1825,#1826);
#1824 = CARTESIAN_POINT('',(41.1,14.4,5.08));
#1825 = DIRECTION('',(0.,0.,1.));
#1826 = DIRECTION('',(1.,0.,0.));
#1827 = TOROIDAL_SURFACE('',#1828,2.72,0.12);
#1828 = AXIS2_PLACEMENT_3D('',#1829,#1830,#1831);
#1829 = CARTESIAN_POINT('',(41.1,14.4,5.08));
#1830 = DIRECTION('',(0.,0.,1.));
#1831 = DIRECTION('',(1.,0.,0.));
#1832 = ADVANCED_FACE('',(#1833),#1861,.T.);
#1833 = FACE_BOUND('',#1834,.T.);
#1834 = EDGE_LOOP('',(#1835,#1844,#1845,#1854));
#1835 = ORIENTED_EDGE('',*,*,#1836,.F.);
#1836 = EDGE_CURVE('',#1233,#1837,#1839,.T.);
#1837 = VERTEX_POINT('',#1838);
#1838 = CARTESIAN_POINT('',(4.,20.6,5.08));
#1839 = CIRCLE('',#1840,0.12);
#1840 = AXIS2_PLACEMENT_3D('',#1841,#1842,#1843);
#1841 = CARTESIAN_POINT('',(3.88,20.6,5.08));
#1842 = DIRECTION('',(0.,1.,-0.));
#1843 = DIRECTION('',(-1.,0.,0.));
#1844 = ORIENTED_EDGE('',*,*,#1232,.T.);
#1845 = ORIENTED_EDGE('',*,*,#1846,.T.);
#1846 = EDGE_CURVE('',#1235,#1847,#1849,.T.);
#1847 = VERTEX_POINT('',#1848);
#1848 = CARTESIAN_POINT('',(4.3,20.3,5.08));
#1849 = CIRCLE('',#1850,0.12);
#1850 = AXIS2_PLACEMENT_3D('',#1851,#1852,#1853);
#1851 = CARTESIAN_POINT('',(4.3,20.18,5.08));
#1852 = DIRECTION('',(-1.,6.E-17,0.));
#1853 = DIRECTION('',(-6.E-17,-1.,0.));
#1854 = ORIENTED_EDGE('',*,*,#1855,.F.);
#1855 = EDGE_CURVE('',#1837,#1847,#1856,.T.);
#1856 = CIRCLE('',#1857,0.3);
#1857 = AXIS2_PLACEMENT_3D('',#1858,#1859,#1860);
#1858 = CARTESIAN_POINT('',(4.3,20.6,5.08));
#1859 = DIRECTION('',(0.,0.,1.));
#1860 = DIRECTION('',(-1.,0.,0.));
#1861 = TOROIDAL_SURFACE('',#1862,0.42,0.12);
#1862 = AXIS2_PLACEMENT_3D('',#1863,#1864,#1865);
#1863 = CARTESIAN_POINT('',(4.3,20.6,5.08));
#1864 = DIRECTION('',(0.,0.,1.));
#1865 = DIRECTION('',(-1.,0.,0.));
#1866 = ADVANCED_FACE('',(#1867),#1886,.T.);
#1867 = FACE_BOUND('',#1868,.F.);
#1868 = EDGE_LOOP('',(#1869,#1878,#1884,#1885));
#1869 = ORIENTED_EDGE('',*,*,#1870,.T.);
#1870 = EDGE_CURVE('',#1244,#1871,#1873,.T.);
#1871 = VERTEX_POINT('',#1872);
#1872 = CARTESIAN_POINT('',(4.,47.8,5.08));
#1873 = CIRCLE('',#1874,0.12);
#1874 = AXIS2_PLACEMENT_3D('',#1875,#1876,#1877);
#1875 = CARTESIAN_POINT('',(3.88,47.8,5.08));
#1876 = DIRECTION('',(-1.459E-14,1.,0.));
#1877 = DIRECTION('',(-1.,-1.459E-14,0.));
#1878 = ORIENTED_EDGE('',*,*,#1879,.T.);
#1879 = EDGE_CURVE('',#1871,#1837,#1880,.T.);
#1880 = LINE('',#1881,#1882);
#1881 = CARTESIAN_POINT('',(4.,47.8,5.08));
#1882 = VECTOR('',#1883,1.);
#1883 = DIRECTION('',(0.,-1.,0.));
#1884 = ORIENTED_EDGE('',*,*,#1836,.F.);
#1885 = ORIENTED_EDGE('',*,*,#1243,.F.);
#1886 = CYLINDRICAL_SURFACE('',#1887,0.12);
#1887 = AXIS2_PLACEMENT_3D('',#1888,#1889,#1890);
#1888 = CARTESIAN_POINT('',(3.88,47.8,5.08));
#1889 = DIRECTION('',(0.,-1.,0.));
#1890 = DIRECTION('',(0.,0.,1.));
#1891 = ADVANCED_FACE('',(#1892),#1911,.T.);
#1892 = FACE_BOUND('',#1893,.F.);
#1893 = EDGE_LOOP('',(#1894,#1895,#1903,#1910));
#1894 = ORIENTED_EDGE('',*,*,#1846,.T.);
#1895 = ORIENTED_EDGE('',*,*,#1896,.T.);
#1896 = EDGE_CURVE('',#1847,#1897,#1899,.T.);
#1897 = VERTEX_POINT('',#1898);
#1898 = CARTESIAN_POINT('',(31.5,20.3,5.08));
#1899 = LINE('',#1900,#1901);
#1900 = CARTESIAN_POINT('',(4.3,20.3,5.08));
#1901 = VECTOR('',#1902,1.);
#1902 = DIRECTION('',(1.,0.,0.));
#1903 = ORIENTED_EDGE('',*,*,#1904,.F.);
#1904 = EDGE_CURVE('',#1286,#1897,#1905,.T.);
#1905 = CIRCLE('',#1906,0.12);
#1906 = AXIS2_PLACEMENT_3D('',#1907,#1908,#1909);
#1907 = CARTESIAN_POINT('',(31.5,20.18,5.08));
#1908 = DIRECTION('',(-1.,0.,0.));
#1909 = DIRECTION('',(0.,0.,1.));
#1910 = ORIENTED_EDGE('',*,*,#1294,.F.);
#1911 = CYLINDRICAL_SURFACE('',#1912,0.12);
#1912 = AXIS2_PLACEMENT_3D('',#1913,#1914,#1915);
#1913 = CARTESIAN_POINT('',(4.3,20.18,5.08));
#1914 = DIRECTION('',(1.,0.,0.));
#1915 = DIRECTION('',(0.,0.,1.));
#1916 = ADVANCED_FACE('',(#1917),#1937,.T.);
#1917 = FACE_BOUND('',#1918,.T.);
#1918 = EDGE_LOOP('',(#1919,#1928,#1929,#1930));
#1919 = ORIENTED_EDGE('',*,*,#1920,.F.);
#1920 = EDGE_CURVE('',#1252,#1921,#1923,.T.);
#1921 = VERTEX_POINT('',#1922);
#1922 = CARTESIAN_POINT('',(4.3,48.1,5.08));
#1923 = CIRCLE('',#1924,0.12);
#1924 = AXIS2_PLACEMENT_3D('',#1925,#1926,#1927);
#1925 = CARTESIAN_POINT('',(4.3,48.22,5.08));
#1926 = DIRECTION('',(1.,0.,-0.));
#1927 = DIRECTION('',(0.,0.,1.));
#1928 = ORIENTED_EDGE('',*,*,#1251,.T.);
#1929 = ORIENTED_EDGE('',*,*,#1870,.T.);
#1930 = ORIENTED_EDGE('',*,*,#1931,.F.);
#1931 = EDGE_CURVE('',#1921,#1871,#1932,.T.);
#1932 = CIRCLE('',#1933,0.3);
#1933 = AXIS2_PLACEMENT_3D('',#1934,#1935,#1936);
#1934 = CARTESIAN_POINT('',(4.3,47.8,5.08));
#1935 = DIRECTION('',(0.,-0.,1.));
#1936 = DIRECTION('',(8.88E-15,1.,0.));
#1937 = TOROIDAL_SURFACE('',#1938,0.42,0.12);
#1938 = AXIS2_PLACEMENT_3D('',#1939,#1940,#1941);
#1939 = CARTESIAN_POINT('',(4.3,47.8,5.08));
#1940 = DIRECTION('',(0.,0.,1.));
#1941 = DIRECTION('',(8.88E-15,1.,0.));
#1942 = ADVANCED_FACE('',(#1943),#1963,.T.);
#1943 = FACE_BOUND('',#1944,.T.);
#1944 = EDGE_LOOP('',(#1945,#1946,#1947,#1956));
#1945 = ORIENTED_EDGE('',*,*,#1904,.F.);
#1946 = ORIENTED_EDGE('',*,*,#1285,.T.);
#1947 = ORIENTED_EDGE('',*,*,#1948,.T.);
#1948 = EDGE_CURVE('',#1278,#1949,#1951,.T.);
#1949 = VERTEX_POINT('',#1950);
#1950 = CARTESIAN_POINT('',(31.8,20.6,5.08));
#1951 = CIRCLE('',#1952,0.12);
#1952 = AXIS2_PLACEMENT_3D('',#1953,#1954,#1955);
#1953 = CARTESIAN_POINT('',(31.92,20.6,5.08));
#1954 = DIRECTION('',(-6.E-17,-1.,0.));
#1955 = DIRECTION('',(1.,-6.E-17,0.));
#1956 = ORIENTED_EDGE('',*,*,#1957,.F.);
#1957 = EDGE_CURVE('',#1897,#1949,#1958,.T.);
#1958 = CIRCLE('',#1959,0.3);
#1959 = AXIS2_PLACEMENT_3D('',#1960,#1961,#1962);
#1960 = CARTESIAN_POINT('',(31.5,20.6,5.08));
#1961 = DIRECTION('',(-0.,0.,1.));
#1962 = DIRECTION('',(0.,-1.,0.));
#1963 = TOROIDAL_SURFACE('',#1964,0.42,0.12);
#1964 = AXIS2_PLACEMENT_3D('',#1965,#1966,#1967);
#1965 = CARTESIAN_POINT('',(31.5,20.6,5.08));
#1966 = DIRECTION('',(0.,0.,1.));
#1967 = DIRECTION('',(0.,-1.,0.));
#1968 = ADVANCED_FACE('',(#1969),#1988,.T.);
#1969 = FACE_BOUND('',#1970,.F.);
#1970 = EDGE_LOOP('',(#1971,#1980,#1986,#1987));
#1971 = ORIENTED_EDGE('',*,*,#1972,.T.);
#1972 = EDGE_CURVE('',#1261,#1973,#1975,.T.);
#1973 = VERTEX_POINT('',#1974);
#1974 = CARTESIAN_POINT('',(31.5,48.1,5.08));
#1975 = CIRCLE('',#1976,0.12);
#1976 = AXIS2_PLACEMENT_3D('',#1977,#1978,#1979);
#1977 = CARTESIAN_POINT('',(31.5,48.22,5.08));
#1978 = DIRECTION('',(1.,-6.E-17,0.));
#1979 = DIRECTION('',(6.E-17,1.,0.));
#1980 = ORIENTED_EDGE('',*,*,#1981,.T.);
#1981 = EDGE_CURVE('',#1973,#1921,#1982,.T.);
#1982 = LINE('',#1983,#1984);
#1983 = CARTESIAN_POINT('',(31.5,48.1,5.08));
#1984 = VECTOR('',#1985,1.);
#1985 = DIRECTION('',(-1.,0.,0.));
#1986 = ORIENTED_EDGE('',*,*,#1920,.F.);
#1987 = ORIENTED_EDGE('',*,*,#1260,.F.);
#1988 = CYLINDRICAL_SURFACE('',#1989,0.12);
#1989 = AXIS2_PLACEMENT_3D('',#1990,#1991,#1992);
#1990 = CARTESIAN_POINT('',(31.5,48.22,5.08));
#1991 = DIRECTION('',(-1.,0.,0.));
#1992 = DIRECTION('',(0.,0.,1.));
#1993 = ADVANCED_FACE('',(#1994),#2013,.T.);
#1994 = FACE_BOUND('',#1995,.F.);
#1995 = EDGE_LOOP('',(#1996,#1997,#2005,#2012));
#1996 = ORIENTED_EDGE('',*,*,#1948,.T.);
#1997 = ORIENTED_EDGE('',*,*,#1998,.T.);
#1998 = EDGE_CURVE('',#1949,#1999,#2001,.T.);
#1999 = VERTEX_POINT('',#2000);
#2000 = CARTESIAN_POINT('',(31.8,47.8,5.08));
#2001 = LINE('',#2002,#2003);
#2002 = CARTESIAN_POINT('',(31.8,20.6,5.08));
#2003 = VECTOR('',#2004,1.);
#2004 = DIRECTION('',(0.,1.,0.));
#2005 = ORIENTED_EDGE('',*,*,#2006,.F.);
#2006 = EDGE_CURVE('',#1269,#1999,#2007,.T.);
#2007 = CIRCLE('',#2008,0.12);
#2008 = AXIS2_PLACEMENT_3D('',#2009,#2010,#2011);
#2009 = CARTESIAN_POINT('',(31.92,47.8,5.08));
#2010 = DIRECTION('',(0.,-1.,0.));
#2011 = DIRECTION('',(0.,0.,1.));
#2012 = ORIENTED_EDGE('',*,*,#1277,.F.);
#2013 = CYLINDRICAL_SURFACE('',#2014,0.12);
#2014 = AXIS2_PLACEMENT_3D('',#2015,#2016,#2017);
#2015 = CARTESIAN_POINT('',(31.92,20.6,5.08));
#2016 = DIRECTION('',(0.,1.,0.));
#2017 = DIRECTION('',(0.,0.,1.));
#2018 = ADVANCED_FACE('',(#2019),#2031,.T.);
#2019 = FACE_BOUND('',#2020,.T.);
#2020 = EDGE_LOOP('',(#2021,#2022,#2023,#2024));
#2021 = ORIENTED_EDGE('',*,*,#2006,.F.);
#2022 = ORIENTED_EDGE('',*,*,#1268,.T.);
#2023 = ORIENTED_EDGE('',*,*,#1972,.T.);
#2024 = ORIENTED_EDGE('',*,*,#2025,.F.);
#2025 = EDGE_CURVE('',#1999,#1973,#2026,.T.);
#2026 = CIRCLE('',#2027,0.3);
#2027 = AXIS2_PLACEMENT_3D('',#2028,#2029,#2030);
#2028 = CARTESIAN_POINT('',(31.5,47.8,5.08));
#2029 = DIRECTION('',(0.,0.,1.));
#2030 = DIRECTION('',(1.,0.,0.));
#2031 = TOROIDAL_SURFACE('',#2032,0.42,0.12);
#2032 = AXIS2_PLACEMENT_3D('',#2033,#2034,#2035);
#2033 = CARTESIAN_POINT('',(31.5,47.8,5.08));
#2034 = DIRECTION('',(0.,0.,1.));
#2035 = DIRECTION('',(1.,0.,0.));
#2036 = ADVANCED_FACE('',(#2037),#2055,.T.);
#2037 = FACE_BOUND('',#2038,.T.);
#2038 = EDGE_LOOP('',(#2039,#2040,#2048,#2054));
#2039 = ORIENTED_EDGE('',*,*,#1469,.F.);
#2040 = ORIENTED_EDGE('',*,*,#2041,.F.);
#2041 = EDGE_CURVE('',#2042,#1458,#2044,.T.);
#2042 = VERTEX_POINT('',#2043);
#2043 = CARTESIAN_POINT('',(83.1,20.02054,4.52));
#2044 = LINE('',#2045,#2046);
#2045 = CARTESIAN_POINT('',(83.1,20.02054,4.4));
#2046 = VECTOR('',#2047,1.);
#2047 = DIRECTION('',(0.,0.,1.));
#2048 = ORIENTED_EDGE('',*,*,#2049,.T.);
#2049 = EDGE_CURVE('',#2042,#961,#2050,.T.);
#2050 = LINE('',#2051,#2052);
#2051 = CARTESIAN_POINT('',(83.1,19.90054,4.52));
#2052 = VECTOR('',#2053,1.);
#2053 = DIRECTION('',(0.,1.,0.));
#2054 = ORIENTED_EDGE('',*,*,#1441,.T.);
#2055 = PLANE('',#2056);
#2056 = AXIS2_PLACEMENT_3D('',#2057,#2058,#2059);
#2057 = CARTESIAN_POINT('',(83.1,19.90054,-1.6));
#2058 = DIRECTION('',(1.,0.,0.));
#2059 = DIRECTION('',(0.,0.,1.));
#2060 = ADVANCED_FACE('',(#2061),#2076,.T.);
#2061 = FACE_BOUND('',#2062,.T.);
#2062 = EDGE_LOOP('',(#2063,#2064,#2074,#2075));
#2063 = ORIENTED_EDGE('',*,*,#2049,.F.);
#2064 = ORIENTED_EDGE('',*,*,#2065,.F.);
#2065 = EDGE_CURVE('',#815,#2042,#2066,.T.);
#2066 = B_SPLINE_CURVE_WITH_KNOTS('',6,(#2067,#2068,#2069,#2070,#2071,
    #2072,#2073),.UNSPECIFIED.,.F.,.F.,(7,7),(0.,1.),
  .PIECEWISE_BEZIER_KNOTS.);
#2067 = CARTESIAN_POINT('',(82.98,20.02054,4.4));
#2068 = CARTESIAN_POINT('',(83.011415926536,20.02054,4.4));
#2069 = CARTESIAN_POINT('',(83.042829180084,20.02054,4.409867322322));
#2070 = CARTESIAN_POINT('',(83.070382817957,20.02054,4.429617182043));
#2071 = CARTESIAN_POINT('',(83.090132677677,20.02054,4.457170819915));
#2072 = CARTESIAN_POINT('',(83.1,20.02054,4.488584073464));
#2073 = CARTESIAN_POINT('',(83.1,20.02054,4.52));
#2074 = ORIENTED_EDGE('',*,*,#828,.T.);
#2075 = ORIENTED_EDGE('',*,*,#960,.T.);
#2076 = CYLINDRICAL_SURFACE('',#2077,0.12);
#2077 = AXIS2_PLACEMENT_3D('',#2078,#2079,#2080);
#2078 = CARTESIAN_POINT('',(82.98,19.90054,4.52));
#2079 = DIRECTION('',(0.,1.,0.));
#2080 = DIRECTION('',(1.,0.,0.));
#2081 = ADVANCED_FACE('',(#2082),#2098,.T.);
#2082 = FACE_BOUND('',#2083,.T.);
#2083 = EDGE_LOOP('',(#2084,#2085,#2086));
#2084 = ORIENTED_EDGE('',*,*,#814,.F.);
#2085 = ORIENTED_EDGE('',*,*,#2065,.T.);
#2086 = ORIENTED_EDGE('',*,*,#2087,.T.);
#2087 = EDGE_CURVE('',#2042,#807,#2088,.T.);
#2088 = B_SPLINE_CURVE_WITH_KNOTS('',8,(#2089,#2090,#2091,#2092,#2093,
    #2094,#2095,#2096,#2097),.UNSPECIFIED.,.F.,.F.,(9,9),(0.,1.),
  .PIECEWISE_BEZIER_KNOTS.);
#2089 = CARTESIAN_POINT('',(83.1,20.02054,4.52));
#2090 = CARTESIAN_POINT('',(83.1,19.996978055098,4.505));
#2091 = CARTESIAN_POINT('',(83.105287294675,19.973416102779,4.49));
#2092 = CARTESIAN_POINT('',(83.115861832096,19.95123841188,4.475));
#2093 = CARTESIAN_POINT('',(83.131288949306,19.931828949305,4.46));
#2094 = CARTESIAN_POINT('',(83.15069841188,19.916401832096,4.445));
#2095 = CARTESIAN_POINT('',(83.172876102779,19.905827294675,4.43));
#2096 = CARTESIAN_POINT('',(83.196438055098,19.90054,4.415));
#2097 = CARTESIAN_POINT('',(83.22,19.90054,4.4));
#2098 = B_SPLINE_SURFACE_WITH_KNOTS('',6,8,(
    (#2099,#2100,#2101,#2102,#2103,#2104,#2105,#2106,#2107)
    ,(#2108,#2109,#2110,#2111,#2112,#2113,#2114,#2115,#2116)
    ,(#2117,#2118,#2119,#2120,#2121,#2122,#2123,#2124,#2125)
    ,(#2126,#2127,#2128,#2129,#2130,#2131,#2132,#2133,#2134)
    ,(#2135,#2136,#2137,#2138,#2139,#2140,#2141,#2142,#2143)
    ,(#2144,#2145,#2146,#2147,#2148,#2149,#2150,#2151,#2152)
    ,(#2153,#2154,#2155,#2156,#2157,#2158,#2159,#2160,#2161
  )),.UNSPECIFIED.,.F.,.F.,.F.,(7,7),(9,9),(0.,1.),(0.,1.),
  .PIECEWISE_BEZIER_KNOTS.);
#2099 = CARTESIAN_POINT('',(82.98,20.02054,4.4));
#2100 = CARTESIAN_POINT('',(82.98,19.984454157496,4.4));
#2101 = CARTESIAN_POINT('',(83.01592088648,19.950648903068,4.4));
#2102 = CARTESIAN_POINT('',(83.045130696852,19.945222681428,4.4));
#2103 = CARTESIAN_POINT('',(83.076873867409,19.917449325613,4.4));
#2104 = CARTESIAN_POINT('',(83.113746943393,19.915111697982,4.4));
#2105 = CARTESIAN_POINT('',(83.147879351048,19.903977450033,4.4));
#2106 = CARTESIAN_POINT('',(83.184075905528,19.90054,4.4));
#2107 = CARTESIAN_POINT('',(83.22,19.90054,4.4));
#2108 = CARTESIAN_POINT('',(83.011415926536,20.02054,4.4));
#2109 = CARTESIAN_POINT('',(83.009988935719,19.986541473763,4.4));
#2110 = CARTESIAN_POINT('',(83.039377232748,19.954443436353,4.4));
#2111 = CARTESIAN_POINT('',(83.064054173478,19.94622530317,4.4));
#2112 = CARTESIAN_POINT('',(83.091651010992,19.919845929562,4.4));
#2113 = CARTESIAN_POINT('',(83.124186493925,19.915326720334,4.4));
#2114 = CARTESIAN_POINT('',(83.15489945797,19.904285757473,4.4));
#2115 = CARTESIAN_POINT('',(83.187563254607,19.90054,4.4));
#2116 = CARTESIAN_POINT('',(83.22,19.90054,4.4));
#2117 = CARTESIAN_POINT('',(83.042829180084,20.02054,4.409867322322));
#2118 = CARTESIAN_POINT('',(83.040767357779,19.98862879003,
    4.408938805172));
#2119 = CARTESIAN_POINT('',(83.062610720584,19.959328945279,
    4.410972901059));
#2120 = CARTESIAN_POINT('',(83.08211307667,19.945736356757,
    4.409739485769));
#2121 = CARTESIAN_POINT('',(83.105402325222,19.922519182117,
    4.407791588615));
#2122 = CARTESIAN_POINT('',(83.133249880051,19.914499041286,
    4.40548645053));
#2123 = CARTESIAN_POINT('',(83.161166888321,19.90437759012,
    4.403181312444));
#2124 = CARTESIAN_POINT('',(83.192557297641,19.90054,4.403429203673));
#2125 = CARTESIAN_POINT('',(83.22,19.90054,4.4));
#2126 = CARTESIAN_POINT('',(83.070382817957,20.02054,4.429617182043));
#2127 = CARTESIAN_POINT('',(83.067945309877,19.990716106297,
    4.427051534938));
#2128 = CARTESIAN_POINT('',(83.082560087406,19.963024422889,
    4.424212973903));
#2129 = CARTESIAN_POINT('',(83.098300380412,19.948437183856,
    4.420510826147));
#2130 = CARTESIAN_POINT('',(83.118223765129,19.925241617466,
    4.416408660918));
#2131 = CARTESIAN_POINT('',(83.142674542554,19.915707338997,
    4.412106486951));
#2132 = CARTESIAN_POINT('',(83.167677532477,19.904933827613,
    4.407804312985));
#2133 = CARTESIAN_POINT('',(83.193791272048,19.90054,4.403965708265));
#2134 = CARTESIAN_POINT('',(83.22,19.90054,4.4));
#2135 = CARTESIAN_POINT('',(83.090132677677,20.02054,4.457170819915));
#2136 = CARTESIAN_POINT('',(83.087083257912,19.992803422564,
    4.450949192812));
#2137 = CARTESIAN_POINT('',(83.095730035524,19.966499473839,
    4.441543806245));
#2138 = CARTESIAN_POINT('',(83.108762410751,19.951092091577,
    4.434397453756));
#2139 = CARTESIAN_POINT('',(83.126487416532,19.927830168368,
    4.427517963004));
#2140 = CARTESIAN_POINT('',(83.148826414261,19.916926620273,
    4.420771903123));
#2141 = CARTESIAN_POINT('',(83.172080731876,19.905483075049,
    4.414025843241));
#2142 = CARTESIAN_POINT('',(83.194239848292,19.90054,4.40528761102));
#2143 = CARTESIAN_POINT('',(83.22,19.90054,4.4));
#2144 = CARTESIAN_POINT('',(83.1,20.02054,4.488584073464));
#2145 = CARTESIAN_POINT('',(83.098036504592,19.994890738831,
    4.477511064281));
#2146 = CARTESIAN_POINT('',(83.10349493907,19.970723702788,
    4.466438055098));
#2147 = CARTESIAN_POINT('',(83.114281990154,19.950465387029,
    4.455365045915));
#2148 = CARTESIAN_POINT('',(83.130274562382,19.930101767586,
    4.444292036732));
#2149 = CARTESIAN_POINT('',(83.150506263905,19.916131891919,
    4.433219027549));
#2150 = CARTESIAN_POINT('',(83.173186302645,19.905553937523,
    4.422146018366));
#2151 = CARTESIAN_POINT('',(83.196877696836,19.90054,4.411073009183));
#2152 = CARTESIAN_POINT('',(83.22,19.90054,4.4));
#2153 = CARTESIAN_POINT('',(83.1,20.02054,4.52));
#2154 = CARTESIAN_POINT('',(83.1,19.996978055098,4.505));
#2155 = CARTESIAN_POINT('',(83.105287294675,19.973416102779,4.49));
#2156 = CARTESIAN_POINT('',(83.115861832096,19.95123841188,4.475));
#2157 = CARTESIAN_POINT('',(83.131288949306,19.931828949305,4.46));
#2158 = CARTESIAN_POINT('',(83.15069841188,19.916401832096,4.445));
#2159 = CARTESIAN_POINT('',(83.172876102779,19.905827294675,4.43));
#2160 = CARTESIAN_POINT('',(83.196438055098,19.90054,4.415));
#2161 = CARTESIAN_POINT('',(83.22,19.90054,4.4));
#2162 = ADVANCED_FACE('',(#2163),#2174,.F.);
#2163 = FACE_BOUND('',#2164,.F.);
#2164 = EDGE_LOOP('',(#2165,#2171,#2172,#2173));
#2165 = ORIENTED_EDGE('',*,*,#2166,.T.);
#2166 = EDGE_CURVE('',#851,#1759,#2167,.T.);
#2167 = LINE('',#2168,#2169);
#2168 = CARTESIAN_POINT('',(43.7,4.5,3.9));
#2169 = VECTOR('',#2170,1.);
#2170 = DIRECTION('',(0.,0.,1.));
#2171 = ORIENTED_EDGE('',*,*,#1769,.F.);
#2172 = ORIENTED_EDGE('',*,*,#2166,.F.);
#2173 = ORIENTED_EDGE('',*,*,#850,.T.);
#2174 = CYLINDRICAL_SURFACE('',#2175,2.6);
#2175 = AXIS2_PLACEMENT_3D('',#2176,#2177,#2178);
#2176 = CARTESIAN_POINT('',(41.1,4.5,3.9));
#2177 = DIRECTION('',(0.,0.,1.));
#2178 = DIRECTION('',(1.,0.,0.));
#2179 = ADVANCED_FACE('',(#2180),#2191,.F.);
#2180 = FACE_BOUND('',#2181,.F.);
#2181 = EDGE_LOOP('',(#2182,#2188,#2189,#2190));
#2182 = ORIENTED_EDGE('',*,*,#2183,.T.);
#2183 = EDGE_CURVE('',#862,#1785,#2184,.T.);
#2184 = LINE('',#2185,#2186);
#2185 = CARTESIAN_POINT('',(52.2,8.80000526,3.9));
#2186 = VECTOR('',#2187,1.);
#2187 = DIRECTION('',(0.,0.,1.));
#2188 = ORIENTED_EDGE('',*,*,#1795,.F.);
#2189 = ORIENTED_EDGE('',*,*,#2183,.F.);
#2190 = ORIENTED_EDGE('',*,*,#861,.T.);
#2191 = CYLINDRICAL_SURFACE('',#2192,2.6);
#2192 = AXIS2_PLACEMENT_3D('',#2193,#2194,#2195);
#2193 = CARTESIAN_POINT('',(49.6,8.80000526,3.9));
#2194 = DIRECTION('',(0.,0.,1.));
#2195 = DIRECTION('',(1.,0.,0.));
#2196 = ADVANCED_FACE('',(#2197),#2208,.F.);
#2197 = FACE_BOUND('',#2198,.F.);
#2198 = EDGE_LOOP('',(#2199,#2205,#2206,#2207));
#2199 = ORIENTED_EDGE('',*,*,#2200,.T.);
#2200 = EDGE_CURVE('',#873,#1811,#2201,.T.);
#2201 = LINE('',#2202,#2203);
#2202 = CARTESIAN_POINT('',(43.7,14.4,3.9));
#2203 = VECTOR('',#2204,1.);
#2204 = DIRECTION('',(0.,0.,1.));
#2205 = ORIENTED_EDGE('',*,*,#1821,.F.);
#2206 = ORIENTED_EDGE('',*,*,#2200,.F.);
#2207 = ORIENTED_EDGE('',*,*,#872,.T.);
#2208 = CYLINDRICAL_SURFACE('',#2209,2.6);
#2209 = AXIS2_PLACEMENT_3D('',#2210,#2211,#2212);
#2210 = CARTESIAN_POINT('',(41.1,14.4,3.9));
#2211 = DIRECTION('',(0.,0.,1.));
#2212 = DIRECTION('',(1.,0.,0.));
#2213 = ADVANCED_FACE('',(#2214),#2230,.F.);
#2214 = FACE_BOUND('',#2215,.F.);
#2215 = EDGE_LOOP('',(#2216,#2222,#2223,#2229));
#2216 = ORIENTED_EDGE('',*,*,#2217,.T.);
#2217 = EDGE_CURVE('',#886,#1847,#2218,.T.);
#2218 = LINE('',#2219,#2220);
#2219 = CARTESIAN_POINT('',(4.3,20.3,3.9));
#2220 = VECTOR('',#2221,1.);
#2221 = DIRECTION('',(0.,0.,1.));
#2222 = ORIENTED_EDGE('',*,*,#1855,.F.);
#2223 = ORIENTED_EDGE('',*,*,#2224,.F.);
#2224 = EDGE_CURVE('',#884,#1837,#2225,.T.);
#2225 = LINE('',#2226,#2227);
#2226 = CARTESIAN_POINT('',(4.,20.6,3.9));
#2227 = VECTOR('',#2228,1.);
#2228 = DIRECTION('',(0.,0.,1.));
#2229 = ORIENTED_EDGE('',*,*,#883,.T.);
#2230 = CYLINDRICAL_SURFACE('',#2231,0.3);
#2231 = AXIS2_PLACEMENT_3D('',#2232,#2233,#2234);
#2232 = CARTESIAN_POINT('',(4.3,20.6,3.9));
#2233 = DIRECTION('',(0.,0.,1.));
#2234 = DIRECTION('',(1.,0.,0.));
#2235 = ADVANCED_FACE('',(#2236),#2247,.T.);
#2236 = FACE_BOUND('',#2237,.T.);
#2237 = EDGE_LOOP('',(#2238,#2239,#2240,#2246));
#2238 = ORIENTED_EDGE('',*,*,#2224,.F.);
#2239 = ORIENTED_EDGE('',*,*,#894,.T.);
#2240 = ORIENTED_EDGE('',*,*,#2241,.T.);
#2241 = EDGE_CURVE('',#895,#1871,#2242,.T.);
#2242 = LINE('',#2243,#2244);
#2243 = CARTESIAN_POINT('',(4.,47.8,3.9));
#2244 = VECTOR('',#2245,1.);
#2245 = DIRECTION('',(0.,0.,1.));
#2246 = ORIENTED_EDGE('',*,*,#1879,.T.);
#2247 = PLANE('',#2248);
#2248 = AXIS2_PLACEMENT_3D('',#2249,#2250,#2251);
#2249 = CARTESIAN_POINT('',(4.,20.6,3.9));
#2250 = DIRECTION('',(1.,0.,0.));
#2251 = DIRECTION('',(0.,0.,1.));
#2252 = ADVANCED_FACE('',(#2253),#2264,.T.);
#2253 = FACE_BOUND('',#2254,.T.);
#2254 = EDGE_LOOP('',(#2255,#2261,#2262,#2263));
#2255 = ORIENTED_EDGE('',*,*,#2256,.F.);
#2256 = EDGE_CURVE('',#937,#1897,#2257,.T.);
#2257 = LINE('',#2258,#2259);
#2258 = CARTESIAN_POINT('',(31.5,20.3,3.9));
#2259 = VECTOR('',#2260,1.);
#2260 = DIRECTION('',(0.,0.,1.));
#2261 = ORIENTED_EDGE('',*,*,#945,.T.);
#2262 = ORIENTED_EDGE('',*,*,#2217,.T.);
#2263 = ORIENTED_EDGE('',*,*,#1896,.T.);
#2264 = PLANE('',#2265);
#2265 = AXIS2_PLACEMENT_3D('',#2266,#2267,#2268);
#2266 = CARTESIAN_POINT('',(4.3,20.3,3.9));
#2267 = DIRECTION('',(0.,1.,0.));
#2268 = DIRECTION('',(0.,0.,1.));
#2269 = ADVANCED_FACE('',(#2270),#2281,.F.);
#2270 = FACE_BOUND('',#2271,.F.);
#2271 = EDGE_LOOP('',(#2272,#2273,#2274,#2280));
#2272 = ORIENTED_EDGE('',*,*,#2241,.T.);
#2273 = ORIENTED_EDGE('',*,*,#1931,.F.);
#2274 = ORIENTED_EDGE('',*,*,#2275,.F.);
#2275 = EDGE_CURVE('',#903,#1921,#2276,.T.);
#2276 = LINE('',#2277,#2278);
#2277 = CARTESIAN_POINT('',(4.3,48.1,3.9));
#2278 = VECTOR('',#2279,1.);
#2279 = DIRECTION('',(0.,0.,1.));
#2280 = ORIENTED_EDGE('',*,*,#902,.T.);
#2281 = CYLINDRICAL_SURFACE('',#2282,0.3);
#2282 = AXIS2_PLACEMENT_3D('',#2283,#2284,#2285);
#2283 = CARTESIAN_POINT('',(4.3,47.8,3.9));
#2284 = DIRECTION('',(0.,0.,1.));
#2285 = DIRECTION('',(1.,0.,0.));
#2286 = ADVANCED_FACE('',(#2287),#2298,.F.);
#2287 = FACE_BOUND('',#2288,.F.);
#2288 = EDGE_LOOP('',(#2289,#2295,#2296,#2297));
#2289 = ORIENTED_EDGE('',*,*,#2290,.T.);
#2290 = EDGE_CURVE('',#929,#1949,#2291,.T.);
#2291 = LINE('',#2292,#2293);
#2292 = CARTESIAN_POINT('',(31.8,20.6,3.9));
#2293 = VECTOR('',#2294,1.);
#2294 = DIRECTION('',(0.,0.,1.));
#2295 = ORIENTED_EDGE('',*,*,#1957,.F.);
#2296 = ORIENTED_EDGE('',*,*,#2256,.F.);
#2297 = ORIENTED_EDGE('',*,*,#936,.T.);
#2298 = CYLINDRICAL_SURFACE('',#2299,0.3);
#2299 = AXIS2_PLACEMENT_3D('',#2300,#2301,#2302);
#2300 = CARTESIAN_POINT('',(31.5,20.6,3.9));
#2301 = DIRECTION('',(0.,0.,1.));
#2302 = DIRECTION('',(1.,0.,0.));
#2303 = ADVANCED_FACE('',(#2304),#2315,.F.);
#2304 = FACE_BOUND('',#2305,.F.);
#2305 = EDGE_LOOP('',(#2306,#2312,#2313,#2314));
#2306 = ORIENTED_EDGE('',*,*,#2307,.F.);
#2307 = EDGE_CURVE('',#912,#1973,#2308,.T.);
#2308 = LINE('',#2309,#2310);
#2309 = CARTESIAN_POINT('',(31.5,48.1,3.9));
#2310 = VECTOR('',#2311,1.);
#2311 = DIRECTION('',(0.,0.,1.));
#2312 = ORIENTED_EDGE('',*,*,#911,.T.);
#2313 = ORIENTED_EDGE('',*,*,#2275,.T.);
#2314 = ORIENTED_EDGE('',*,*,#1981,.F.);
#2315 = PLANE('',#2316);
#2316 = AXIS2_PLACEMENT_3D('',#2317,#2318,#2319);
#2317 = CARTESIAN_POINT('',(4.3,48.1,3.9));
#2318 = DIRECTION('',(0.,1.,0.));
#2319 = DIRECTION('',(0.,0.,1.));
#2320 = ADVANCED_FACE('',(#2321),#2332,.F.);
#2321 = FACE_BOUND('',#2322,.F.);
#2322 = EDGE_LOOP('',(#2323,#2324,#2325,#2331));
#2323 = ORIENTED_EDGE('',*,*,#2290,.F.);
#2324 = ORIENTED_EDGE('',*,*,#928,.T.);
#2325 = ORIENTED_EDGE('',*,*,#2326,.T.);
#2326 = EDGE_CURVE('',#920,#1999,#2327,.T.);
#2327 = LINE('',#2328,#2329);
#2328 = CARTESIAN_POINT('',(31.8,47.8,3.9));
#2329 = VECTOR('',#2330,1.);
#2330 = DIRECTION('',(0.,0.,1.));
#2331 = ORIENTED_EDGE('',*,*,#1998,.F.);
#2332 = PLANE('',#2333);
#2333 = AXIS2_PLACEMENT_3D('',#2334,#2335,#2336);
#2334 = CARTESIAN_POINT('',(31.8,20.6,3.9));
#2335 = DIRECTION('',(1.,0.,0.));
#2336 = DIRECTION('',(0.,0.,1.));
#2337 = ADVANCED_FACE('',(#2338),#2344,.F.);
#2338 = FACE_BOUND('',#2339,.F.);
#2339 = EDGE_LOOP('',(#2340,#2341,#2342,#2343));
#2340 = ORIENTED_EDGE('',*,*,#2307,.T.);
#2341 = ORIENTED_EDGE('',*,*,#2025,.F.);
#2342 = ORIENTED_EDGE('',*,*,#2326,.F.);
#2343 = ORIENTED_EDGE('',*,*,#919,.T.);
#2344 = CYLINDRICAL_SURFACE('',#2345,0.3);
#2345 = AXIS2_PLACEMENT_3D('',#2346,#2347,#2348);
#2346 = CARTESIAN_POINT('',(31.5,47.8,3.9));
#2347 = DIRECTION('',(0.,0.,1.));
#2348 = DIRECTION('',(1.,0.,0.));
#2349 = ADVANCED_FACE('',(#2350),#2361,.F.);
#2350 = FACE_BOUND('',#2351,.F.);
#2351 = EDGE_LOOP('',(#2352,#2353,#2359,#2360));
#2352 = ORIENTED_EDGE('',*,*,#2087,.T.);
#2353 = ORIENTED_EDGE('',*,*,#2354,.T.);
#2354 = EDGE_CURVE('',#807,#1154,#2355,.T.);
#2355 = LINE('',#2356,#2357);
#2356 = CARTESIAN_POINT('',(83.22,19.90054,4.4));
#2357 = VECTOR('',#2358,1.);
#2358 = DIRECTION('',(0.,0.,1.));
#2359 = ORIENTED_EDGE('',*,*,#1487,.F.);
#2360 = ORIENTED_EDGE('',*,*,#2041,.F.);
#2361 = CYLINDRICAL_SURFACE('',#2362,0.12);
#2362 = AXIS2_PLACEMENT_3D('',#2363,#2364,#2365);
#2363 = CARTESIAN_POINT('',(83.22,20.02054,4.4));
#2364 = DIRECTION('',(0.,0.,1.));
#2365 = DIRECTION('',(-1.,0.,0.));
#2366 = ADVANCED_FACE('',(#2367),#2378,.T.);
#2367 = FACE_BOUND('',#2368,.T.);
#2368 = EDGE_LOOP('',(#2369,#2370,#2371,#2377));
#2369 = ORIENTED_EDGE('',*,*,#674,.F.);
#2370 = ORIENTED_EDGE('',*,*,#230,.T.);
#2371 = ORIENTED_EDGE('',*,*,#2372,.T.);
#2372 = EDGE_CURVE('',#233,#1052,#2373,.T.);
#2373 = LINE('',#2374,#2375);
#2374 = CARTESIAN_POINT('',(84.6,49.4,0.));
#2375 = VECTOR('',#2376,1.);
#2376 = DIRECTION('',(0.,0.,1.));
#2377 = ORIENTED_EDGE('',*,*,#1051,.F.);
#2378 = PLANE('',#2379);
#2379 = AXIS2_PLACEMENT_3D('',#2380,#2381,#2382);
#2380 = CARTESIAN_POINT('',(84.6,40.75027,2.35));
#2381 = DIRECTION('',(1.,0.,0.));
#2382 = DIRECTION('',(0.,0.,1.));
#2383 = ADVANCED_FACE('',(#2384),#2400,.T.);
#2384 = FACE_BOUND('',#2385,.T.);
#2385 = EDGE_LOOP('',(#2386,#2387,#2393,#2394));
#2386 = ORIENTED_EDGE('',*,*,#322,.T.);
#2387 = ORIENTED_EDGE('',*,*,#2388,.T.);
#2388 = EDGE_CURVE('',#325,#1634,#2389,.T.);
#2389 = LINE('',#2390,#2391);
#2390 = CARTESIAN_POINT('',(84.6,19.90054,-0.5));
#2391 = VECTOR('',#2392,1.);
#2392 = DIRECTION('',(0.,0.,1.));
#2393 = ORIENTED_EDGE('',*,*,#1631,.F.);
#2394 = ORIENTED_EDGE('',*,*,#2395,.F.);
#2395 = EDGE_CURVE('',#323,#1632,#2396,.T.);
#2396 = LINE('',#2397,#2398);
#2397 = CARTESIAN_POINT('',(84.6,2.6,-0.6));
#2398 = VECTOR('',#2399,1.);
#2399 = DIRECTION('',(0.,0.,1.));
#2400 = PLANE('',#2401);
#2401 = AXIS2_PLACEMENT_3D('',#2402,#2403,#2404);
#2402 = CARTESIAN_POINT('',(84.6,11.25027,2.35));
#2403 = DIRECTION('',(1.,0.,0.));
#2404 = DIRECTION('',(0.,0.,1.));
#2405 = ADVANCED_FACE('',(#2406),#2417,.T.);
#2406 = FACE_BOUND('',#2407,.T.);
#2407 = EDGE_LOOP('',(#2408,#2409,#2410,#2416));
#2408 = ORIENTED_EDGE('',*,*,#715,.T.);
#2409 = ORIENTED_EDGE('',*,*,#730,.T.);
#2410 = ORIENTED_EDGE('',*,*,#2411,.F.);
#2411 = EDGE_CURVE('',#22,#731,#2412,.T.);
#2412 = LINE('',#2413,#2414);
#2413 = CARTESIAN_POINT('',(83.4,49.4,-1.6));
#2414 = VECTOR('',#2415,1.);
#2415 = DIRECTION('',(0.,0.,1.));
#2416 = ORIENTED_EDGE('',*,*,#49,.T.);
#2417 = PLANE('',#2418);
#2418 = AXIS2_PLACEMENT_3D('',#2419,#2420,#2421);
#2419 = CARTESIAN_POINT('',(83.4,40.75027,2.24));
#2420 = DIRECTION('',(-1.,-0.,-0.));
#2421 = DIRECTION('',(0.,0.,-1.));
#2422 = ADVANCED_FACE('',(#2423),#2439,.T.);
#2423 = FACE_BOUND('',#2424,.T.);
#2424 = EDGE_LOOP('',(#2425,#2431,#2432,#2438));
#2425 = ORIENTED_EDGE('',*,*,#2426,.T.);
#2426 = EDGE_CURVE('',#300,#790,#2427,.T.);
#2427 = LINE('',#2428,#2429);
#2428 = CARTESIAN_POINT('',(83.4,2.6,-1.));
#2429 = VECTOR('',#2430,1.);
#2430 = DIRECTION('',(0.,0.,1.));
#2431 = ORIENTED_EDGE('',*,*,#798,.T.);
#2432 = ORIENTED_EDGE('',*,*,#2433,.F.);
#2433 = EDGE_CURVE('',#290,#799,#2434,.T.);
#2434 = LINE('',#2435,#2436);
#2435 = CARTESIAN_POINT('',(83.4,19.90054,-1.6));
#2436 = VECTOR('',#2437,1.);
#2437 = DIRECTION('',(0.,0.,1.));
#2438 = ORIENTED_EDGE('',*,*,#308,.T.);
#2439 = PLANE('',#2440);
#2440 = AXIS2_PLACEMENT_3D('',#2441,#2442,#2443);
#2441 = CARTESIAN_POINT('',(83.4,11.25027,2.24));
#2442 = DIRECTION('',(-1.,-0.,-0.));
#2443 = DIRECTION('',(0.,0.,-1.));
#2444 = ADVANCED_FACE('',(#2445),#2456,.T.);
#2445 = FACE_BOUND('',#2446,.T.);
#2446 = EDGE_LOOP('',(#2447,#2448,#2449,#2450,#2451,#2452,#2453,#2454,
    #2455));
#2447 = ORIENTED_EDGE('',*,*,#289,.F.);
#2448 = ORIENTED_EDGE('',*,*,#2433,.T.);
#2449 = ORIENTED_EDGE('',*,*,#806,.T.);
#2450 = ORIENTED_EDGE('',*,*,#2354,.T.);
#2451 = ORIENTED_EDGE('',*,*,#1153,.F.);
#2452 = ORIENTED_EDGE('',*,*,#1649,.T.);
#2453 = ORIENTED_EDGE('',*,*,#2388,.F.);
#2454 = ORIENTED_EDGE('',*,*,#340,.T.);
#2455 = ORIENTED_EDGE('',*,*,#63,.F.);
#2456 = PLANE('',#2457);
#2457 = AXIS2_PLACEMENT_3D('',#2458,#2459,#2460);
#2458 = CARTESIAN_POINT('',(83.914625808373,19.90054,2.618061444966));
#2459 = DIRECTION('',(0.,1.,0.));
#2460 = DIRECTION('',(0.,0.,1.));
#2461 = ADVANCED_FACE('',(#2462),#2478,.T.);
#2462 = FACE_BOUND('',#2463,.T.);
#2463 = EDGE_LOOP('',(#2464,#2465,#2471,#2472));
#2464 = ORIENTED_EDGE('',*,*,#418,.T.);
#2465 = ORIENTED_EDGE('',*,*,#2466,.T.);
#2466 = EDGE_CURVE('',#410,#773,#2467,.T.);
#2467 = LINE('',#2468,#2469);
#2468 = CARTESIAN_POINT('',(2.6,0.6,-1.));
#2469 = VECTOR('',#2470,1.);
#2470 = DIRECTION('',(0.,0.,1.));
#2471 = ORIENTED_EDGE('',*,*,#781,.T.);
#2472 = ORIENTED_EDGE('',*,*,#2473,.F.);
#2473 = EDGE_CURVE('',#357,#782,#2474,.T.);
#2474 = LINE('',#2475,#2476);
#2475 = CARTESIAN_POINT('',(81.4,0.6,-1.6));
#2476 = VECTOR('',#2477,1.);
#2477 = DIRECTION('',(0.,0.,1.));
#2478 = PLANE('',#2479);
#2479 = AXIS2_PLACEMENT_3D('',#2480,#2481,#2482);
#2480 = CARTESIAN_POINT('',(42.,0.6,2.24));
#2481 = DIRECTION('',(0.,1.,0.));
#2482 = DIRECTION('',(0.,0.,1.));
#2483 = ADVANCED_FACE('',(#2484),#2500,.T.);
#2484 = FACE_BOUND('',#2485,.T.);
#2485 = EDGE_LOOP('',(#2486,#2492,#2493,#2499));
#2486 = ORIENTED_EDGE('',*,*,#2487,.T.);
#2487 = EDGE_CURVE('',#382,#1690,#2488,.T.);
#2488 = LINE('',#2489,#2490);
#2489 = CARTESIAN_POINT('',(81.4,-0.6,0.));
#2490 = VECTOR('',#2491,1.);
#2491 = DIRECTION('',(0.,0.,1.));
#2492 = ORIENTED_EDGE('',*,*,#1744,.F.);
#2493 = ORIENTED_EDGE('',*,*,#2494,.F.);
#2494 = EDGE_CURVE('',#433,#1717,#2495,.T.);
#2495 = LINE('',#2496,#2497);
#2496 = CARTESIAN_POINT('',(2.6,-0.6,-0.6));
#2497 = VECTOR('',#2498,1.);
#2498 = DIRECTION('',(0.,0.,1.));
#2499 = ORIENTED_EDGE('',*,*,#443,.T.);
#2500 = PLANE('',#2501);
#2501 = AXIS2_PLACEMENT_3D('',#2502,#2503,#2504);
#2502 = CARTESIAN_POINT('',(42.,-0.6,2.35));
#2503 = DIRECTION('',(-0.,-1.,-0.));
#2504 = DIRECTION('',(0.,0.,-1.));
#2505 = ADVANCED_FACE('',(#2506),#2522,.T.);
#2506 = FACE_BOUND('',#2507,.T.);
#2507 = EDGE_LOOP('',(#2508,#2509,#2515,#2516));
#2508 = ORIENTED_EDGE('',*,*,#520,.T.);
#2509 = ORIENTED_EDGE('',*,*,#2510,.T.);
#2510 = EDGE_CURVE('',#512,#756,#2511,.T.);
#2511 = LINE('',#2512,#2513);
#2512 = CARTESIAN_POINT('',(0.6,49.4,-1.));
#2513 = VECTOR('',#2514,1.);
#2514 = DIRECTION('',(0.,0.,1.));
#2515 = ORIENTED_EDGE('',*,*,#764,.F.);
#2516 = ORIENTED_EDGE('',*,*,#2517,.F.);
#2517 = EDGE_CURVE('',#459,#765,#2518,.T.);
#2518 = LINE('',#2519,#2520);
#2519 = CARTESIAN_POINT('',(0.6,2.6,-1.6));
#2520 = VECTOR('',#2521,1.);
#2521 = DIRECTION('',(0.,0.,1.));
#2522 = PLANE('',#2523);
#2523 = AXIS2_PLACEMENT_3D('',#2524,#2525,#2526);
#2524 = CARTESIAN_POINT('',(0.6,26.,2.24));
#2525 = DIRECTION('',(1.,0.,0.));
#2526 = DIRECTION('',(0.,0.,1.));
#2527 = ADVANCED_FACE('',(#2528),#2544,.T.);
#2528 = FACE_BOUND('',#2529,.T.);
#2529 = EDGE_LOOP('',(#2530,#2536,#2537,#2543));
#2530 = ORIENTED_EDGE('',*,*,#2531,.T.);
#2531 = EDGE_CURVE('',#484,#1667,#2532,.T.);
#2532 = LINE('',#2533,#2534);
#2533 = CARTESIAN_POINT('',(-0.6,2.6,0.));
#2534 = VECTOR('',#2535,1.);
#2535 = DIRECTION('',(0.,0.,1.));
#2536 = ORIENTED_EDGE('',*,*,#1675,.F.);
#2537 = ORIENTED_EDGE('',*,*,#2538,.F.);
#2538 = EDGE_CURVE('',#535,#1607,#2539,.T.);
#2539 = LINE('',#2540,#2541);
#2540 = CARTESIAN_POINT('',(-0.6,49.4,-0.6));
#2541 = VECTOR('',#2542,1.);
#2542 = DIRECTION('',(0.,0.,1.));
#2543 = ORIENTED_EDGE('',*,*,#545,.T.);
#2544 = PLANE('',#2545);
#2545 = AXIS2_PLACEMENT_3D('',#2546,#2547,#2548);
#2546 = CARTESIAN_POINT('',(-0.6,26.,2.35));
#2547 = DIRECTION('',(-1.,-0.,-0.));
#2548 = DIRECTION('',(0.,0.,-1.));
#2549 = ADVANCED_FACE('',(#2550),#2566,.T.);
#2550 = FACE_BOUND('',#2551,.T.);
#2551 = EDGE_LOOP('',(#2552,#2558,#2559,#2565));
#2552 = ORIENTED_EDGE('',*,*,#2553,.T.);
#2553 = EDGE_CURVE('',#264,#739,#2554,.T.);
#2554 = LINE('',#2555,#2556);
#2555 = CARTESIAN_POINT('',(81.4,51.4,-1.));
#2556 = VECTOR('',#2557,1.);
#2557 = DIRECTION('',(0.,0.,1.));
#2558 = ORIENTED_EDGE('',*,*,#747,.F.);
#2559 = ORIENTED_EDGE('',*,*,#2560,.F.);
#2560 = EDGE_CURVE('',#561,#748,#2561,.T.);
#2561 = LINE('',#2562,#2563);
#2562 = CARTESIAN_POINT('',(2.6,51.4,-1.6));
#2563 = VECTOR('',#2564,1.);
#2564 = DIRECTION('',(0.,0.,1.));
#2565 = ORIENTED_EDGE('',*,*,#614,.T.);
#2566 = PLANE('',#2567);
#2567 = AXIS2_PLACEMENT_3D('',#2568,#2569,#2570);
#2568 = CARTESIAN_POINT('',(42.,51.4,2.24));
#2569 = DIRECTION('',(-0.,-1.,-0.));
#2570 = DIRECTION('',(0.,0.,-1.));
#2571 = ADVANCED_FACE('',(#2572),#2588,.T.);
#2572 = FACE_BOUND('',#2573,.T.);
#2573 = EDGE_LOOP('',(#2574,#2575,#2581,#2582));
#2574 = ORIENTED_EDGE('',*,*,#639,.T.);
#2575 = ORIENTED_EDGE('',*,*,#2576,.T.);
#2576 = EDGE_CURVE('',#586,#1583,#2577,.T.);
#2577 = LINE('',#2578,#2579);
#2578 = CARTESIAN_POINT('',(2.6,52.6,0.));
#2579 = VECTOR('',#2580,1.);
#2580 = DIRECTION('',(0.,0.,1.));
#2581 = ORIENTED_EDGE('',*,*,#1591,.F.);
#2582 = ORIENTED_EDGE('',*,*,#2583,.F.);
#2583 = EDGE_CURVE('',#629,#1310,#2584,.T.);
#2584 = LINE('',#2585,#2586);
#2585 = CARTESIAN_POINT('',(81.4,52.6,-0.6));
#2586 = VECTOR('',#2587,1.);
#2587 = DIRECTION('',(0.,0.,1.));
#2588 = PLANE('',#2589);
#2589 = AXIS2_PLACEMENT_3D('',#2590,#2591,#2592);
#2590 = CARTESIAN_POINT('',(42.,52.6,2.35));
#2591 = DIRECTION('',(0.,1.,0.));
#2592 = DIRECTION('',(0.,0.,1.));
#2593 = ADVANCED_FACE('',(#2594),#2600,.T.);
#2594 = FACE_BOUND('',#2595,.T.);
#2595 = EDGE_LOOP('',(#2596,#2597,#2598,#2599));
#2596 = ORIENTED_EDGE('',*,*,#2583,.T.);
#2597 = ORIENTED_EDGE('',*,*,#1309,.F.);
#2598 = ORIENTED_EDGE('',*,*,#2372,.F.);
#2599 = ORIENTED_EDGE('',*,*,#654,.T.);
#2600 = CYLINDRICAL_SURFACE('',#2601,3.2);
#2601 = AXIS2_PLACEMENT_3D('',#2602,#2603,#2604);
#2602 = CARTESIAN_POINT('',(81.4,49.4,0.));
#2603 = DIRECTION('',(0.,0.,1.));
#2604 = DIRECTION('',(1.,0.,0.));
#2605 = ADVANCED_FACE('',(#2606),#2612,.F.);
#2606 = FACE_BOUND('',#2607,.F.);
#2607 = EDGE_LOOP('',(#2608,#2609,#2610,#2611));
#2608 = ORIENTED_EDGE('',*,*,#738,.F.);
#2609 = ORIENTED_EDGE('',*,*,#2411,.F.);
#2610 = ORIENTED_EDGE('',*,*,#272,.F.);
#2611 = ORIENTED_EDGE('',*,*,#2553,.T.);
#2612 = CYLINDRICAL_SURFACE('',#2613,2.);
#2613 = AXIS2_PLACEMENT_3D('',#2614,#2615,#2616);
#2614 = CARTESIAN_POINT('',(81.4,49.4,-1.));
#2615 = DIRECTION('',(0.,0.,1.));
#2616 = DIRECTION('',(1.,0.,0.));
#2617 = ADVANCED_FACE('',(#2618),#2624,.F.);
#2618 = FACE_BOUND('',#2619,.F.);
#2619 = EDGE_LOOP('',(#2620,#2621,#2622,#2623));
#2620 = ORIENTED_EDGE('',*,*,#789,.F.);
#2621 = ORIENTED_EDGE('',*,*,#2473,.F.);
#2622 = ORIENTED_EDGE('',*,*,#356,.F.);
#2623 = ORIENTED_EDGE('',*,*,#2426,.T.);
#2624 = CYLINDRICAL_SURFACE('',#2625,2.);
#2625 = AXIS2_PLACEMENT_3D('',#2626,#2627,#2628);
#2626 = CARTESIAN_POINT('',(81.4,2.6,-1.));
#2627 = DIRECTION('',(0.,0.,1.));
#2628 = DIRECTION('',(1.,0.,0.));
#2629 = ADVANCED_FACE('',(#2630),#2636,.T.);
#2630 = FACE_BOUND('',#2631,.T.);
#2631 = EDGE_LOOP('',(#2632,#2633,#2634,#2635));
#2632 = ORIENTED_EDGE('',*,*,#2395,.T.);
#2633 = ORIENTED_EDGE('',*,*,#1698,.F.);
#2634 = ORIENTED_EDGE('',*,*,#2487,.F.);
#2635 = ORIENTED_EDGE('',*,*,#390,.T.);
#2636 = CYLINDRICAL_SURFACE('',#2637,3.2);
#2637 = AXIS2_PLACEMENT_3D('',#2638,#2639,#2640);
#2638 = CARTESIAN_POINT('',(81.4,2.6,0.));
#2639 = DIRECTION('',(0.,0.,1.));
#2640 = DIRECTION('',(1.,0.,0.));
#2641 = ADVANCED_FACE('',(#2642),#2648,.F.);
#2642 = FACE_BOUND('',#2643,.F.);
#2643 = EDGE_LOOP('',(#2644,#2645,#2646,#2647));
#2644 = ORIENTED_EDGE('',*,*,#772,.F.);
#2645 = ORIENTED_EDGE('',*,*,#2517,.F.);
#2646 = ORIENTED_EDGE('',*,*,#458,.F.);
#2647 = ORIENTED_EDGE('',*,*,#2466,.T.);
#2648 = CYLINDRICAL_SURFACE('',#2649,2.);
#2649 = AXIS2_PLACEMENT_3D('',#2650,#2651,#2652);
#2650 = CARTESIAN_POINT('',(2.6,2.6,-1.));
#2651 = DIRECTION('',(0.,0.,1.));
#2652 = DIRECTION('',(1.,0.,0.));
#2653 = ADVANCED_FACE('',(#2654),#2660,.T.);
#2654 = FACE_BOUND('',#2655,.T.);
#2655 = EDGE_LOOP('',(#2656,#2657,#2658,#2659));
#2656 = ORIENTED_EDGE('',*,*,#2494,.T.);
#2657 = ORIENTED_EDGE('',*,*,#1716,.F.);
#2658 = ORIENTED_EDGE('',*,*,#2531,.F.);
#2659 = ORIENTED_EDGE('',*,*,#492,.T.);
#2660 = CYLINDRICAL_SURFACE('',#2661,3.2);
#2661 = AXIS2_PLACEMENT_3D('',#2662,#2663,#2664);
#2662 = CARTESIAN_POINT('',(2.6,2.6,0.));
#2663 = DIRECTION('',(0.,0.,1.));
#2664 = DIRECTION('',(1.,0.,0.));
#2665 = ADVANCED_FACE('',(#2666),#2672,.F.);
#2666 = FACE_BOUND('',#2667,.F.);
#2667 = EDGE_LOOP('',(#2668,#2669,#2670,#2671));
#2668 = ORIENTED_EDGE('',*,*,#755,.F.);
#2669 = ORIENTED_EDGE('',*,*,#2560,.F.);
#2670 = ORIENTED_EDGE('',*,*,#560,.F.);
#2671 = ORIENTED_EDGE('',*,*,#2510,.T.);
#2672 = CYLINDRICAL_SURFACE('',#2673,2.);
#2673 = AXIS2_PLACEMENT_3D('',#2674,#2675,#2676);
#2674 = CARTESIAN_POINT('',(2.6,49.4,-1.));
#2675 = DIRECTION('',(0.,0.,1.));
#2676 = DIRECTION('',(1.,0.,0.));
#2677 = ADVANCED_FACE('',(#2678),#2684,.T.);
#2678 = FACE_BOUND('',#2679,.T.);
#2679 = EDGE_LOOP('',(#2680,#2681,#2682,#2683));
#2680 = ORIENTED_EDGE('',*,*,#2538,.T.);
#2681 = ORIENTED_EDGE('',*,*,#1606,.F.);
#2682 = ORIENTED_EDGE('',*,*,#2576,.F.);
#2683 = ORIENTED_EDGE('',*,*,#594,.T.);
#2684 = CYLINDRICAL_SURFACE('',#2685,3.2);
#2685 = AXIS2_PLACEMENT_3D('',#2686,#2687,#2688);
#2686 = CARTESIAN_POINT('',(2.6,49.4,0.));
#2687 = DIRECTION('',(0.,0.,1.));
#2688 = DIRECTION('',(1.,0.,0.));
#2689 = MANIFOLD_SOLID_BREP('',#2690);
#2690 = CLOSED_SHELL('',(#2691,#2854,#2880,#2913,#2938,#2964,#2989,#3014
    ,#3039,#3065,#3090,#3115,#3141,#3167,#3184,#3210,#3236,#3262,#3288,
    #3313,#3344,#3368,#3393,#3417,#3441,#3465,#3490,#3514,#3538,#3563,
    #3588,#3605,#3630,#3655,#3680,#3705));
#2691 = ADVANCED_FACE('',(#2692,#2703,#2805,#2816,#2827,#2838),#2849,.T.
  );
#2692 = FACE_BOUND('',#2693,.T.);
#2693 = EDGE_LOOP('',(#2694));
#2694 = ORIENTED_EDGE('',*,*,#2695,.T.);
#2695 = EDGE_CURVE('',#2696,#2696,#2698,.T.);
#2696 = VERTEX_POINT('',#2697);
#2697 = CARTESIAN_POINT('',(76.93062,48.49876,0.));
#2698 = CIRCLE('',#2699,0.85);
#2699 = AXIS2_PLACEMENT_3D('',#2700,#2701,#2702);
#2700 = CARTESIAN_POINT('',(76.08062,48.49876,0.));
#2701 = DIRECTION('',(0.,0.,1.));
#2702 = DIRECTION('',(1.,0.,0.));
#2703 = FACE_BOUND('',#2704,.T.);
#2704 = EDGE_LOOP('',(#2705,#2715,#2723,#2731,#2739,#2747,#2756,#2764,
    #2773,#2781,#2790,#2798));
#2705 = ORIENTED_EDGE('',*,*,#2706,.F.);
#2706 = EDGE_CURVE('',#2707,#2709,#2711,.T.);
#2707 = VERTEX_POINT('',#2708);
#2708 = CARTESIAN_POINT('',(83.07,32.18054,0.));
#2709 = VERTEX_POINT('',#2710);
#2710 = CARTESIAN_POINT('',(83.07,49.4,0.));
#2711 = LINE('',#2712,#2713);
#2712 = CARTESIAN_POINT('',(83.07,32.10054,-1.E-17));
#2713 = VECTOR('',#2714,1.);
#2714 = DIRECTION('',(0.,1.,0.));
#2715 = ORIENTED_EDGE('',*,*,#2716,.F.);
#2716 = EDGE_CURVE('',#2717,#2707,#2719,.T.);
#2717 = VERTEX_POINT('',#2718);
#2718 = CARTESIAN_POINT('',(83.02,32.18054,0.));
#2719 = LINE('',#2720,#2721);
#2720 = CARTESIAN_POINT('',(83.1,32.18054,-1.E-17));
#2721 = VECTOR('',#2722,1.);
#2722 = DIRECTION('',(1.,0.,0.));
#2723 = ORIENTED_EDGE('',*,*,#2724,.T.);
#2724 = EDGE_CURVE('',#2717,#2725,#2727,.T.);
#2725 = VERTEX_POINT('',#2726);
#2726 = CARTESIAN_POINT('',(83.02,19.82054,0.));
#2727 = LINE('',#2728,#2729);
#2728 = CARTESIAN_POINT('',(83.02,32.10054,-1.E-17));
#2729 = VECTOR('',#2730,1.);
#2730 = DIRECTION('',(0.,-1.,0.));
#2731 = ORIENTED_EDGE('',*,*,#2732,.T.);
#2732 = EDGE_CURVE('',#2725,#2733,#2735,.T.);
#2733 = VERTEX_POINT('',#2734);
#2734 = CARTESIAN_POINT('',(83.07,19.82054,0.));
#2735 = LINE('',#2736,#2737);
#2736 = CARTESIAN_POINT('',(83.1,19.82054,-1.E-17));
#2737 = VECTOR('',#2738,1.);
#2738 = DIRECTION('',(1.,0.,0.));
#2739 = ORIENTED_EDGE('',*,*,#2740,.F.);
#2740 = EDGE_CURVE('',#2741,#2733,#2743,.T.);
#2741 = VERTEX_POINT('',#2742);
#2742 = CARTESIAN_POINT('',(83.07,2.6,0.));
#2743 = LINE('',#2744,#2745);
#2744 = CARTESIAN_POINT('',(83.07,2.6,-1.E-17));
#2745 = VECTOR('',#2746,1.);
#2746 = DIRECTION('',(0.,1.,0.));
#2747 = ORIENTED_EDGE('',*,*,#2748,.F.);
#2748 = EDGE_CURVE('',#2749,#2741,#2751,.T.);
#2749 = VERTEX_POINT('',#2750);
#2750 = CARTESIAN_POINT('',(81.4,0.93,0.));
#2751 = CIRCLE('',#2752,1.67);
#2752 = AXIS2_PLACEMENT_3D('',#2753,#2754,#2755);
#2753 = CARTESIAN_POINT('',(81.4,2.6,0.));
#2754 = DIRECTION('',(-0.,0.,1.));
#2755 = DIRECTION('',(0.,-1.,0.));
#2756 = ORIENTED_EDGE('',*,*,#2757,.F.);
#2757 = EDGE_CURVE('',#2758,#2749,#2760,.T.);
#2758 = VERTEX_POINT('',#2759);
#2759 = CARTESIAN_POINT('',(2.6,0.93,0.));
#2760 = LINE('',#2761,#2762);
#2761 = CARTESIAN_POINT('',(2.6,0.93,-1.E-17));
#2762 = VECTOR('',#2763,1.);
#2763 = DIRECTION('',(1.,0.,0.));
#2764 = ORIENTED_EDGE('',*,*,#2765,.F.);
#2765 = EDGE_CURVE('',#2766,#2758,#2768,.T.);
#2766 = VERTEX_POINT('',#2767);
#2767 = CARTESIAN_POINT('',(0.93,2.6,0.));
#2768 = CIRCLE('',#2769,1.67);
#2769 = AXIS2_PLACEMENT_3D('',#2770,#2771,#2772);
#2770 = CARTESIAN_POINT('',(2.6,2.6,0.));
#2771 = DIRECTION('',(0.,0.,1.));
#2772 = DIRECTION('',(-1.,-7.6E-16,0.));
#2773 = ORIENTED_EDGE('',*,*,#2774,.F.);
#2774 = EDGE_CURVE('',#2775,#2766,#2777,.T.);
#2775 = VERTEX_POINT('',#2776);
#2776 = CARTESIAN_POINT('',(0.93,49.4,0.));
#2777 = LINE('',#2778,#2779);
#2778 = CARTESIAN_POINT('',(0.93,49.4,-1.E-17));
#2779 = VECTOR('',#2780,1.);
#2780 = DIRECTION('',(0.,-1.,0.));
#2781 = ORIENTED_EDGE('',*,*,#2782,.F.);
#2782 = EDGE_CURVE('',#2783,#2775,#2785,.T.);
#2783 = VERTEX_POINT('',#2784);
#2784 = CARTESIAN_POINT('',(2.6,51.07,0.));
#2785 = CIRCLE('',#2786,1.67);
#2786 = AXIS2_PLACEMENT_3D('',#2787,#2788,#2789);
#2787 = CARTESIAN_POINT('',(2.6,49.4,0.));
#2788 = DIRECTION('',(0.,0.,1.));
#2789 = DIRECTION('',(-7.6E-16,1.,0.));
#2790 = ORIENTED_EDGE('',*,*,#2791,.F.);
#2791 = EDGE_CURVE('',#2792,#2783,#2794,.T.);
#2792 = VERTEX_POINT('',#2793);
#2793 = CARTESIAN_POINT('',(81.4,51.07,0.));
#2794 = LINE('',#2795,#2796);
#2795 = CARTESIAN_POINT('',(81.4,51.07,-1.E-17));
#2796 = VECTOR('',#2797,1.);
#2797 = DIRECTION('',(-1.,0.,0.));
#2798 = ORIENTED_EDGE('',*,*,#2799,.F.);
#2799 = EDGE_CURVE('',#2709,#2792,#2800,.T.);
#2800 = CIRCLE('',#2801,1.67);
#2801 = AXIS2_PLACEMENT_3D('',#2802,#2803,#2804);
#2802 = CARTESIAN_POINT('',(81.4,49.4,0.));
#2803 = DIRECTION('',(0.,0.,1.));
#2804 = DIRECTION('',(1.,0.,0.));
#2805 = FACE_BOUND('',#2806,.T.);
#2806 = EDGE_LOOP('',(#2807));
#2807 = ORIENTED_EDGE('',*,*,#2808,.T.);
#2808 = EDGE_CURVE('',#2809,#2809,#2811,.T.);
#2809 = VERTEX_POINT('',#2810);
#2810 = CARTESIAN_POINT('',(74.39062,48.49876,0.));
#2811 = CIRCLE('',#2812,0.85);
#2812 = AXIS2_PLACEMENT_3D('',#2813,#2814,#2815);
#2813 = CARTESIAN_POINT('',(73.54062,48.49876,0.));
#2814 = DIRECTION('',(0.,0.,1.));
#2815 = DIRECTION('',(1.,0.,0.));
#2816 = FACE_BOUND('',#2817,.T.);
#2817 = EDGE_LOOP('',(#2818));
#2818 = ORIENTED_EDGE('',*,*,#2819,.T.);
#2819 = EDGE_CURVE('',#2820,#2820,#2822,.T.);
#2820 = VERTEX_POINT('',#2821);
#2821 = CARTESIAN_POINT('',(71.85062,48.49876,0.));
#2822 = CIRCLE('',#2823,0.85);
#2823 = AXIS2_PLACEMENT_3D('',#2824,#2825,#2826);
#2824 = CARTESIAN_POINT('',(71.00062,48.49876,0.));
#2825 = DIRECTION('',(0.,0.,1.));
#2826 = DIRECTION('',(1.,0.,0.));
#2827 = FACE_BOUND('',#2828,.T.);
#2828 = EDGE_LOOP('',(#2829));
#2829 = ORIENTED_EDGE('',*,*,#2830,.T.);
#2830 = EDGE_CURVE('',#2831,#2831,#2833,.T.);
#2831 = VERTEX_POINT('',#2832);
#2832 = CARTESIAN_POINT('',(69.31062,48.49876,0.));
#2833 = CIRCLE('',#2834,0.85);
#2834 = AXIS2_PLACEMENT_3D('',#2835,#2836,#2837);
#2835 = CARTESIAN_POINT('',(68.46062,48.49876,0.));
#2836 = DIRECTION('',(0.,0.,1.));
#2837 = DIRECTION('',(1.,0.,0.));
#2838 = FACE_BOUND('',#2839,.T.);
#2839 = EDGE_LOOP('',(#2840));
#2840 = ORIENTED_EDGE('',*,*,#2841,.T.);
#2841 = EDGE_CURVE('',#2842,#2842,#2844,.T.);
#2842 = VERTEX_POINT('',#2843);
#2843 = CARTESIAN_POINT('',(66.77062,48.49876,0.));
#2844 = CIRCLE('',#2845,0.85);
#2845 = AXIS2_PLACEMENT_3D('',#2846,#2847,#2848);
#2846 = CARTESIAN_POINT('',(65.92062,48.49876,0.));
#2847 = DIRECTION('',(0.,0.,1.));
#2848 = DIRECTION('',(1.,0.,0.));
#2849 = PLANE('',#2850);
#2850 = AXIS2_PLACEMENT_3D('',#2851,#2852,#2853);
#2851 = CARTESIAN_POINT('',(42.,26.,0.));
#2852 = DIRECTION('',(-0.,-0.,-1.));
#2853 = DIRECTION('',(-1.,0.,0.));
#2854 = ADVANCED_FACE('',(#2855),#2875,.T.);
#2855 = FACE_BOUND('',#2856,.F.);
#2856 = EDGE_LOOP('',(#2857,#2866,#2867,#2868));
#2857 = ORIENTED_EDGE('',*,*,#2858,.F.);
#2858 = EDGE_CURVE('',#2696,#2859,#2861,.T.);
#2859 = VERTEX_POINT('',#2860);
#2860 = CARTESIAN_POINT('',(76.88062,48.49876,5.E-02));
#2861 = CIRCLE('',#2862,5.E-02);
#2862 = AXIS2_PLACEMENT_3D('',#2863,#2864,#2865);
#2863 = CARTESIAN_POINT('',(76.93062,48.49876,5.E-02));
#2864 = DIRECTION('',(-0.,1.,0.));
#2865 = DIRECTION('',(1.,0.,0.));
#2866 = ORIENTED_EDGE('',*,*,#2695,.F.);
#2867 = ORIENTED_EDGE('',*,*,#2858,.T.);
#2868 = ORIENTED_EDGE('',*,*,#2869,.T.);
#2869 = EDGE_CURVE('',#2859,#2859,#2870,.T.);
#2870 = CIRCLE('',#2871,0.8);
#2871 = AXIS2_PLACEMENT_3D('',#2872,#2873,#2874);
#2872 = CARTESIAN_POINT('',(76.08062,48.49876,5.E-02));
#2873 = DIRECTION('',(0.,0.,1.));
#2874 = DIRECTION('',(1.,0.,0.));
#2875 = TOROIDAL_SURFACE('',#2876,0.85,5.E-02);
#2876 = AXIS2_PLACEMENT_3D('',#2877,#2878,#2879);
#2877 = CARTESIAN_POINT('',(76.08062,48.49876,5.E-02));
#2878 = DIRECTION('',(0.,0.,-1.));
#2879 = DIRECTION('',(1.,0.,0.));
#2880 = ADVANCED_FACE('',(#2881),#2908,.T.);
#2881 = FACE_BOUND('',#2882,.T.);
#2882 = EDGE_LOOP('',(#2883,#2892,#2893,#2902));
#2883 = ORIENTED_EDGE('',*,*,#2884,.T.);
#2884 = EDGE_CURVE('',#2885,#2707,#2887,.T.);
#2885 = VERTEX_POINT('',#2886);
#2886 = CARTESIAN_POINT('',(83.15,32.10054,8.E-02));
#2887 = ELLIPSE('',#2888,0.11313708499,8.E-02);
#2888 = AXIS2_PLACEMENT_3D('',#2889,#2890,#2891);
#2889 = CARTESIAN_POINT('',(83.07,32.18054,8.E-02));
#2890 = DIRECTION('',(0.707106781187,0.707106781187,-0.));
#2891 = DIRECTION('',(-0.707106781187,0.707106781187,0.));
#2892 = ORIENTED_EDGE('',*,*,#2706,.T.);
#2893 = ORIENTED_EDGE('',*,*,#2894,.F.);
#2894 = EDGE_CURVE('',#2895,#2709,#2897,.T.);
#2895 = VERTEX_POINT('',#2896);
#2896 = CARTESIAN_POINT('',(83.15,49.4,8.E-02));
#2897 = CIRCLE('',#2898,8.E-02);
#2898 = AXIS2_PLACEMENT_3D('',#2899,#2900,#2901);
#2899 = CARTESIAN_POINT('',(83.07,49.4,8.E-02));
#2900 = DIRECTION('',(-0.,1.,0.));
#2901 = DIRECTION('',(1.,0.,0.));
#2902 = ORIENTED_EDGE('',*,*,#2903,.F.);
#2903 = EDGE_CURVE('',#2885,#2895,#2904,.T.);
#2904 = LINE('',#2905,#2906);
#2905 = CARTESIAN_POINT('',(83.15,32.10054,8.E-02));
#2906 = VECTOR('',#2907,1.);
#2907 = DIRECTION('',(0.,1.,0.));
#2908 = CYLINDRICAL_SURFACE('',#2909,8.E-02);
#2909 = AXIS2_PLACEMENT_3D('',#2910,#2911,#2912);
#2910 = CARTESIAN_POINT('',(83.07,32.10054,8.E-02));
#2911 = DIRECTION('',(0.,1.,0.));
#2912 = DIRECTION('',(1.,0.,0.));
#2913 = ADVANCED_FACE('',(#2914),#2933,.T.);
#2914 = FACE_BOUND('',#2915,.F.);
#2915 = EDGE_LOOP('',(#2916,#2925,#2931,#2932));
#2916 = ORIENTED_EDGE('',*,*,#2917,.T.);
#2917 = EDGE_CURVE('',#2717,#2918,#2920,.T.);
#2918 = VERTEX_POINT('',#2919);
#2919 = CARTESIAN_POINT('',(83.1,32.10054,8.E-02));
#2920 = ELLIPSE('',#2921,0.11313708499,8.E-02);
#2921 = AXIS2_PLACEMENT_3D('',#2922,#2923,#2924);
#2922 = CARTESIAN_POINT('',(83.02,32.18054,8.E-02));
#2923 = DIRECTION('',(-0.707106781187,-0.707106781187,0.));
#2924 = DIRECTION('',(0.707106781187,-0.707106781187,0.));
#2925 = ORIENTED_EDGE('',*,*,#2926,.T.);
#2926 = EDGE_CURVE('',#2918,#2885,#2927,.T.);
#2927 = LINE('',#2928,#2929);
#2928 = CARTESIAN_POINT('',(83.1,32.10054,8.E-02));
#2929 = VECTOR('',#2930,1.);
#2930 = DIRECTION('',(1.,0.,0.));
#2931 = ORIENTED_EDGE('',*,*,#2884,.T.);
#2932 = ORIENTED_EDGE('',*,*,#2716,.F.);
#2933 = CYLINDRICAL_SURFACE('',#2934,8.E-02);
#2934 = AXIS2_PLACEMENT_3D('',#2935,#2936,#2937);
#2935 = CARTESIAN_POINT('',(83.1,32.18054,8.E-02));
#2936 = DIRECTION('',(1.,0.,0.));
#2937 = DIRECTION('',(0.,0.,-1.));
#2938 = ADVANCED_FACE('',(#2939),#2959,.T.);
#2939 = FACE_BOUND('',#2940,.F.);
#2940 = EDGE_LOOP('',(#2941,#2942,#2951,#2958));
#2941 = ORIENTED_EDGE('',*,*,#2894,.F.);
#2942 = ORIENTED_EDGE('',*,*,#2943,.T.);
#2943 = EDGE_CURVE('',#2895,#2944,#2946,.T.);
#2944 = VERTEX_POINT('',#2945);
#2945 = CARTESIAN_POINT('',(81.4,51.15,8.E-02));
#2946 = CIRCLE('',#2947,1.75);
#2947 = AXIS2_PLACEMENT_3D('',#2948,#2949,#2950);
#2948 = CARTESIAN_POINT('',(81.4,49.4,8.E-02));
#2949 = DIRECTION('',(0.,0.,1.));
#2950 = DIRECTION('',(1.,0.,0.));
#2951 = ORIENTED_EDGE('',*,*,#2952,.T.);
#2952 = EDGE_CURVE('',#2944,#2792,#2953,.T.);
#2953 = CIRCLE('',#2954,8.E-02);
#2954 = AXIS2_PLACEMENT_3D('',#2955,#2956,#2957);
#2955 = CARTESIAN_POINT('',(81.4,51.07,8.E-02));
#2956 = DIRECTION('',(-1.,6.E-17,0.));
#2957 = DIRECTION('',(6.E-17,1.,0.));
#2958 = ORIENTED_EDGE('',*,*,#2799,.F.);
#2959 = TOROIDAL_SURFACE('',#2960,1.67,8.E-02);
#2960 = AXIS2_PLACEMENT_3D('',#2961,#2962,#2963);
#2961 = CARTESIAN_POINT('',(81.4,49.4,8.E-02));
#2962 = DIRECTION('',(0.,0.,-1.));
#2963 = DIRECTION('',(1.,0.,0.));
#2964 = ADVANCED_FACE('',(#2965),#2984,.T.);
#2965 = FACE_BOUND('',#2966,.T.);
#2966 = EDGE_LOOP('',(#2967,#2968,#2976,#2983));
#2967 = ORIENTED_EDGE('',*,*,#2917,.T.);
#2968 = ORIENTED_EDGE('',*,*,#2969,.T.);
#2969 = EDGE_CURVE('',#2918,#2970,#2972,.T.);
#2970 = VERTEX_POINT('',#2971);
#2971 = CARTESIAN_POINT('',(83.1,19.90054,8.E-02));
#2972 = LINE('',#2973,#2974);
#2973 = CARTESIAN_POINT('',(83.1,32.10054,8.E-02));
#2974 = VECTOR('',#2975,1.);
#2975 = DIRECTION('',(0.,-1.,0.));
#2976 = ORIENTED_EDGE('',*,*,#2977,.F.);
#2977 = EDGE_CURVE('',#2725,#2970,#2978,.T.);
#2978 = ELLIPSE('',#2979,0.11313708499,8.E-02);
#2979 = AXIS2_PLACEMENT_3D('',#2980,#2981,#2982);
#2980 = CARTESIAN_POINT('',(83.02,19.82054,8.E-02));
#2981 = DIRECTION('',(0.707106781187,-0.707106781187,0.));
#2982 = DIRECTION('',(0.707106781187,0.707106781187,0.));
#2983 = ORIENTED_EDGE('',*,*,#2724,.F.);
#2984 = CYLINDRICAL_SURFACE('',#2985,8.E-02);
#2985 = AXIS2_PLACEMENT_3D('',#2986,#2987,#2988);
#2986 = CARTESIAN_POINT('',(83.02,32.10054,8.E-02));
#2987 = DIRECTION('',(0.,-1.,0.));
#2988 = DIRECTION('',(-0.,-0.,-1.));
#2989 = ADVANCED_FACE('',(#2990),#3009,.T.);
#2990 = FACE_BOUND('',#2991,.T.);
#2991 = EDGE_LOOP('',(#2992,#2993,#2994,#3003));
#2992 = ORIENTED_EDGE('',*,*,#2952,.T.);
#2993 = ORIENTED_EDGE('',*,*,#2791,.T.);
#2994 = ORIENTED_EDGE('',*,*,#2995,.F.);
#2995 = EDGE_CURVE('',#2996,#2783,#2998,.T.);
#2996 = VERTEX_POINT('',#2997);
#2997 = CARTESIAN_POINT('',(2.6,51.15,8.E-02));
#2998 = CIRCLE('',#2999,8.E-02);
#2999 = AXIS2_PLACEMENT_3D('',#3000,#3001,#3002);
#3000 = CARTESIAN_POINT('',(2.6,51.07,8.E-02));
#3001 = DIRECTION('',(-1.,0.,0.));
#3002 = DIRECTION('',(0.,1.,0.));
#3003 = ORIENTED_EDGE('',*,*,#3004,.F.);
#3004 = EDGE_CURVE('',#2944,#2996,#3005,.T.);
#3005 = LINE('',#3006,#3007);
#3006 = CARTESIAN_POINT('',(81.4,51.15,8.E-02));
#3007 = VECTOR('',#3008,1.);
#3008 = DIRECTION('',(-1.,0.,0.));
#3009 = CYLINDRICAL_SURFACE('',#3010,8.E-02);
#3010 = AXIS2_PLACEMENT_3D('',#3011,#3012,#3013);
#3011 = CARTESIAN_POINT('',(81.4,51.07,8.E-02));
#3012 = DIRECTION('',(-1.,0.,0.));
#3013 = DIRECTION('',(0.,1.,0.));
#3014 = ADVANCED_FACE('',(#3015),#3034,.T.);
#3015 = FACE_BOUND('',#3016,.T.);
#3016 = EDGE_LOOP('',(#3017,#3018,#3026,#3033));
#3017 = ORIENTED_EDGE('',*,*,#2977,.T.);
#3018 = ORIENTED_EDGE('',*,*,#3019,.T.);
#3019 = EDGE_CURVE('',#2970,#3020,#3022,.T.);
#3020 = VERTEX_POINT('',#3021);
#3021 = CARTESIAN_POINT('',(83.15,19.90054,8.E-02));
#3022 = LINE('',#3023,#3024);
#3023 = CARTESIAN_POINT('',(83.1,19.90054,8.E-02));
#3024 = VECTOR('',#3025,1.);
#3025 = DIRECTION('',(1.,0.,0.));
#3026 = ORIENTED_EDGE('',*,*,#3027,.T.);
#3027 = EDGE_CURVE('',#3020,#2733,#3028,.T.);
#3028 = ELLIPSE('',#3029,0.11313708499,8.E-02);
#3029 = AXIS2_PLACEMENT_3D('',#3030,#3031,#3032);
#3030 = CARTESIAN_POINT('',(83.07,19.82054,8.E-02));
#3031 = DIRECTION('',(-0.707106781187,0.707106781187,0.));
#3032 = DIRECTION('',(0.707106781187,0.707106781187,0.));
#3033 = ORIENTED_EDGE('',*,*,#2732,.F.);
#3034 = CYLINDRICAL_SURFACE('',#3035,8.E-02);
#3035 = AXIS2_PLACEMENT_3D('',#3036,#3037,#3038);
#3036 = CARTESIAN_POINT('',(83.1,19.82054,8.E-02));
#3037 = DIRECTION('',(1.,0.,0.));
#3038 = DIRECTION('',(0.,0.,-1.));
#3039 = ADVANCED_FACE('',(#3040),#3060,.T.);
#3040 = FACE_BOUND('',#3041,.F.);
#3041 = EDGE_LOOP('',(#3042,#3043,#3052,#3059));
#3042 = ORIENTED_EDGE('',*,*,#2995,.F.);
#3043 = ORIENTED_EDGE('',*,*,#3044,.T.);
#3044 = EDGE_CURVE('',#2996,#3045,#3047,.T.);
#3045 = VERTEX_POINT('',#3046);
#3046 = CARTESIAN_POINT('',(0.85,49.4,8.E-02));
#3047 = CIRCLE('',#3048,1.75);
#3048 = AXIS2_PLACEMENT_3D('',#3049,#3050,#3051);
#3049 = CARTESIAN_POINT('',(2.6,49.4,8.E-02));
#3050 = DIRECTION('',(0.,0.,1.));
#3051 = DIRECTION('',(-7.6E-16,1.,0.));
#3052 = ORIENTED_EDGE('',*,*,#3053,.T.);
#3053 = EDGE_CURVE('',#3045,#2775,#3054,.T.);
#3054 = CIRCLE('',#3055,8.E-02);
#3055 = AXIS2_PLACEMENT_3D('',#3056,#3057,#3058);
#3056 = CARTESIAN_POINT('',(0.93,49.4,8.E-02));
#3057 = DIRECTION('',(7.E-16,-1.,0.));
#3058 = DIRECTION('',(-1.,-7.E-16,0.));
#3059 = ORIENTED_EDGE('',*,*,#2782,.F.);
#3060 = TOROIDAL_SURFACE('',#3061,1.67,8.E-02);
#3061 = AXIS2_PLACEMENT_3D('',#3062,#3063,#3064);
#3062 = CARTESIAN_POINT('',(2.6,49.4,8.E-02));
#3063 = DIRECTION('',(0.,0.,-1.));
#3064 = DIRECTION('',(-7.6E-16,1.,0.));
#3065 = ADVANCED_FACE('',(#3066),#3085,.T.);
#3066 = FACE_BOUND('',#3067,.T.);
#3067 = EDGE_LOOP('',(#3068,#3077,#3078,#3079));
#3068 = ORIENTED_EDGE('',*,*,#3069,.T.);
#3069 = EDGE_CURVE('',#3070,#2741,#3072,.T.);
#3070 = VERTEX_POINT('',#3071);
#3071 = CARTESIAN_POINT('',(83.15,2.6,8.E-02));
#3072 = CIRCLE('',#3073,8.E-02);
#3073 = AXIS2_PLACEMENT_3D('',#3074,#3075,#3076);
#3074 = CARTESIAN_POINT('',(83.07,2.6,8.E-02));
#3075 = DIRECTION('',(6.E-17,1.,0.));
#3076 = DIRECTION('',(1.,-6.E-17,0.));
#3077 = ORIENTED_EDGE('',*,*,#2740,.T.);
#3078 = ORIENTED_EDGE('',*,*,#3027,.F.);
#3079 = ORIENTED_EDGE('',*,*,#3080,.F.);
#3080 = EDGE_CURVE('',#3070,#3020,#3081,.T.);
#3081 = LINE('',#3082,#3083);
#3082 = CARTESIAN_POINT('',(83.15,2.6,8.E-02));
#3083 = VECTOR('',#3084,1.);
#3084 = DIRECTION('',(0.,1.,0.));
#3085 = CYLINDRICAL_SURFACE('',#3086,8.E-02);
#3086 = AXIS2_PLACEMENT_3D('',#3087,#3088,#3089);
#3087 = CARTESIAN_POINT('',(83.07,2.6,8.E-02));
#3088 = DIRECTION('',(0.,1.,0.));
#3089 = DIRECTION('',(1.,0.,0.));
#3090 = ADVANCED_FACE('',(#3091),#3110,.T.);
#3091 = FACE_BOUND('',#3092,.T.);
#3092 = EDGE_LOOP('',(#3093,#3094,#3095,#3104));
#3093 = ORIENTED_EDGE('',*,*,#3053,.T.);
#3094 = ORIENTED_EDGE('',*,*,#2774,.T.);
#3095 = ORIENTED_EDGE('',*,*,#3096,.F.);
#3096 = EDGE_CURVE('',#3097,#2766,#3099,.T.);
#3097 = VERTEX_POINT('',#3098);
#3098 = CARTESIAN_POINT('',(0.85,2.6,8.E-02));
#3099 = CIRCLE('',#3100,8.E-02);
#3100 = AXIS2_PLACEMENT_3D('',#3101,#3102,#3103);
#3101 = CARTESIAN_POINT('',(0.93,2.6,8.E-02));
#3102 = DIRECTION('',(-0.,-1.,-0.));
#3103 = DIRECTION('',(-1.,0.,0.));
#3104 = ORIENTED_EDGE('',*,*,#3105,.F.);
#3105 = EDGE_CURVE('',#3045,#3097,#3106,.T.);
#3106 = LINE('',#3107,#3108);
#3107 = CARTESIAN_POINT('',(0.85,49.4,8.E-02));
#3108 = VECTOR('',#3109,1.);
#3109 = DIRECTION('',(0.,-1.,0.));
#3110 = CYLINDRICAL_SURFACE('',#3111,8.E-02);
#3111 = AXIS2_PLACEMENT_3D('',#3112,#3113,#3114);
#3112 = CARTESIAN_POINT('',(0.93,49.4,8.E-02));
#3113 = DIRECTION('',(0.,-1.,0.));
#3114 = DIRECTION('',(-1.,0.,0.));
#3115 = ADVANCED_FACE('',(#3116),#3136,.T.);
#3116 = FACE_BOUND('',#3117,.F.);
#3117 = EDGE_LOOP('',(#3118,#3127,#3134,#3135));
#3118 = ORIENTED_EDGE('',*,*,#3119,.F.);
#3119 = EDGE_CURVE('',#3120,#2749,#3122,.T.);
#3120 = VERTEX_POINT('',#3121);
#3121 = CARTESIAN_POINT('',(81.4,0.85,8.E-02));
#3122 = CIRCLE('',#3123,8.E-02);
#3123 = AXIS2_PLACEMENT_3D('',#3124,#3125,#3126);
#3124 = CARTESIAN_POINT('',(81.4,0.93,8.E-02));
#3125 = DIRECTION('',(1.,0.,0.));
#3126 = DIRECTION('',(0.,-1.,0.));
#3127 = ORIENTED_EDGE('',*,*,#3128,.T.);
#3128 = EDGE_CURVE('',#3120,#3070,#3129,.T.);
#3129 = CIRCLE('',#3130,1.75);
#3130 = AXIS2_PLACEMENT_3D('',#3131,#3132,#3133);
#3131 = CARTESIAN_POINT('',(81.4,2.6,8.E-02));
#3132 = DIRECTION('',(-0.,0.,1.));
#3133 = DIRECTION('',(0.,-1.,0.));
#3134 = ORIENTED_EDGE('',*,*,#3069,.T.);
#3135 = ORIENTED_EDGE('',*,*,#2748,.F.);
#3136 = TOROIDAL_SURFACE('',#3137,1.67,8.E-02);
#3137 = AXIS2_PLACEMENT_3D('',#3138,#3139,#3140);
#3138 = CARTESIAN_POINT('',(81.4,2.6,8.E-02));
#3139 = DIRECTION('',(0.,0.,-1.));
#3140 = DIRECTION('',(0.,-1.,0.));
#3141 = ADVANCED_FACE('',(#3142),#3162,.T.);
#3142 = FACE_BOUND('',#3143,.F.);
#3143 = EDGE_LOOP('',(#3144,#3145,#3154,#3161));
#3144 = ORIENTED_EDGE('',*,*,#3096,.F.);
#3145 = ORIENTED_EDGE('',*,*,#3146,.T.);
#3146 = EDGE_CURVE('',#3097,#3147,#3149,.T.);
#3147 = VERTEX_POINT('',#3148);
#3148 = CARTESIAN_POINT('',(2.6,0.85,8.E-02));
#3149 = CIRCLE('',#3150,1.75);
#3150 = AXIS2_PLACEMENT_3D('',#3151,#3152,#3153);
#3151 = CARTESIAN_POINT('',(2.6,2.6,8.E-02));
#3152 = DIRECTION('',(0.,0.,1.));
#3153 = DIRECTION('',(-1.,-7.6E-16,0.));
#3154 = ORIENTED_EDGE('',*,*,#3155,.T.);
#3155 = EDGE_CURVE('',#3147,#2758,#3156,.T.);
#3156 = CIRCLE('',#3157,8.E-02);
#3157 = AXIS2_PLACEMENT_3D('',#3158,#3159,#3160);
#3158 = CARTESIAN_POINT('',(2.6,0.93,8.E-02));
#3159 = DIRECTION('',(1.,7.E-16,0.));
#3160 = DIRECTION('',(7.E-16,-1.,0.));
#3161 = ORIENTED_EDGE('',*,*,#2765,.F.);
#3162 = TOROIDAL_SURFACE('',#3163,1.67,8.E-02);
#3163 = AXIS2_PLACEMENT_3D('',#3164,#3165,#3166);
#3164 = CARTESIAN_POINT('',(2.6,2.6,8.E-02));
#3165 = DIRECTION('',(0.,0.,-1.));
#3166 = DIRECTION('',(-1.,-7.6E-16,0.));
#3167 = ADVANCED_FACE('',(#3168),#3179,.T.);
#3168 = FACE_BOUND('',#3169,.T.);
#3169 = EDGE_LOOP('',(#3170,#3171,#3172,#3173));
#3170 = ORIENTED_EDGE('',*,*,#3155,.T.);
#3171 = ORIENTED_EDGE('',*,*,#2757,.T.);
#3172 = ORIENTED_EDGE('',*,*,#3119,.F.);
#3173 = ORIENTED_EDGE('',*,*,#3174,.F.);
#3174 = EDGE_CURVE('',#3147,#3120,#3175,.T.);
#3175 = LINE('',#3176,#3177);
#3176 = CARTESIAN_POINT('',(2.6,0.85,8.E-02));
#3177 = VECTOR('',#3178,1.);
#3178 = DIRECTION('',(1.,0.,0.));
#3179 = CYLINDRICAL_SURFACE('',#3180,8.E-02);
#3180 = AXIS2_PLACEMENT_3D('',#3181,#3182,#3183);
#3181 = CARTESIAN_POINT('',(2.6,0.93,8.E-02));
#3182 = DIRECTION('',(1.,0.,0.));
#3183 = DIRECTION('',(0.,-1.,0.));
#3184 = ADVANCED_FACE('',(#3185),#3205,.T.);
#3185 = FACE_BOUND('',#3186,.F.);
#3186 = EDGE_LOOP('',(#3187,#3196,#3197,#3198));
#3187 = ORIENTED_EDGE('',*,*,#3188,.F.);
#3188 = EDGE_CURVE('',#2809,#3189,#3191,.T.);
#3189 = VERTEX_POINT('',#3190);
#3190 = CARTESIAN_POINT('',(74.34062,48.49876,5.E-02));
#3191 = CIRCLE('',#3192,5.E-02);
#3192 = AXIS2_PLACEMENT_3D('',#3193,#3194,#3195);
#3193 = CARTESIAN_POINT('',(74.39062,48.49876,5.E-02));
#3194 = DIRECTION('',(-0.,1.,0.));
#3195 = DIRECTION('',(1.,0.,0.));
#3196 = ORIENTED_EDGE('',*,*,#2808,.F.);
#3197 = ORIENTED_EDGE('',*,*,#3188,.T.);
#3198 = ORIENTED_EDGE('',*,*,#3199,.T.);
#3199 = EDGE_CURVE('',#3189,#3189,#3200,.T.);
#3200 = CIRCLE('',#3201,0.8);
#3201 = AXIS2_PLACEMENT_3D('',#3202,#3203,#3204);
#3202 = CARTESIAN_POINT('',(73.54062,48.49876,5.E-02));
#3203 = DIRECTION('',(0.,0.,1.));
#3204 = DIRECTION('',(1.,0.,0.));
#3205 = TOROIDAL_SURFACE('',#3206,0.85,5.E-02);
#3206 = AXIS2_PLACEMENT_3D('',#3207,#3208,#3209);
#3207 = CARTESIAN_POINT('',(73.54062,48.49876,5.E-02));
#3208 = DIRECTION('',(0.,0.,-1.));
#3209 = DIRECTION('',(1.,0.,0.));
#3210 = ADVANCED_FACE('',(#3211),#3231,.T.);
#3211 = FACE_BOUND('',#3212,.F.);
#3212 = EDGE_LOOP('',(#3213,#3222,#3223,#3224));
#3213 = ORIENTED_EDGE('',*,*,#3214,.F.);
#3214 = EDGE_CURVE('',#2820,#3215,#3217,.T.);
#3215 = VERTEX_POINT('',#3216);
#3216 = CARTESIAN_POINT('',(71.80062,48.49876,5.E-02));
#3217 = CIRCLE('',#3218,5.E-02);
#3218 = AXIS2_PLACEMENT_3D('',#3219,#3220,#3221);
#3219 = CARTESIAN_POINT('',(71.85062,48.49876,5.E-02));
#3220 = DIRECTION('',(-0.,1.,0.));
#3221 = DIRECTION('',(1.,0.,0.));
#3222 = ORIENTED_EDGE('',*,*,#2819,.F.);
#3223 = ORIENTED_EDGE('',*,*,#3214,.T.);
#3224 = ORIENTED_EDGE('',*,*,#3225,.T.);
#3225 = EDGE_CURVE('',#3215,#3215,#3226,.T.);
#3226 = CIRCLE('',#3227,0.8);
#3227 = AXIS2_PLACEMENT_3D('',#3228,#3229,#3230);
#3228 = CARTESIAN_POINT('',(71.00062,48.49876,5.E-02));
#3229 = DIRECTION('',(0.,0.,1.));
#3230 = DIRECTION('',(1.,0.,0.));
#3231 = TOROIDAL_SURFACE('',#3232,0.85,5.E-02);
#3232 = AXIS2_PLACEMENT_3D('',#3233,#3234,#3235);
#3233 = CARTESIAN_POINT('',(71.00062,48.49876,5.E-02));
#3234 = DIRECTION('',(0.,0.,-1.));
#3235 = DIRECTION('',(1.,0.,0.));
#3236 = ADVANCED_FACE('',(#3237),#3257,.T.);
#3237 = FACE_BOUND('',#3238,.F.);
#3238 = EDGE_LOOP('',(#3239,#3248,#3249,#3250));
#3239 = ORIENTED_EDGE('',*,*,#3240,.F.);
#3240 = EDGE_CURVE('',#2831,#3241,#3243,.T.);
#3241 = VERTEX_POINT('',#3242);
#3242 = CARTESIAN_POINT('',(69.26062,48.49876,5.E-02));
#3243 = CIRCLE('',#3244,5.E-02);
#3244 = AXIS2_PLACEMENT_3D('',#3245,#3246,#3247);
#3245 = CARTESIAN_POINT('',(69.31062,48.49876,5.E-02));
#3246 = DIRECTION('',(-0.,1.,0.));
#3247 = DIRECTION('',(1.,0.,0.));
#3248 = ORIENTED_EDGE('',*,*,#2830,.F.);
#3249 = ORIENTED_EDGE('',*,*,#3240,.T.);
#3250 = ORIENTED_EDGE('',*,*,#3251,.T.);
#3251 = EDGE_CURVE('',#3241,#3241,#3252,.T.);
#3252 = CIRCLE('',#3253,0.8);
#3253 = AXIS2_PLACEMENT_3D('',#3254,#3255,#3256);
#3254 = CARTESIAN_POINT('',(68.46062,48.49876,5.E-02));
#3255 = DIRECTION('',(0.,0.,1.));
#3256 = DIRECTION('',(1.,0.,0.));
#3257 = TOROIDAL_SURFACE('',#3258,0.85,5.E-02);
#3258 = AXIS2_PLACEMENT_3D('',#3259,#3260,#3261);
#3259 = CARTESIAN_POINT('',(68.46062,48.49876,5.E-02));
#3260 = DIRECTION('',(0.,0.,-1.));
#3261 = DIRECTION('',(1.,0.,0.));
#3262 = ADVANCED_FACE('',(#3263),#3283,.T.);
#3263 = FACE_BOUND('',#3264,.F.);
#3264 = EDGE_LOOP('',(#3265,#3274,#3275,#3276));
#3265 = ORIENTED_EDGE('',*,*,#3266,.F.);
#3266 = EDGE_CURVE('',#2842,#3267,#3269,.T.);
#3267 = VERTEX_POINT('',#3268);
#3268 = CARTESIAN_POINT('',(66.72062,48.49876,5.E-02));
#3269 = CIRCLE('',#3270,5.E-02);
#3270 = AXIS2_PLACEMENT_3D('',#3271,#3272,#3273);
#3271 = CARTESIAN_POINT('',(66.77062,48.49876,5.E-02));
#3272 = DIRECTION('',(-0.,1.,0.));
#3273 = DIRECTION('',(1.,0.,0.));
#3274 = ORIENTED_EDGE('',*,*,#2841,.F.);
#3275 = ORIENTED_EDGE('',*,*,#3266,.T.);
#3276 = ORIENTED_EDGE('',*,*,#3277,.T.);
#3277 = EDGE_CURVE('',#3267,#3267,#3278,.T.);
#3278 = CIRCLE('',#3279,0.8);
#3279 = AXIS2_PLACEMENT_3D('',#3280,#3281,#3282);
#3280 = CARTESIAN_POINT('',(65.92062,48.49876,5.E-02));
#3281 = DIRECTION('',(0.,0.,1.));
#3282 = DIRECTION('',(1.,0.,0.));
#3283 = TOROIDAL_SURFACE('',#3284,0.85,5.E-02);
#3284 = AXIS2_PLACEMENT_3D('',#3285,#3286,#3287);
#3285 = CARTESIAN_POINT('',(65.92062,48.49876,5.E-02));
#3286 = DIRECTION('',(0.,0.,-1.));
#3287 = DIRECTION('',(1.,0.,0.));
#3288 = ADVANCED_FACE('',(#3289),#3308,.F.);
#3289 = FACE_BOUND('',#3290,.F.);
#3290 = EDGE_LOOP('',(#3291,#3299,#3306,#3307));
#3291 = ORIENTED_EDGE('',*,*,#3292,.T.);
#3292 = EDGE_CURVE('',#2859,#3293,#3295,.T.);
#3293 = VERTEX_POINT('',#3294);
#3294 = CARTESIAN_POINT('',(76.88062,48.49876,0.8));
#3295 = LINE('',#3296,#3297);
#3296 = CARTESIAN_POINT('',(76.88062,48.49876,-1.));
#3297 = VECTOR('',#3298,1.);
#3298 = DIRECTION('',(0.,0.,1.));
#3299 = ORIENTED_EDGE('',*,*,#3300,.F.);
#3300 = EDGE_CURVE('',#3293,#3293,#3301,.T.);
#3301 = CIRCLE('',#3302,0.8);
#3302 = AXIS2_PLACEMENT_3D('',#3303,#3304,#3305);
#3303 = CARTESIAN_POINT('',(76.08062,48.49876,0.8));
#3304 = DIRECTION('',(0.,0.,1.));
#3305 = DIRECTION('',(1.,0.,0.));
#3306 = ORIENTED_EDGE('',*,*,#3292,.F.);
#3307 = ORIENTED_EDGE('',*,*,#2869,.T.);
#3308 = CYLINDRICAL_SURFACE('',#3309,0.8);
#3309 = AXIS2_PLACEMENT_3D('',#3310,#3311,#3312);
#3310 = CARTESIAN_POINT('',(76.08062,48.49876,-1.));
#3311 = DIRECTION('',(0.,0.,1.));
#3312 = DIRECTION('',(1.,0.,0.));
#3313 = ADVANCED_FACE('',(#3314),#3339,.T.);
#3314 = FACE_BOUND('',#3315,.T.);
#3315 = EDGE_LOOP('',(#3316,#3324,#3325,#3333));
#3316 = ORIENTED_EDGE('',*,*,#3317,.F.);
#3317 = EDGE_CURVE('',#2885,#3318,#3320,.T.);
#3318 = VERTEX_POINT('',#3319);
#3319 = CARTESIAN_POINT('',(83.15,32.10054,0.8));
#3320 = LINE('',#3321,#3322);
#3321 = CARTESIAN_POINT('',(83.15,32.10054,-0.5));
#3322 = VECTOR('',#3323,1.);
#3323 = DIRECTION('',(0.,0.,1.));
#3324 = ORIENTED_EDGE('',*,*,#2903,.T.);
#3325 = ORIENTED_EDGE('',*,*,#3326,.T.);
#3326 = EDGE_CURVE('',#2895,#3327,#3329,.T.);
#3327 = VERTEX_POINT('',#3328);
#3328 = CARTESIAN_POINT('',(83.15,49.4,0.8));
#3329 = LINE('',#3330,#3331);
#3330 = CARTESIAN_POINT('',(83.15,49.4,0.));
#3331 = VECTOR('',#3332,1.);
#3332 = DIRECTION('',(0.,0.,1.));
#3333 = ORIENTED_EDGE('',*,*,#3334,.F.);
#3334 = EDGE_CURVE('',#3318,#3327,#3335,.T.);
#3335 = LINE('',#3336,#3337);
#3336 = CARTESIAN_POINT('',(83.15,2.6,0.8));
#3337 = VECTOR('',#3338,1.);
#3338 = DIRECTION('',(0.,1.,0.));
#3339 = PLANE('',#3340);
#3340 = AXIS2_PLACEMENT_3D('',#3341,#3342,#3343);
#3341 = CARTESIAN_POINT('',(83.15,2.6,0.));
#3342 = DIRECTION('',(1.,0.,0.));
#3343 = DIRECTION('',(0.,0.,1.));
#3344 = ADVANCED_FACE('',(#3345),#3363,.F.);
#3345 = FACE_BOUND('',#3346,.F.);
#3346 = EDGE_LOOP('',(#3347,#3348,#3349,#3357));
#3347 = ORIENTED_EDGE('',*,*,#3317,.F.);
#3348 = ORIENTED_EDGE('',*,*,#2926,.F.);
#3349 = ORIENTED_EDGE('',*,*,#3350,.T.);
#3350 = EDGE_CURVE('',#2918,#3351,#3353,.T.);
#3351 = VERTEX_POINT('',#3352);
#3352 = CARTESIAN_POINT('',(83.1,32.10054,0.8));
#3353 = LINE('',#3354,#3355);
#3354 = CARTESIAN_POINT('',(83.1,32.10054,-1.));
#3355 = VECTOR('',#3356,1.);
#3356 = DIRECTION('',(0.,0.,1.));
#3357 = ORIENTED_EDGE('',*,*,#3358,.F.);
#3358 = EDGE_CURVE('',#3318,#3351,#3359,.T.);
#3359 = LINE('',#3360,#3361);
#3360 = CARTESIAN_POINT('',(62.55,32.10054,0.8));
#3361 = VECTOR('',#3362,1.);
#3362 = DIRECTION('',(-1.,0.,0.));
#3363 = PLANE('',#3364);
#3364 = AXIS2_PLACEMENT_3D('',#3365,#3366,#3367);
#3365 = CARTESIAN_POINT('',(83.1,32.10054,-1.));
#3366 = DIRECTION('',(0.,1.,0.));
#3367 = DIRECTION('',(0.,0.,1.));
#3368 = ADVANCED_FACE('',(#3369),#3388,.T.);
#3369 = FACE_BOUND('',#3370,.T.);
#3370 = EDGE_LOOP('',(#3371,#3379,#3386,#3387));
#3371 = ORIENTED_EDGE('',*,*,#3372,.T.);
#3372 = EDGE_CURVE('',#2944,#3373,#3375,.T.);
#3373 = VERTEX_POINT('',#3374);
#3374 = CARTESIAN_POINT('',(81.4,51.15,0.8));
#3375 = LINE('',#3376,#3377);
#3376 = CARTESIAN_POINT('',(81.4,51.15,0.));
#3377 = VECTOR('',#3378,1.);
#3378 = DIRECTION('',(0.,0.,1.));
#3379 = ORIENTED_EDGE('',*,*,#3380,.F.);
#3380 = EDGE_CURVE('',#3327,#3373,#3381,.T.);
#3381 = CIRCLE('',#3382,1.75);
#3382 = AXIS2_PLACEMENT_3D('',#3383,#3384,#3385);
#3383 = CARTESIAN_POINT('',(81.4,49.4,0.8));
#3384 = DIRECTION('',(0.,0.,1.));
#3385 = DIRECTION('',(1.,0.,0.));
#3386 = ORIENTED_EDGE('',*,*,#3326,.F.);
#3387 = ORIENTED_EDGE('',*,*,#2943,.T.);
#3388 = CYLINDRICAL_SURFACE('',#3389,1.75);
#3389 = AXIS2_PLACEMENT_3D('',#3390,#3391,#3392);
#3390 = CARTESIAN_POINT('',(81.4,49.4,0.));
#3391 = DIRECTION('',(0.,0.,1.));
#3392 = DIRECTION('',(1.,0.,0.));
#3393 = ADVANCED_FACE('',(#3394),#3412,.T.);
#3394 = FACE_BOUND('',#3395,.T.);
#3395 = EDGE_LOOP('',(#3396,#3404,#3405,#3406));
#3396 = ORIENTED_EDGE('',*,*,#3397,.F.);
#3397 = EDGE_CURVE('',#2970,#3398,#3400,.T.);
#3398 = VERTEX_POINT('',#3399);
#3399 = CARTESIAN_POINT('',(83.1,19.90054,0.8));
#3400 = LINE('',#3401,#3402);
#3401 = CARTESIAN_POINT('',(83.1,19.90054,-1.));
#3402 = VECTOR('',#3403,1.);
#3403 = DIRECTION('',(0.,0.,1.));
#3404 = ORIENTED_EDGE('',*,*,#2969,.F.);
#3405 = ORIENTED_EDGE('',*,*,#3350,.T.);
#3406 = ORIENTED_EDGE('',*,*,#3407,.F.);
#3407 = EDGE_CURVE('',#3398,#3351,#3408,.T.);
#3408 = LINE('',#3409,#3410);
#3409 = CARTESIAN_POINT('',(83.1,22.95027,0.8));
#3410 = VECTOR('',#3411,1.);
#3411 = DIRECTION('',(0.,1.,0.));
#3412 = PLANE('',#3413);
#3413 = AXIS2_PLACEMENT_3D('',#3414,#3415,#3416);
#3414 = CARTESIAN_POINT('',(83.1,19.90054,-1.));
#3415 = DIRECTION('',(1.,0.,0.));
#3416 = DIRECTION('',(0.,0.,1.));
#3417 = ADVANCED_FACE('',(#3418),#3436,.T.);
#3418 = FACE_BOUND('',#3419,.T.);
#3419 = EDGE_LOOP('',(#3420,#3421,#3422,#3430));
#3420 = ORIENTED_EDGE('',*,*,#3372,.F.);
#3421 = ORIENTED_EDGE('',*,*,#3004,.T.);
#3422 = ORIENTED_EDGE('',*,*,#3423,.T.);
#3423 = EDGE_CURVE('',#2996,#3424,#3426,.T.);
#3424 = VERTEX_POINT('',#3425);
#3425 = CARTESIAN_POINT('',(2.6,51.15,0.8));
#3426 = LINE('',#3427,#3428);
#3427 = CARTESIAN_POINT('',(2.6,51.15,0.));
#3428 = VECTOR('',#3429,1.);
#3429 = DIRECTION('',(0.,0.,1.));
#3430 = ORIENTED_EDGE('',*,*,#3431,.T.);
#3431 = EDGE_CURVE('',#3424,#3373,#3432,.T.);
#3432 = LINE('',#3433,#3434);
#3433 = CARTESIAN_POINT('',(2.6,51.15,0.8));
#3434 = VECTOR('',#3435,1.);
#3435 = DIRECTION('',(1.,0.,0.));
#3436 = PLANE('',#3437);
#3437 = AXIS2_PLACEMENT_3D('',#3438,#3439,#3440);
#3438 = CARTESIAN_POINT('',(2.6,51.15,0.));
#3439 = DIRECTION('',(0.,1.,0.));
#3440 = DIRECTION('',(0.,0.,1.));
#3441 = ADVANCED_FACE('',(#3442),#3460,.T.);
#3442 = FACE_BOUND('',#3443,.T.);
#3443 = EDGE_LOOP('',(#3444,#3452,#3453,#3454));
#3444 = ORIENTED_EDGE('',*,*,#3445,.F.);
#3445 = EDGE_CURVE('',#3020,#3446,#3448,.T.);
#3446 = VERTEX_POINT('',#3447);
#3447 = CARTESIAN_POINT('',(83.15,19.90054,0.8));
#3448 = LINE('',#3449,#3450);
#3449 = CARTESIAN_POINT('',(83.15,19.90054,-0.5));
#3450 = VECTOR('',#3451,1.);
#3451 = DIRECTION('',(0.,0.,1.));
#3452 = ORIENTED_EDGE('',*,*,#3019,.F.);
#3453 = ORIENTED_EDGE('',*,*,#3397,.T.);
#3454 = ORIENTED_EDGE('',*,*,#3455,.F.);
#3455 = EDGE_CURVE('',#3446,#3398,#3456,.T.);
#3456 = LINE('',#3457,#3458);
#3457 = CARTESIAN_POINT('',(62.55,19.90054,0.8));
#3458 = VECTOR('',#3459,1.);
#3459 = DIRECTION('',(-1.,0.,0.));
#3460 = PLANE('',#3461);
#3461 = AXIS2_PLACEMENT_3D('',#3462,#3463,#3464);
#3462 = CARTESIAN_POINT('',(83.1,19.90054,-1.));
#3463 = DIRECTION('',(0.,1.,0.));
#3464 = DIRECTION('',(0.,0.,1.));
#3465 = ADVANCED_FACE('',(#3466),#3485,.T.);
#3466 = FACE_BOUND('',#3467,.T.);
#3467 = EDGE_LOOP('',(#3468,#3476,#3483,#3484));
#3468 = ORIENTED_EDGE('',*,*,#3469,.T.);
#3469 = EDGE_CURVE('',#3045,#3470,#3472,.T.);
#3470 = VERTEX_POINT('',#3471);
#3471 = CARTESIAN_POINT('',(0.85,49.4,0.8));
#3472 = LINE('',#3473,#3474);
#3473 = CARTESIAN_POINT('',(0.85,49.4,0.));
#3474 = VECTOR('',#3475,1.);
#3475 = DIRECTION('',(0.,0.,1.));
#3476 = ORIENTED_EDGE('',*,*,#3477,.F.);
#3477 = EDGE_CURVE('',#3424,#3470,#3478,.T.);
#3478 = CIRCLE('',#3479,1.75);
#3479 = AXIS2_PLACEMENT_3D('',#3480,#3481,#3482);
#3480 = CARTESIAN_POINT('',(2.6,49.4,0.8));
#3481 = DIRECTION('',(0.,0.,1.));
#3482 = DIRECTION('',(1.,0.,0.));
#3483 = ORIENTED_EDGE('',*,*,#3423,.F.);
#3484 = ORIENTED_EDGE('',*,*,#3044,.T.);
#3485 = CYLINDRICAL_SURFACE('',#3486,1.75);
#3486 = AXIS2_PLACEMENT_3D('',#3487,#3488,#3489);
#3487 = CARTESIAN_POINT('',(2.6,49.4,0.));
#3488 = DIRECTION('',(0.,0.,1.));
#3489 = DIRECTION('',(1.,0.,0.));
#3490 = ADVANCED_FACE('',(#3491),#3509,.T.);
#3491 = FACE_BOUND('',#3492,.T.);
#3492 = EDGE_LOOP('',(#3493,#3501,#3502,#3503));
#3493 = ORIENTED_EDGE('',*,*,#3494,.F.);
#3494 = EDGE_CURVE('',#3070,#3495,#3497,.T.);
#3495 = VERTEX_POINT('',#3496);
#3496 = CARTESIAN_POINT('',(83.15,2.6,0.8));
#3497 = LINE('',#3498,#3499);
#3498 = CARTESIAN_POINT('',(83.15,2.6,0.));
#3499 = VECTOR('',#3500,1.);
#3500 = DIRECTION('',(0.,0.,1.));
#3501 = ORIENTED_EDGE('',*,*,#3080,.T.);
#3502 = ORIENTED_EDGE('',*,*,#3445,.T.);
#3503 = ORIENTED_EDGE('',*,*,#3504,.F.);
#3504 = EDGE_CURVE('',#3495,#3446,#3505,.T.);
#3505 = LINE('',#3506,#3507);
#3506 = CARTESIAN_POINT('',(83.15,2.6,0.8));
#3507 = VECTOR('',#3508,1.);
#3508 = DIRECTION('',(0.,1.,0.));
#3509 = PLANE('',#3510);
#3510 = AXIS2_PLACEMENT_3D('',#3511,#3512,#3513);
#3511 = CARTESIAN_POINT('',(83.15,2.6,0.));
#3512 = DIRECTION('',(1.,0.,0.));
#3513 = DIRECTION('',(0.,0.,1.));
#3514 = ADVANCED_FACE('',(#3515),#3533,.F.);
#3515 = FACE_BOUND('',#3516,.F.);
#3516 = EDGE_LOOP('',(#3517,#3525,#3526,#3527));
#3517 = ORIENTED_EDGE('',*,*,#3518,.F.);
#3518 = EDGE_CURVE('',#3097,#3519,#3521,.T.);
#3519 = VERTEX_POINT('',#3520);
#3520 = CARTESIAN_POINT('',(0.85,2.6,0.8));
#3521 = LINE('',#3522,#3523);
#3522 = CARTESIAN_POINT('',(0.85,2.6,0.));
#3523 = VECTOR('',#3524,1.);
#3524 = DIRECTION('',(0.,0.,1.));
#3525 = ORIENTED_EDGE('',*,*,#3105,.F.);
#3526 = ORIENTED_EDGE('',*,*,#3469,.T.);
#3527 = ORIENTED_EDGE('',*,*,#3528,.F.);
#3528 = EDGE_CURVE('',#3519,#3470,#3529,.T.);
#3529 = LINE('',#3530,#3531);
#3530 = CARTESIAN_POINT('',(0.85,2.6,0.8));
#3531 = VECTOR('',#3532,1.);
#3532 = DIRECTION('',(0.,1.,0.));
#3533 = PLANE('',#3534);
#3534 = AXIS2_PLACEMENT_3D('',#3535,#3536,#3537);
#3535 = CARTESIAN_POINT('',(0.85,2.6,0.));
#3536 = DIRECTION('',(1.,0.,0.));
#3537 = DIRECTION('',(0.,0.,1.));
#3538 = ADVANCED_FACE('',(#3539),#3558,.T.);
#3539 = FACE_BOUND('',#3540,.T.);
#3540 = EDGE_LOOP('',(#3541,#3542,#3551,#3557));
#3541 = ORIENTED_EDGE('',*,*,#3494,.T.);
#3542 = ORIENTED_EDGE('',*,*,#3543,.F.);
#3543 = EDGE_CURVE('',#3544,#3495,#3546,.T.);
#3544 = VERTEX_POINT('',#3545);
#3545 = CARTESIAN_POINT('',(81.4,0.85,0.8));
#3546 = CIRCLE('',#3547,1.75);
#3547 = AXIS2_PLACEMENT_3D('',#3548,#3549,#3550);
#3548 = CARTESIAN_POINT('',(81.4,2.6,0.8));
#3549 = DIRECTION('',(0.,0.,1.));
#3550 = DIRECTION('',(1.,0.,0.));
#3551 = ORIENTED_EDGE('',*,*,#3552,.F.);
#3552 = EDGE_CURVE('',#3120,#3544,#3553,.T.);
#3553 = LINE('',#3554,#3555);
#3554 = CARTESIAN_POINT('',(81.4,0.85,0.));
#3555 = VECTOR('',#3556,1.);
#3556 = DIRECTION('',(0.,0.,1.));
#3557 = ORIENTED_EDGE('',*,*,#3128,.T.);
#3558 = CYLINDRICAL_SURFACE('',#3559,1.75);
#3559 = AXIS2_PLACEMENT_3D('',#3560,#3561,#3562);
#3560 = CARTESIAN_POINT('',(81.4,2.6,0.));
#3561 = DIRECTION('',(0.,0.,1.));
#3562 = DIRECTION('',(1.,0.,0.));
#3563 = ADVANCED_FACE('',(#3564),#3583,.T.);
#3564 = FACE_BOUND('',#3565,.T.);
#3565 = EDGE_LOOP('',(#3566,#3574,#3581,#3582));
#3566 = ORIENTED_EDGE('',*,*,#3567,.T.);
#3567 = EDGE_CURVE('',#3147,#3568,#3570,.T.);
#3568 = VERTEX_POINT('',#3569);
#3569 = CARTESIAN_POINT('',(2.6,0.85,0.8));
#3570 = LINE('',#3571,#3572);
#3571 = CARTESIAN_POINT('',(2.6,0.85,0.));
#3572 = VECTOR('',#3573,1.);
#3573 = DIRECTION('',(0.,0.,1.));
#3574 = ORIENTED_EDGE('',*,*,#3575,.F.);
#3575 = EDGE_CURVE('',#3519,#3568,#3576,.T.);
#3576 = CIRCLE('',#3577,1.75);
#3577 = AXIS2_PLACEMENT_3D('',#3578,#3579,#3580);
#3578 = CARTESIAN_POINT('',(2.6,2.6,0.8));
#3579 = DIRECTION('',(0.,0.,1.));
#3580 = DIRECTION('',(1.,0.,0.));
#3581 = ORIENTED_EDGE('',*,*,#3518,.F.);
#3582 = ORIENTED_EDGE('',*,*,#3146,.T.);
#3583 = CYLINDRICAL_SURFACE('',#3584,1.75);
#3584 = AXIS2_PLACEMENT_3D('',#3585,#3586,#3587);
#3585 = CARTESIAN_POINT('',(2.6,2.6,0.));
#3586 = DIRECTION('',(0.,0.,1.));
#3587 = DIRECTION('',(1.,0.,0.));
#3588 = ADVANCED_FACE('',(#3589),#3600,.F.);
#3589 = FACE_BOUND('',#3590,.F.);
#3590 = EDGE_LOOP('',(#3591,#3592,#3593,#3594));
#3591 = ORIENTED_EDGE('',*,*,#3552,.F.);
#3592 = ORIENTED_EDGE('',*,*,#3174,.F.);
#3593 = ORIENTED_EDGE('',*,*,#3567,.T.);
#3594 = ORIENTED_EDGE('',*,*,#3595,.T.);
#3595 = EDGE_CURVE('',#3568,#3544,#3596,.T.);
#3596 = LINE('',#3597,#3598);
#3597 = CARTESIAN_POINT('',(2.6,0.85,0.8));
#3598 = VECTOR('',#3599,1.);
#3599 = DIRECTION('',(1.,0.,0.));
#3600 = PLANE('',#3601);
#3601 = AXIS2_PLACEMENT_3D('',#3602,#3603,#3604);
#3602 = CARTESIAN_POINT('',(2.6,0.85,0.));
#3603 = DIRECTION('',(0.,1.,0.));
#3604 = DIRECTION('',(0.,0.,1.));
#3605 = ADVANCED_FACE('',(#3606),#3625,.F.);
#3606 = FACE_BOUND('',#3607,.F.);
#3607 = EDGE_LOOP('',(#3608,#3616,#3623,#3624));
#3608 = ORIENTED_EDGE('',*,*,#3609,.T.);
#3609 = EDGE_CURVE('',#3189,#3610,#3612,.T.);
#3610 = VERTEX_POINT('',#3611);
#3611 = CARTESIAN_POINT('',(74.34062,48.49876,0.8));
#3612 = LINE('',#3613,#3614);
#3613 = CARTESIAN_POINT('',(74.34062,48.49876,-1.));
#3614 = VECTOR('',#3615,1.);
#3615 = DIRECTION('',(0.,0.,1.));
#3616 = ORIENTED_EDGE('',*,*,#3617,.F.);
#3617 = EDGE_CURVE('',#3610,#3610,#3618,.T.);
#3618 = CIRCLE('',#3619,0.8);
#3619 = AXIS2_PLACEMENT_3D('',#3620,#3621,#3622);
#3620 = CARTESIAN_POINT('',(73.54062,48.49876,0.8));
#3621 = DIRECTION('',(0.,0.,1.));
#3622 = DIRECTION('',(1.,0.,0.));
#3623 = ORIENTED_EDGE('',*,*,#3609,.F.);
#3624 = ORIENTED_EDGE('',*,*,#3199,.T.);
#3625 = CYLINDRICAL_SURFACE('',#3626,0.8);
#3626 = AXIS2_PLACEMENT_3D('',#3627,#3628,#3629);
#3627 = CARTESIAN_POINT('',(73.54062,48.49876,-1.));
#3628 = DIRECTION('',(0.,0.,1.));
#3629 = DIRECTION('',(1.,0.,0.));
#3630 = ADVANCED_FACE('',(#3631),#3650,.F.);
#3631 = FACE_BOUND('',#3632,.F.);
#3632 = EDGE_LOOP('',(#3633,#3641,#3648,#3649));
#3633 = ORIENTED_EDGE('',*,*,#3634,.T.);
#3634 = EDGE_CURVE('',#3215,#3635,#3637,.T.);
#3635 = VERTEX_POINT('',#3636);
#3636 = CARTESIAN_POINT('',(71.80062,48.49876,0.8));
#3637 = LINE('',#3638,#3639);
#3638 = CARTESIAN_POINT('',(71.80062,48.49876,-1.));
#3639 = VECTOR('',#3640,1.);
#3640 = DIRECTION('',(0.,0.,1.));
#3641 = ORIENTED_EDGE('',*,*,#3642,.F.);
#3642 = EDGE_CURVE('',#3635,#3635,#3643,.T.);
#3643 = CIRCLE('',#3644,0.8);
#3644 = AXIS2_PLACEMENT_3D('',#3645,#3646,#3647);
#3645 = CARTESIAN_POINT('',(71.00062,48.49876,0.8));
#3646 = DIRECTION('',(0.,0.,1.));
#3647 = DIRECTION('',(1.,0.,0.));
#3648 = ORIENTED_EDGE('',*,*,#3634,.F.);
#3649 = ORIENTED_EDGE('',*,*,#3225,.T.);
#3650 = CYLINDRICAL_SURFACE('',#3651,0.8);
#3651 = AXIS2_PLACEMENT_3D('',#3652,#3653,#3654);
#3652 = CARTESIAN_POINT('',(71.00062,48.49876,-1.));
#3653 = DIRECTION('',(0.,0.,1.));
#3654 = DIRECTION('',(1.,0.,0.));
#3655 = ADVANCED_FACE('',(#3656),#3675,.F.);
#3656 = FACE_BOUND('',#3657,.F.);
#3657 = EDGE_LOOP('',(#3658,#3666,#3673,#3674));
#3658 = ORIENTED_EDGE('',*,*,#3659,.T.);
#3659 = EDGE_CURVE('',#3241,#3660,#3662,.T.);
#3660 = VERTEX_POINT('',#3661);
#3661 = CARTESIAN_POINT('',(69.26062,48.49876,0.8));
#3662 = LINE('',#3663,#3664);
#3663 = CARTESIAN_POINT('',(69.26062,48.49876,-1.));
#3664 = VECTOR('',#3665,1.);
#3665 = DIRECTION('',(0.,0.,1.));
#3666 = ORIENTED_EDGE('',*,*,#3667,.F.);
#3667 = EDGE_CURVE('',#3660,#3660,#3668,.T.);
#3668 = CIRCLE('',#3669,0.8);
#3669 = AXIS2_PLACEMENT_3D('',#3670,#3671,#3672);
#3670 = CARTESIAN_POINT('',(68.46062,48.49876,0.8));
#3671 = DIRECTION('',(0.,0.,1.));
#3672 = DIRECTION('',(1.,0.,0.));
#3673 = ORIENTED_EDGE('',*,*,#3659,.F.);
#3674 = ORIENTED_EDGE('',*,*,#3251,.T.);
#3675 = CYLINDRICAL_SURFACE('',#3676,0.8);
#3676 = AXIS2_PLACEMENT_3D('',#3677,#3678,#3679);
#3677 = CARTESIAN_POINT('',(68.46062,48.49876,-1.));
#3678 = DIRECTION('',(0.,0.,1.));
#3679 = DIRECTION('',(1.,0.,0.));
#3680 = ADVANCED_FACE('',(#3681),#3700,.F.);
#3681 = FACE_BOUND('',#3682,.F.);
#3682 = EDGE_LOOP('',(#3683,#3691,#3698,#3699));
#3683 = ORIENTED_EDGE('',*,*,#3684,.T.);
#3684 = EDGE_CURVE('',#3267,#3685,#3687,.T.);
#3685 = VERTEX_POINT('',#3686);
#3686 = CARTESIAN_POINT('',(66.72062,48.49876,0.8));
#3687 = LINE('',#3688,#3689);
#3688 = CARTESIAN_POINT('',(66.72062,48.49876,-1.));
#3689 = VECTOR('',#3690,1.);
#3690 = DIRECTION('',(0.,0.,1.));
#3691 = ORIENTED_EDGE('',*,*,#3692,.F.);
#3692 = EDGE_CURVE('',#3685,#3685,#3693,.T.);
#3693 = CIRCLE('',#3694,0.8);
#3694 = AXIS2_PLACEMENT_3D('',#3695,#3696,#3697);
#3695 = CARTESIAN_POINT('',(65.92062,48.49876,0.8));
#3696 = DIRECTION('',(0.,0.,1.));
#3697 = DIRECTION('',(1.,0.,0.));
#3698 = ORIENTED_EDGE('',*,*,#3684,.F.);
#3699 = ORIENTED_EDGE('',*,*,#3277,.T.);
#3700 = CYLINDRICAL_SURFACE('',#3701,0.8);
#3701 = AXIS2_PLACEMENT_3D('',#3702,#3703,#3704);
#3702 = CARTESIAN_POINT('',(65.92062,48.49876,-1.));
#3703 = DIRECTION('',(0.,0.,1.));
#3704 = DIRECTION('',(1.,0.,0.));
#3705 = ADVANCED_FACE('',(#3706,#3720,#3723,#3726,#3729,#3732),#3735,.T.
  );
#3706 = FACE_BOUND('',#3707,.T.);
#3707 = EDGE_LOOP('',(#3708,#3709,#3710,#3711,#3712,#3713,#3714,#3715,
    #3716,#3717,#3718,#3719));
#3708 = ORIENTED_EDGE('',*,*,#3528,.F.);
#3709 = ORIENTED_EDGE('',*,*,#3575,.T.);
#3710 = ORIENTED_EDGE('',*,*,#3595,.T.);
#3711 = ORIENTED_EDGE('',*,*,#3543,.T.);
#3712 = ORIENTED_EDGE('',*,*,#3504,.T.);
#3713 = ORIENTED_EDGE('',*,*,#3455,.T.);
#3714 = ORIENTED_EDGE('',*,*,#3407,.T.);
#3715 = ORIENTED_EDGE('',*,*,#3358,.F.);
#3716 = ORIENTED_EDGE('',*,*,#3334,.T.);
#3717 = ORIENTED_EDGE('',*,*,#3380,.T.);
#3718 = ORIENTED_EDGE('',*,*,#3431,.F.);
#3719 = ORIENTED_EDGE('',*,*,#3477,.T.);
#3720 = FACE_BOUND('',#3721,.T.);
#3721 = EDGE_LOOP('',(#3722));
#3722 = ORIENTED_EDGE('',*,*,#3692,.F.);
#3723 = FACE_BOUND('',#3724,.T.);
#3724 = EDGE_LOOP('',(#3725));
#3725 = ORIENTED_EDGE('',*,*,#3667,.F.);
#3726 = FACE_BOUND('',#3727,.T.);
#3727 = EDGE_LOOP('',(#3728));
#3728 = ORIENTED_EDGE('',*,*,#3642,.F.);
#3729 = FACE_BOUND('',#3730,.T.);
#3730 = EDGE_LOOP('',(#3731));
#3731 = ORIENTED_EDGE('',*,*,#3617,.F.);
#3732 = FACE_BOUND('',#3733,.T.);
#3733 = EDGE_LOOP('',(#3734));
#3734 = ORIENTED_EDGE('',*,*,#3300,.F.);
#3735 = PLANE('',#3736);
#3736 = AXIS2_PLACEMENT_3D('',#3737,#3738,#3739);
#3737 = CARTESIAN_POINT('',(42.,26.,0.8));
#3738 = DIRECTION('',(0.,0.,1.));
#3739 = DIRECTION('',(1.,0.,0.));
#3740 = MANIFOLD_SOLID_BREP('',#3741);
#3741 = CLOSED_SHELL('',(#3742,#3775,#3801,#3821,#3830,#3991,#4007,#4024
    ,#4066,#4083,#4093,#4110,#4120,#4137,#4147,#4171));
#3742 = ADVANCED_FACE('',(#3743),#3770,.T.);
#3743 = FACE_BOUND('',#3744,.T.);
#3744 = EDGE_LOOP('',(#3745,#3755,#3762,#3763));
#3745 = ORIENTED_EDGE('',*,*,#3746,.T.);
#3746 = EDGE_CURVE('',#3747,#3749,#3751,.T.);
#3747 = VERTEX_POINT('',#3748);
#3748 = CARTESIAN_POINT('',(43.1,4.5,4.35));
#3749 = VERTEX_POINT('',#3750);
#3750 = CARTESIAN_POINT('',(43.1,4.5,4.97));
#3751 = LINE('',#3752,#3753);
#3752 = CARTESIAN_POINT('',(43.1,4.5,3.35));
#3753 = VECTOR('',#3754,1.);
#3754 = DIRECTION('',(0.,0.,1.));
#3755 = ORIENTED_EDGE('',*,*,#3756,.F.);
#3756 = EDGE_CURVE('',#3749,#3749,#3757,.T.);
#3757 = CIRCLE('',#3758,2.);
#3758 = AXIS2_PLACEMENT_3D('',#3759,#3760,#3761);
#3759 = CARTESIAN_POINT('',(41.1,4.5,4.97));
#3760 = DIRECTION('',(0.,0.,1.));
#3761 = DIRECTION('',(1.,0.,0.));
#3762 = ORIENTED_EDGE('',*,*,#3746,.F.);
#3763 = ORIENTED_EDGE('',*,*,#3764,.T.);
#3764 = EDGE_CURVE('',#3747,#3747,#3765,.T.);
#3765 = CIRCLE('',#3766,2.);
#3766 = AXIS2_PLACEMENT_3D('',#3767,#3768,#3769);
#3767 = CARTESIAN_POINT('',(41.1,4.5,4.35));
#3768 = DIRECTION('',(0.,0.,1.));
#3769 = DIRECTION('',(1.,0.,0.));
#3770 = CYLINDRICAL_SURFACE('',#3771,2.);
#3771 = AXIS2_PLACEMENT_3D('',#3772,#3773,#3774);
#3772 = CARTESIAN_POINT('',(41.1,4.5,3.35));
#3773 = DIRECTION('',(0.,0.,1.));
#3774 = DIRECTION('',(1.,0.,0.));
#3775 = ADVANCED_FACE('',(#3776),#3796,.T.);
#3776 = FACE_BOUND('',#3777,.T.);
#3777 = EDGE_LOOP('',(#3778,#3787,#3788,#3789));
#3778 = ORIENTED_EDGE('',*,*,#3779,.F.);
#3779 = EDGE_CURVE('',#3749,#3780,#3782,.T.);
#3780 = VERTEX_POINT('',#3781);
#3781 = CARTESIAN_POINT('',(42.9,4.5,5.17));
#3782 = CIRCLE('',#3783,0.2);
#3783 = AXIS2_PLACEMENT_3D('',#3784,#3785,#3786);
#3784 = CARTESIAN_POINT('',(42.9,4.5,4.97));
#3785 = DIRECTION('',(0.,-1.,0.));
#3786 = DIRECTION('',(1.,0.,0.));
#3787 = ORIENTED_EDGE('',*,*,#3756,.T.);
#3788 = ORIENTED_EDGE('',*,*,#3779,.T.);
#3789 = ORIENTED_EDGE('',*,*,#3790,.F.);
#3790 = EDGE_CURVE('',#3780,#3780,#3791,.T.);
#3791 = CIRCLE('',#3792,1.8);
#3792 = AXIS2_PLACEMENT_3D('',#3793,#3794,#3795);
#3793 = CARTESIAN_POINT('',(41.1,4.5,5.17));
#3794 = DIRECTION('',(0.,0.,1.));
#3795 = DIRECTION('',(1.,0.,0.));
#3796 = TOROIDAL_SURFACE('',#3797,1.8,0.2);
#3797 = AXIS2_PLACEMENT_3D('',#3798,#3799,#3800);
#3798 = CARTESIAN_POINT('',(41.1,4.5,4.97));
#3799 = DIRECTION('',(0.,0.,1.));
#3800 = DIRECTION('',(1.,0.,0.));
#3801 = ADVANCED_FACE('',(#3802,#3813),#3816,.T.);
#3802 = FACE_BOUND('',#3803,.T.);
#3803 = EDGE_LOOP('',(#3804));
#3804 = ORIENTED_EDGE('',*,*,#3805,.T.);
#3805 = EDGE_CURVE('',#3806,#3806,#3808,.T.);
#3806 = VERTEX_POINT('',#3807);
#3807 = CARTESIAN_POINT('',(44.5,4.5,4.35));
#3808 = CIRCLE('',#3809,3.4);
#3809 = AXIS2_PLACEMENT_3D('',#3810,#3811,#3812);
#3810 = CARTESIAN_POINT('',(41.1,4.5,4.35));
#3811 = DIRECTION('',(0.,0.,1.));
#3812 = DIRECTION('',(1.,0.,0.));
#3813 = FACE_BOUND('',#3814,.T.);
#3814 = EDGE_LOOP('',(#3815));
#3815 = ORIENTED_EDGE('',*,*,#3764,.F.);
#3816 = PLANE('',#3817);
#3817 = AXIS2_PLACEMENT_3D('',#3818,#3819,#3820);
#3818 = CARTESIAN_POINT('',(41.1,4.5,4.35));
#3819 = DIRECTION('',(0.,0.,1.));
#3820 = DIRECTION('',(1.,0.,0.));
#3821 = ADVANCED_FACE('',(#3822),#3825,.T.);
#3822 = FACE_BOUND('',#3823,.T.);
#3823 = EDGE_LOOP('',(#3824));
#3824 = ORIENTED_EDGE('',*,*,#3790,.T.);
#3825 = PLANE('',#3826);
#3826 = AXIS2_PLACEMENT_3D('',#3827,#3828,#3829);
#3827 = CARTESIAN_POINT('',(41.1,4.5,5.17));
#3828 = DIRECTION('',(0.,0.,1.));
#3829 = DIRECTION('',(1.,0.,0.));
#3830 = ADVANCED_FACE('',(#3831),#3986,.T.);
#3831 = FACE_BOUND('',#3832,.T.);
#3832 = EDGE_LOOP('',(#3833,#3841,#3842,#3843,#3852,#3860,#3869,#3877,
    #3886,#3894,#3903,#3911,#3920,#3928,#3937,#3945,#3954,#3962,#3971,
    #3979));
#3833 = ORIENTED_EDGE('',*,*,#3834,.T.);
#3834 = EDGE_CURVE('',#3835,#3806,#3837,.T.);
#3835 = VERTEX_POINT('',#3836);
#3836 = CARTESIAN_POINT('',(44.5,4.5,3.35));
#3837 = LINE('',#3838,#3839);
#3838 = CARTESIAN_POINT('',(44.5,4.5,3.35));
#3839 = VECTOR('',#3840,1.);
#3840 = DIRECTION('',(0.,0.,1.));
#3841 = ORIENTED_EDGE('',*,*,#3805,.F.);
#3842 = ORIENTED_EDGE('',*,*,#3834,.F.);
#3843 = ORIENTED_EDGE('',*,*,#3844,.T.);
#3844 = EDGE_CURVE('',#3835,#3845,#3847,.T.);
#3845 = VERTEX_POINT('',#3846);
#3846 = CARTESIAN_POINT('',(43.9,6.428730152199,3.35));
#3847 = CIRCLE('',#3848,3.4);
#3848 = AXIS2_PLACEMENT_3D('',#3849,#3850,#3851);
#3849 = CARTESIAN_POINT('',(41.1,4.5,3.35));
#3850 = DIRECTION('',(0.,0.,1.));
#3851 = DIRECTION('',(1.,0.,0.));
#3852 = ORIENTED_EDGE('',*,*,#3853,.T.);
#3853 = EDGE_CURVE('',#3845,#3854,#3856,.T.);
#3854 = VERTEX_POINT('',#3855);
#3855 = CARTESIAN_POINT('',(43.9,6.428730152199,3.75));
#3856 = LINE('',#3857,#3858);
#3857 = CARTESIAN_POINT('',(43.9,6.428730152199,3.35));
#3858 = VECTOR('',#3859,1.);
#3859 = DIRECTION('',(0.,0.,1.));
#3860 = ORIENTED_EDGE('',*,*,#3861,.T.);
#3861 = EDGE_CURVE('',#3854,#3862,#3864,.T.);
#3862 = VERTEX_POINT('',#3863);
#3863 = CARTESIAN_POINT('',(43.028730152199,7.3,3.75));
#3864 = CIRCLE('',#3865,3.4);
#3865 = AXIS2_PLACEMENT_3D('',#3866,#3867,#3868);
#3866 = CARTESIAN_POINT('',(41.1,4.5,3.75));
#3867 = DIRECTION('',(0.,0.,1.));
#3868 = DIRECTION('',(1.,0.,0.));
#3869 = ORIENTED_EDGE('',*,*,#3870,.F.);
#3870 = EDGE_CURVE('',#3871,#3862,#3873,.T.);
#3871 = VERTEX_POINT('',#3872);
#3872 = CARTESIAN_POINT('',(43.028730152199,7.3,3.35));
#3873 = LINE('',#3874,#3875);
#3874 = CARTESIAN_POINT('',(43.028730152199,7.3,3.35));
#3875 = VECTOR('',#3876,1.);
#3876 = DIRECTION('',(0.,0.,1.));
#3877 = ORIENTED_EDGE('',*,*,#3878,.T.);
#3878 = EDGE_CURVE('',#3871,#3879,#3881,.T.);
#3879 = VERTEX_POINT('',#3880);
#3880 = CARTESIAN_POINT('',(39.171269847801,7.3,3.35));
#3881 = CIRCLE('',#3882,3.4);
#3882 = AXIS2_PLACEMENT_3D('',#3883,#3884,#3885);
#3883 = CARTESIAN_POINT('',(41.1,4.5,3.35));
#3884 = DIRECTION('',(0.,0.,1.));
#3885 = DIRECTION('',(1.,0.,0.));
#3886 = ORIENTED_EDGE('',*,*,#3887,.T.);
#3887 = EDGE_CURVE('',#3879,#3888,#3890,.T.);
#3888 = VERTEX_POINT('',#3889);
#3889 = CARTESIAN_POINT('',(39.171269847801,7.3,3.75));
#3890 = LINE('',#3891,#3892);
#3891 = CARTESIAN_POINT('',(39.171269847801,7.3,3.35));
#3892 = VECTOR('',#3893,1.);
#3893 = DIRECTION('',(0.,0.,1.));
#3894 = ORIENTED_EDGE('',*,*,#3895,.T.);
#3895 = EDGE_CURVE('',#3888,#3896,#3898,.T.);
#3896 = VERTEX_POINT('',#3897);
#3897 = CARTESIAN_POINT('',(38.3,6.428730152199,3.75));
#3898 = CIRCLE('',#3899,3.4);
#3899 = AXIS2_PLACEMENT_3D('',#3900,#3901,#3902);
#3900 = CARTESIAN_POINT('',(41.1,4.5,3.75));
#3901 = DIRECTION('',(0.,0.,1.));
#3902 = DIRECTION('',(1.,0.,0.));
#3903 = ORIENTED_EDGE('',*,*,#3904,.F.);
#3904 = EDGE_CURVE('',#3905,#3896,#3907,.T.);
#3905 = VERTEX_POINT('',#3906);
#3906 = CARTESIAN_POINT('',(38.3,6.428730152199,3.35));
#3907 = LINE('',#3908,#3909);
#3908 = CARTESIAN_POINT('',(38.3,6.428730152199,3.35));
#3909 = VECTOR('',#3910,1.);
#3910 = DIRECTION('',(0.,0.,1.));
#3911 = ORIENTED_EDGE('',*,*,#3912,.T.);
#3912 = EDGE_CURVE('',#3905,#3913,#3915,.T.);
#3913 = VERTEX_POINT('',#3914);
#3914 = CARTESIAN_POINT('',(38.3,2.571269847801,3.35));
#3915 = CIRCLE('',#3916,3.4);
#3916 = AXIS2_PLACEMENT_3D('',#3917,#3918,#3919);
#3917 = CARTESIAN_POINT('',(41.1,4.5,3.35));
#3918 = DIRECTION('',(0.,0.,1.));
#3919 = DIRECTION('',(1.,0.,0.));
#3920 = ORIENTED_EDGE('',*,*,#3921,.T.);
#3921 = EDGE_CURVE('',#3913,#3922,#3924,.T.);
#3922 = VERTEX_POINT('',#3923);
#3923 = CARTESIAN_POINT('',(38.3,2.571269847801,3.75));
#3924 = LINE('',#3925,#3926);
#3925 = CARTESIAN_POINT('',(38.3,2.571269847801,3.35));
#3926 = VECTOR('',#3927,1.);
#3927 = DIRECTION('',(0.,0.,1.));
#3928 = ORIENTED_EDGE('',*,*,#3929,.T.);
#3929 = EDGE_CURVE('',#3922,#3930,#3932,.T.);
#3930 = VERTEX_POINT('',#3931);
#3931 = CARTESIAN_POINT('',(39.171269847801,1.7,3.75));
#3932 = CIRCLE('',#3933,3.4);
#3933 = AXIS2_PLACEMENT_3D('',#3934,#3935,#3936);
#3934 = CARTESIAN_POINT('',(41.1,4.5,3.75));
#3935 = DIRECTION('',(0.,0.,1.));
#3936 = DIRECTION('',(1.,0.,0.));
#3937 = ORIENTED_EDGE('',*,*,#3938,.F.);
#3938 = EDGE_CURVE('',#3939,#3930,#3941,.T.);
#3939 = VERTEX_POINT('',#3940);
#3940 = CARTESIAN_POINT('',(39.171269847801,1.7,3.35));
#3941 = LINE('',#3942,#3943);
#3942 = CARTESIAN_POINT('',(39.171269847801,1.7,3.35));
#3943 = VECTOR('',#3944,1.);
#3944 = DIRECTION('',(0.,0.,1.));
#3945 = ORIENTED_EDGE('',*,*,#3946,.T.);
#3946 = EDGE_CURVE('',#3939,#3947,#3949,.T.);
#3947 = VERTEX_POINT('',#3948);
#3948 = CARTESIAN_POINT('',(43.028730152199,1.7,3.35));
#3949 = CIRCLE('',#3950,3.4);
#3950 = AXIS2_PLACEMENT_3D('',#3951,#3952,#3953);
#3951 = CARTESIAN_POINT('',(41.1,4.5,3.35));
#3952 = DIRECTION('',(0.,0.,1.));
#3953 = DIRECTION('',(1.,0.,0.));
#3954 = ORIENTED_EDGE('',*,*,#3955,.T.);
#3955 = EDGE_CURVE('',#3947,#3956,#3958,.T.);
#3956 = VERTEX_POINT('',#3957);
#3957 = CARTESIAN_POINT('',(43.028730152199,1.7,3.75));
#3958 = LINE('',#3959,#3960);
#3959 = CARTESIAN_POINT('',(43.028730152199,1.7,3.35));
#3960 = VECTOR('',#3961,1.);
#3961 = DIRECTION('',(0.,0.,1.));
#3962 = ORIENTED_EDGE('',*,*,#3963,.T.);
#3963 = EDGE_CURVE('',#3956,#3964,#3966,.T.);
#3964 = VERTEX_POINT('',#3965);
#3965 = CARTESIAN_POINT('',(43.9,2.571269847801,3.75));
#3966 = CIRCLE('',#3967,3.4);
#3967 = AXIS2_PLACEMENT_3D('',#3968,#3969,#3970);
#3968 = CARTESIAN_POINT('',(41.1,4.5,3.75));
#3969 = DIRECTION('',(0.,0.,1.));
#3970 = DIRECTION('',(1.,0.,0.));
#3971 = ORIENTED_EDGE('',*,*,#3972,.F.);
#3972 = EDGE_CURVE('',#3973,#3964,#3975,.T.);
#3973 = VERTEX_POINT('',#3974);
#3974 = CARTESIAN_POINT('',(43.9,2.571269847801,3.35));
#3975 = LINE('',#3976,#3977);
#3976 = CARTESIAN_POINT('',(43.9,2.571269847801,3.35));
#3977 = VECTOR('',#3978,1.);
#3978 = DIRECTION('',(0.,0.,1.));
#3979 = ORIENTED_EDGE('',*,*,#3980,.T.);
#3980 = EDGE_CURVE('',#3973,#3835,#3981,.T.);
#3981 = CIRCLE('',#3982,3.4);
#3982 = AXIS2_PLACEMENT_3D('',#3983,#3984,#3985);
#3983 = CARTESIAN_POINT('',(41.1,4.5,3.35));
#3984 = DIRECTION('',(0.,0.,1.));
#3985 = DIRECTION('',(1.,0.,0.));
#3986 = CYLINDRICAL_SURFACE('',#3987,3.4);
#3987 = AXIS2_PLACEMENT_3D('',#3988,#3989,#3990);
#3988 = CARTESIAN_POINT('',(41.1,4.5,3.35));
#3989 = DIRECTION('',(0.,0.,1.));
#3990 = DIRECTION('',(1.,0.,0.));
#3991 = ADVANCED_FACE('',(#3992),#4002,.F.);
#3992 = FACE_BOUND('',#3993,.F.);
#3993 = EDGE_LOOP('',(#3994,#3995,#3996));
#3994 = ORIENTED_EDGE('',*,*,#3980,.T.);
#3995 = ORIENTED_EDGE('',*,*,#3844,.T.);
#3996 = ORIENTED_EDGE('',*,*,#3997,.F.);
#3997 = EDGE_CURVE('',#3973,#3845,#3998,.T.);
#3998 = LINE('',#3999,#4000);
#3999 = CARTESIAN_POINT('',(43.9,3.1,3.35));
#4000 = VECTOR('',#4001,1.);
#4001 = DIRECTION('',(0.,1.,0.));
#4002 = PLANE('',#4003);
#4003 = AXIS2_PLACEMENT_3D('',#4004,#4005,#4006);
#4004 = CARTESIAN_POINT('',(41.1,4.5,3.35));
#4005 = DIRECTION('',(0.,0.,1.));
#4006 = DIRECTION('',(1.,0.,0.));
#4007 = ADVANCED_FACE('',(#4008),#4019,.F.);
#4008 = FACE_BOUND('',#4009,.F.);
#4009 = EDGE_LOOP('',(#4010,#4016,#4017,#4018));
#4010 = ORIENTED_EDGE('',*,*,#4011,.F.);
#4011 = EDGE_CURVE('',#3964,#3854,#4012,.T.);
#4012 = LINE('',#4013,#4014);
#4013 = CARTESIAN_POINT('',(43.9,1.7,3.75));
#4014 = VECTOR('',#4015,1.);
#4015 = DIRECTION('',(0.,1.,0.));
#4016 = ORIENTED_EDGE('',*,*,#3972,.F.);
#4017 = ORIENTED_EDGE('',*,*,#3997,.T.);
#4018 = ORIENTED_EDGE('',*,*,#3853,.T.);
#4019 = PLANE('',#4020);
#4020 = AXIS2_PLACEMENT_3D('',#4021,#4022,#4023);
#4021 = CARTESIAN_POINT('',(43.9,1.7,3.34));
#4022 = DIRECTION('',(1.,0.,0.));
#4023 = DIRECTION('',(0.,0.,1.));
#4024 = ADVANCED_FACE('',(#4025,#4050),#4061,.F.);
#4025 = FACE_BOUND('',#4026,.F.);
#4026 = EDGE_LOOP('',(#4027,#4033,#4034,#4040,#4041,#4042,#4043,#4049));
#4027 = ORIENTED_EDGE('',*,*,#4028,.F.);
#4028 = EDGE_CURVE('',#3922,#3896,#4029,.T.);
#4029 = LINE('',#4030,#4031);
#4030 = CARTESIAN_POINT('',(38.3,1.7,3.75));
#4031 = VECTOR('',#4032,1.);
#4032 = DIRECTION('',(0.,1.,0.));
#4033 = ORIENTED_EDGE('',*,*,#3929,.T.);
#4034 = ORIENTED_EDGE('',*,*,#4035,.T.);
#4035 = EDGE_CURVE('',#3930,#3956,#4036,.T.);
#4036 = LINE('',#4037,#4038);
#4037 = CARTESIAN_POINT('',(38.3,1.7,3.75));
#4038 = VECTOR('',#4039,1.);
#4039 = DIRECTION('',(1.,0.,0.));
#4040 = ORIENTED_EDGE('',*,*,#3963,.T.);
#4041 = ORIENTED_EDGE('',*,*,#4011,.T.);
#4042 = ORIENTED_EDGE('',*,*,#3861,.T.);
#4043 = ORIENTED_EDGE('',*,*,#4044,.F.);
#4044 = EDGE_CURVE('',#3888,#3862,#4045,.T.);
#4045 = LINE('',#4046,#4047);
#4046 = CARTESIAN_POINT('',(38.3,7.3,3.75));
#4047 = VECTOR('',#4048,1.);
#4048 = DIRECTION('',(1.,0.,0.));
#4049 = ORIENTED_EDGE('',*,*,#3895,.T.);
#4050 = FACE_BOUND('',#4051,.F.);
#4051 = EDGE_LOOP('',(#4052));
#4052 = ORIENTED_EDGE('',*,*,#4053,.F.);
#4053 = EDGE_CURVE('',#4054,#4054,#4056,.T.);
#4054 = VERTEX_POINT('',#4055);
#4055 = CARTESIAN_POINT('',(42.4,4.5,3.75));
#4056 = CIRCLE('',#4057,1.3);
#4057 = AXIS2_PLACEMENT_3D('',#4058,#4059,#4060);
#4058 = CARTESIAN_POINT('',(41.1,4.5,3.75));
#4059 = DIRECTION('',(0.,0.,1.));
#4060 = DIRECTION('',(1.,0.,0.));
#4061 = PLANE('',#4062);
#4062 = AXIS2_PLACEMENT_3D('',#4063,#4064,#4065);
#4063 = CARTESIAN_POINT('',(38.3,1.7,3.75));
#4064 = DIRECTION('',(0.,0.,1.));
#4065 = DIRECTION('',(1.,0.,0.));
#4066 = ADVANCED_FACE('',(#4067),#4078,.T.);
#4067 = FACE_BOUND('',#4068,.T.);
#4068 = EDGE_LOOP('',(#4069,#4070,#4071,#4077));
#4069 = ORIENTED_EDGE('',*,*,#4035,.T.);
#4070 = ORIENTED_EDGE('',*,*,#3955,.F.);
#4071 = ORIENTED_EDGE('',*,*,#4072,.T.);
#4072 = EDGE_CURVE('',#3947,#3939,#4073,.T.);
#4073 = LINE('',#4074,#4075);
#4074 = CARTESIAN_POINT('',(39.7,1.7,3.35));
#4075 = VECTOR('',#4076,1.);
#4076 = DIRECTION('',(-1.,0.,0.));
#4077 = ORIENTED_EDGE('',*,*,#3938,.T.);
#4078 = PLANE('',#4079);
#4079 = AXIS2_PLACEMENT_3D('',#4080,#4081,#4082);
#4080 = CARTESIAN_POINT('',(38.3,1.7,3.34));
#4081 = DIRECTION('',(0.,1.,0.));
#4082 = DIRECTION('',(0.,0.,1.));
#4083 = ADVANCED_FACE('',(#4084),#4088,.F.);
#4084 = FACE_BOUND('',#4085,.F.);
#4085 = EDGE_LOOP('',(#4086,#4087));
#4086 = ORIENTED_EDGE('',*,*,#3946,.T.);
#4087 = ORIENTED_EDGE('',*,*,#4072,.T.);
#4088 = PLANE('',#4089);
#4089 = AXIS2_PLACEMENT_3D('',#4090,#4091,#4092);
#4090 = CARTESIAN_POINT('',(41.1,4.5,3.35));
#4091 = DIRECTION('',(0.,0.,1.));
#4092 = DIRECTION('',(1.,0.,0.));
#4093 = ADVANCED_FACE('',(#4094),#4105,.T.);
#4094 = FACE_BOUND('',#4095,.T.);
#4095 = EDGE_LOOP('',(#4096,#4097,#4098,#4104));
#4096 = ORIENTED_EDGE('',*,*,#4028,.F.);
#4097 = ORIENTED_EDGE('',*,*,#3921,.F.);
#4098 = ORIENTED_EDGE('',*,*,#4099,.T.);
#4099 = EDGE_CURVE('',#3913,#3905,#4100,.T.);
#4100 = LINE('',#4101,#4102);
#4101 = CARTESIAN_POINT('',(38.3,3.1,3.35));
#4102 = VECTOR('',#4103,1.);
#4103 = DIRECTION('',(0.,1.,0.));
#4104 = ORIENTED_EDGE('',*,*,#3904,.T.);
#4105 = PLANE('',#4106);
#4106 = AXIS2_PLACEMENT_3D('',#4107,#4108,#4109);
#4107 = CARTESIAN_POINT('',(38.3,1.7,3.34));
#4108 = DIRECTION('',(1.,0.,0.));
#4109 = DIRECTION('',(0.,0.,1.));
#4110 = ADVANCED_FACE('',(#4111),#4115,.F.);
#4111 = FACE_BOUND('',#4112,.F.);
#4112 = EDGE_LOOP('',(#4113,#4114));
#4113 = ORIENTED_EDGE('',*,*,#4099,.T.);
#4114 = ORIENTED_EDGE('',*,*,#3912,.T.);
#4115 = PLANE('',#4116);
#4116 = AXIS2_PLACEMENT_3D('',#4117,#4118,#4119);
#4117 = CARTESIAN_POINT('',(41.1,4.5,3.35));
#4118 = DIRECTION('',(0.,0.,1.));
#4119 = DIRECTION('',(1.,0.,0.));
#4120 = ADVANCED_FACE('',(#4121),#4132,.F.);
#4121 = FACE_BOUND('',#4122,.F.);
#4122 = EDGE_LOOP('',(#4123,#4124,#4125,#4131));
#4123 = ORIENTED_EDGE('',*,*,#4044,.T.);
#4124 = ORIENTED_EDGE('',*,*,#3870,.F.);
#4125 = ORIENTED_EDGE('',*,*,#4126,.T.);
#4126 = EDGE_CURVE('',#3871,#3879,#4127,.T.);
#4127 = LINE('',#4128,#4129);
#4128 = CARTESIAN_POINT('',(39.7,7.3,3.35));
#4129 = VECTOR('',#4130,1.);
#4130 = DIRECTION('',(-1.,0.,0.));
#4131 = ORIENTED_EDGE('',*,*,#3887,.T.);
#4132 = PLANE('',#4133);
#4133 = AXIS2_PLACEMENT_3D('',#4134,#4135,#4136);
#4134 = CARTESIAN_POINT('',(38.3,7.3,3.34));
#4135 = DIRECTION('',(0.,1.,0.));
#4136 = DIRECTION('',(0.,0.,1.));
#4137 = ADVANCED_FACE('',(#4138),#4142,.F.);
#4138 = FACE_BOUND('',#4139,.F.);
#4139 = EDGE_LOOP('',(#4140,#4141));
#4140 = ORIENTED_EDGE('',*,*,#4126,.F.);
#4141 = ORIENTED_EDGE('',*,*,#3878,.T.);
#4142 = PLANE('',#4143);
#4143 = AXIS2_PLACEMENT_3D('',#4144,#4145,#4146);
#4144 = CARTESIAN_POINT('',(41.1,4.5,3.35));
#4145 = DIRECTION('',(0.,0.,1.));
#4146 = DIRECTION('',(1.,0.,0.));
#4147 = ADVANCED_FACE('',(#4148),#4166,.T.);
#4148 = FACE_BOUND('',#4149,.T.);
#4149 = EDGE_LOOP('',(#4150,#4157,#4158,#4159));
#4150 = ORIENTED_EDGE('',*,*,#4151,.T.);
#4151 = EDGE_CURVE('',#4152,#4054,#4154,.T.);
#4152 = VERTEX_POINT('',#4153);
#4153 = CARTESIAN_POINT('',(42.4,4.5,3.52));
#4154 = B_SPLINE_CURVE_WITH_KNOTS('',1,(#4155,#4156),.UNSPECIFIED.,.F.,
  .F.,(2,2),(2.E-02,0.42),.PIECEWISE_BEZIER_KNOTS.);
#4155 = CARTESIAN_POINT('',(42.4,4.5,3.35));
#4156 = CARTESIAN_POINT('',(42.4,4.5,3.75));
#4157 = ORIENTED_EDGE('',*,*,#4053,.F.);
#4158 = ORIENTED_EDGE('',*,*,#4151,.F.);
#4159 = ORIENTED_EDGE('',*,*,#4160,.T.);
#4160 = EDGE_CURVE('',#4152,#4152,#4161,.T.);
#4161 = CIRCLE('',#4162,1.3);
#4162 = AXIS2_PLACEMENT_3D('',#4163,#4164,#4165);
#4163 = CARTESIAN_POINT('',(41.1,4.5,3.52));
#4164 = DIRECTION('',(0.,0.,1.));
#4165 = DIRECTION('',(1.,0.,0.));
#4166 = CYLINDRICAL_SURFACE('',#4167,1.3);
#4167 = AXIS2_PLACEMENT_3D('',#4168,#4169,#4170);
#4168 = CARTESIAN_POINT('',(41.1,4.5,3.33));
#4169 = DIRECTION('',(0.,0.,1.));
#4170 = DIRECTION('',(1.,0.,0.));
#4171 = ADVANCED_FACE('',(#4172),#4175,.F.);
#4172 = FACE_BOUND('',#4173,.F.);
#4173 = EDGE_LOOP('',(#4174));
#4174 = ORIENTED_EDGE('',*,*,#4160,.T.);
#4175 = PLANE('',#4176);
#4176 = AXIS2_PLACEMENT_3D('',#4177,#4178,#4179);
#4177 = CARTESIAN_POINT('',(41.1,4.5,3.52));
#4178 = DIRECTION('',(0.,0.,1.));
#4179 = DIRECTION('',(1.,0.,0.));
#4180 = MANIFOLD_SOLID_BREP('',#4181);
#4181 = CLOSED_SHELL('',(#4182,#4215,#4241,#4261,#4270,#4431,#4447,#4464
    ,#4506,#4523,#4533,#4550,#4560,#4577,#4587,#4611));
#4182 = ADVANCED_FACE('',(#4183),#4210,.T.);
#4183 = FACE_BOUND('',#4184,.T.);
#4184 = EDGE_LOOP('',(#4185,#4195,#4202,#4203));
#4185 = ORIENTED_EDGE('',*,*,#4186,.T.);
#4186 = EDGE_CURVE('',#4187,#4189,#4191,.T.);
#4187 = VERTEX_POINT('',#4188);
#4188 = CARTESIAN_POINT('',(43.1,14.4,4.35));
#4189 = VERTEX_POINT('',#4190);
#4190 = CARTESIAN_POINT('',(43.1,14.4,4.97));
#4191 = LINE('',#4192,#4193);
#4192 = CARTESIAN_POINT('',(43.1,14.4,3.35));
#4193 = VECTOR('',#4194,1.);
#4194 = DIRECTION('',(0.,0.,1.));
#4195 = ORIENTED_EDGE('',*,*,#4196,.F.);
#4196 = EDGE_CURVE('',#4189,#4189,#4197,.T.);
#4197 = CIRCLE('',#4198,2.);
#4198 = AXIS2_PLACEMENT_3D('',#4199,#4200,#4201);
#4199 = CARTESIAN_POINT('',(41.1,14.4,4.97));
#4200 = DIRECTION('',(0.,0.,1.));
#4201 = DIRECTION('',(1.,0.,0.));
#4202 = ORIENTED_EDGE('',*,*,#4186,.F.);
#4203 = ORIENTED_EDGE('',*,*,#4204,.T.);
#4204 = EDGE_CURVE('',#4187,#4187,#4205,.T.);
#4205 = CIRCLE('',#4206,2.);
#4206 = AXIS2_PLACEMENT_3D('',#4207,#4208,#4209);
#4207 = CARTESIAN_POINT('',(41.1,14.4,4.35));
#4208 = DIRECTION('',(0.,0.,1.));
#4209 = DIRECTION('',(1.,0.,0.));
#4210 = CYLINDRICAL_SURFACE('',#4211,2.);
#4211 = AXIS2_PLACEMENT_3D('',#4212,#4213,#4214);
#4212 = CARTESIAN_POINT('',(41.1,14.4,3.35));
#4213 = DIRECTION('',(0.,0.,1.));
#4214 = DIRECTION('',(1.,0.,0.));
#4215 = ADVANCED_FACE('',(#4216),#4236,.T.);
#4216 = FACE_BOUND('',#4217,.T.);
#4217 = EDGE_LOOP('',(#4218,#4227,#4228,#4229));
#4218 = ORIENTED_EDGE('',*,*,#4219,.F.);
#4219 = EDGE_CURVE('',#4189,#4220,#4222,.T.);
#4220 = VERTEX_POINT('',#4221);
#4221 = CARTESIAN_POINT('',(42.9,14.4,5.17));
#4222 = CIRCLE('',#4223,0.2);
#4223 = AXIS2_PLACEMENT_3D('',#4224,#4225,#4226);
#4224 = CARTESIAN_POINT('',(42.9,14.4,4.97));
#4225 = DIRECTION('',(0.,-1.,0.));
#4226 = DIRECTION('',(1.,0.,0.));
#4227 = ORIENTED_EDGE('',*,*,#4196,.T.);
#4228 = ORIENTED_EDGE('',*,*,#4219,.T.);
#4229 = ORIENTED_EDGE('',*,*,#4230,.F.);
#4230 = EDGE_CURVE('',#4220,#4220,#4231,.T.);
#4231 = CIRCLE('',#4232,1.8);
#4232 = AXIS2_PLACEMENT_3D('',#4233,#4234,#4235);
#4233 = CARTESIAN_POINT('',(41.1,14.4,5.17));
#4234 = DIRECTION('',(0.,0.,1.));
#4235 = DIRECTION('',(1.,0.,0.));
#4236 = TOROIDAL_SURFACE('',#4237,1.8,0.2);
#4237 = AXIS2_PLACEMENT_3D('',#4238,#4239,#4240);
#4238 = CARTESIAN_POINT('',(41.1,14.4,4.97));
#4239 = DIRECTION('',(0.,0.,1.));
#4240 = DIRECTION('',(1.,0.,0.));
#4241 = ADVANCED_FACE('',(#4242,#4253),#4256,.T.);
#4242 = FACE_BOUND('',#4243,.T.);
#4243 = EDGE_LOOP('',(#4244));
#4244 = ORIENTED_EDGE('',*,*,#4245,.T.);
#4245 = EDGE_CURVE('',#4246,#4246,#4248,.T.);
#4246 = VERTEX_POINT('',#4247);
#4247 = CARTESIAN_POINT('',(44.5,14.4,4.35));
#4248 = CIRCLE('',#4249,3.4);
#4249 = AXIS2_PLACEMENT_3D('',#4250,#4251,#4252);
#4250 = CARTESIAN_POINT('',(41.1,14.4,4.35));
#4251 = DIRECTION('',(0.,0.,1.));
#4252 = DIRECTION('',(1.,0.,0.));
#4253 = FACE_BOUND('',#4254,.T.);
#4254 = EDGE_LOOP('',(#4255));
#4255 = ORIENTED_EDGE('',*,*,#4204,.F.);
#4256 = PLANE('',#4257);
#4257 = AXIS2_PLACEMENT_3D('',#4258,#4259,#4260);
#4258 = CARTESIAN_POINT('',(41.1,14.4,4.35));
#4259 = DIRECTION('',(0.,0.,1.));
#4260 = DIRECTION('',(1.,0.,0.));
#4261 = ADVANCED_FACE('',(#4262),#4265,.T.);
#4262 = FACE_BOUND('',#4263,.T.);
#4263 = EDGE_LOOP('',(#4264));
#4264 = ORIENTED_EDGE('',*,*,#4230,.T.);
#4265 = PLANE('',#4266);
#4266 = AXIS2_PLACEMENT_3D('',#4267,#4268,#4269);
#4267 = CARTESIAN_POINT('',(41.1,14.4,5.17));
#4268 = DIRECTION('',(0.,0.,1.));
#4269 = DIRECTION('',(1.,0.,0.));
#4270 = ADVANCED_FACE('',(#4271),#4426,.T.);
#4271 = FACE_BOUND('',#4272,.T.);
#4272 = EDGE_LOOP('',(#4273,#4281,#4282,#4283,#4292,#4300,#4309,#4317,
    #4326,#4334,#4343,#4351,#4360,#4368,#4377,#4385,#4394,#4402,#4411,
    #4419));
#4273 = ORIENTED_EDGE('',*,*,#4274,.T.);
#4274 = EDGE_CURVE('',#4275,#4246,#4277,.T.);
#4275 = VERTEX_POINT('',#4276);
#4276 = CARTESIAN_POINT('',(44.5,14.4,3.35));
#4277 = LINE('',#4278,#4279);
#4278 = CARTESIAN_POINT('',(44.5,14.4,3.35));
#4279 = VECTOR('',#4280,1.);
#4280 = DIRECTION('',(0.,0.,1.));
#4281 = ORIENTED_EDGE('',*,*,#4245,.F.);
#4282 = ORIENTED_EDGE('',*,*,#4274,.F.);
#4283 = ORIENTED_EDGE('',*,*,#4284,.T.);
#4284 = EDGE_CURVE('',#4275,#4285,#4287,.T.);
#4285 = VERTEX_POINT('',#4286);
#4286 = CARTESIAN_POINT('',(43.9,16.328730152199,3.35));
#4287 = CIRCLE('',#4288,3.4);
#4288 = AXIS2_PLACEMENT_3D('',#4289,#4290,#4291);
#4289 = CARTESIAN_POINT('',(41.1,14.4,3.35));
#4290 = DIRECTION('',(0.,0.,1.));
#4291 = DIRECTION('',(1.,0.,0.));
#4292 = ORIENTED_EDGE('',*,*,#4293,.T.);
#4293 = EDGE_CURVE('',#4285,#4294,#4296,.T.);
#4294 = VERTEX_POINT('',#4295);
#4295 = CARTESIAN_POINT('',(43.9,16.328730152199,3.75));
#4296 = LINE('',#4297,#4298);
#4297 = CARTESIAN_POINT('',(43.9,16.328730152199,3.35));
#4298 = VECTOR('',#4299,1.);
#4299 = DIRECTION('',(0.,0.,1.));
#4300 = ORIENTED_EDGE('',*,*,#4301,.T.);
#4301 = EDGE_CURVE('',#4294,#4302,#4304,.T.);
#4302 = VERTEX_POINT('',#4303);
#4303 = CARTESIAN_POINT('',(43.028730152198,17.2,3.75));
#4304 = CIRCLE('',#4305,3.4);
#4305 = AXIS2_PLACEMENT_3D('',#4306,#4307,#4308);
#4306 = CARTESIAN_POINT('',(41.1,14.4,3.75));
#4307 = DIRECTION('',(0.,0.,1.));
#4308 = DIRECTION('',(1.,0.,0.));
#4309 = ORIENTED_EDGE('',*,*,#4310,.F.);
#4310 = EDGE_CURVE('',#4311,#4302,#4313,.T.);
#4311 = VERTEX_POINT('',#4312);
#4312 = CARTESIAN_POINT('',(43.028730152199,17.2,3.35));
#4313 = LINE('',#4314,#4315);
#4314 = CARTESIAN_POINT('',(43.028730152199,17.2,3.35));
#4315 = VECTOR('',#4316,1.);
#4316 = DIRECTION('',(0.,0.,1.));
#4317 = ORIENTED_EDGE('',*,*,#4318,.T.);
#4318 = EDGE_CURVE('',#4311,#4319,#4321,.T.);
#4319 = VERTEX_POINT('',#4320);
#4320 = CARTESIAN_POINT('',(39.171269847801,17.2,3.35));
#4321 = CIRCLE('',#4322,3.4);
#4322 = AXIS2_PLACEMENT_3D('',#4323,#4324,#4325);
#4323 = CARTESIAN_POINT('',(41.1,14.4,3.35));
#4324 = DIRECTION('',(0.,0.,1.));
#4325 = DIRECTION('',(1.,0.,0.));
#4326 = ORIENTED_EDGE('',*,*,#4327,.T.);
#4327 = EDGE_CURVE('',#4319,#4328,#4330,.T.);
#4328 = VERTEX_POINT('',#4329);
#4329 = CARTESIAN_POINT('',(39.171269847802,17.2,3.75));
#4330 = LINE('',#4331,#4332);
#4331 = CARTESIAN_POINT('',(39.171269847801,17.2,3.35));
#4332 = VECTOR('',#4333,1.);
#4333 = DIRECTION('',(0.,0.,1.));
#4334 = ORIENTED_EDGE('',*,*,#4335,.T.);
#4335 = EDGE_CURVE('',#4328,#4336,#4338,.T.);
#4336 = VERTEX_POINT('',#4337);
#4337 = CARTESIAN_POINT('',(38.3,16.328730152199,3.75));
#4338 = CIRCLE('',#4339,3.4);
#4339 = AXIS2_PLACEMENT_3D('',#4340,#4341,#4342);
#4340 = CARTESIAN_POINT('',(41.1,14.4,3.75));
#4341 = DIRECTION('',(0.,0.,1.));
#4342 = DIRECTION('',(1.,0.,0.));
#4343 = ORIENTED_EDGE('',*,*,#4344,.F.);
#4344 = EDGE_CURVE('',#4345,#4336,#4347,.T.);
#4345 = VERTEX_POINT('',#4346);
#4346 = CARTESIAN_POINT('',(38.3,16.328730152199,3.35));
#4347 = LINE('',#4348,#4349);
#4348 = CARTESIAN_POINT('',(38.3,16.328730152199,3.35));
#4349 = VECTOR('',#4350,1.);
#4350 = DIRECTION('',(0.,0.,1.));
#4351 = ORIENTED_EDGE('',*,*,#4352,.T.);
#4352 = EDGE_CURVE('',#4345,#4353,#4355,.T.);
#4353 = VERTEX_POINT('',#4354);
#4354 = CARTESIAN_POINT('',(38.3,12.471269847801,3.35));
#4355 = CIRCLE('',#4356,3.4);
#4356 = AXIS2_PLACEMENT_3D('',#4357,#4358,#4359);
#4357 = CARTESIAN_POINT('',(41.1,14.4,3.35));
#4358 = DIRECTION('',(0.,0.,1.));
#4359 = DIRECTION('',(1.,0.,0.));
#4360 = ORIENTED_EDGE('',*,*,#4361,.T.);
#4361 = EDGE_CURVE('',#4353,#4362,#4364,.T.);
#4362 = VERTEX_POINT('',#4363);
#4363 = CARTESIAN_POINT('',(38.3,12.471269847801,3.75));
#4364 = LINE('',#4365,#4366);
#4365 = CARTESIAN_POINT('',(38.3,12.471269847801,3.35));
#4366 = VECTOR('',#4367,1.);
#4367 = DIRECTION('',(0.,0.,1.));
#4368 = ORIENTED_EDGE('',*,*,#4369,.T.);
#4369 = EDGE_CURVE('',#4362,#4370,#4372,.T.);
#4370 = VERTEX_POINT('',#4371);
#4371 = CARTESIAN_POINT('',(39.171269847801,11.6,3.75));
#4372 = CIRCLE('',#4373,3.4);
#4373 = AXIS2_PLACEMENT_3D('',#4374,#4375,#4376);
#4374 = CARTESIAN_POINT('',(41.1,14.4,3.75));
#4375 = DIRECTION('',(0.,0.,1.));
#4376 = DIRECTION('',(1.,0.,0.));
#4377 = ORIENTED_EDGE('',*,*,#4378,.F.);
#4378 = EDGE_CURVE('',#4379,#4370,#4381,.T.);
#4379 = VERTEX_POINT('',#4380);
#4380 = CARTESIAN_POINT('',(39.171269847801,11.6,3.35));
#4381 = LINE('',#4382,#4383);
#4382 = CARTESIAN_POINT('',(39.171269847801,11.6,3.35));
#4383 = VECTOR('',#4384,1.);
#4384 = DIRECTION('',(0.,0.,1.));
#4385 = ORIENTED_EDGE('',*,*,#4386,.T.);
#4386 = EDGE_CURVE('',#4379,#4387,#4389,.T.);
#4387 = VERTEX_POINT('',#4388);
#4388 = CARTESIAN_POINT('',(43.028730152199,11.6,3.35));
#4389 = CIRCLE('',#4390,3.4);
#4390 = AXIS2_PLACEMENT_3D('',#4391,#4392,#4393);
#4391 = CARTESIAN_POINT('',(41.1,14.4,3.35));
#4392 = DIRECTION('',(0.,0.,1.));
#4393 = DIRECTION('',(1.,0.,0.));
#4394 = ORIENTED_EDGE('',*,*,#4395,.T.);
#4395 = EDGE_CURVE('',#4387,#4396,#4398,.T.);
#4396 = VERTEX_POINT('',#4397);
#4397 = CARTESIAN_POINT('',(43.028730152199,11.6,3.75));
#4398 = LINE('',#4399,#4400);
#4399 = CARTESIAN_POINT('',(43.028730152199,11.6,3.35));
#4400 = VECTOR('',#4401,1.);
#4401 = DIRECTION('',(0.,0.,1.));
#4402 = ORIENTED_EDGE('',*,*,#4403,.T.);
#4403 = EDGE_CURVE('',#4396,#4404,#4406,.T.);
#4404 = VERTEX_POINT('',#4405);
#4405 = CARTESIAN_POINT('',(43.9,12.471269847801,3.75));
#4406 = CIRCLE('',#4407,3.4);
#4407 = AXIS2_PLACEMENT_3D('',#4408,#4409,#4410);
#4408 = CARTESIAN_POINT('',(41.1,14.4,3.75));
#4409 = DIRECTION('',(0.,0.,1.));
#4410 = DIRECTION('',(1.,0.,0.));
#4411 = ORIENTED_EDGE('',*,*,#4412,.F.);
#4412 = EDGE_CURVE('',#4413,#4404,#4415,.T.);
#4413 = VERTEX_POINT('',#4414);
#4414 = CARTESIAN_POINT('',(43.9,12.471269847801,3.35));
#4415 = LINE('',#4416,#4417);
#4416 = CARTESIAN_POINT('',(43.9,12.471269847801,3.35));
#4417 = VECTOR('',#4418,1.);
#4418 = DIRECTION('',(0.,0.,1.));
#4419 = ORIENTED_EDGE('',*,*,#4420,.T.);
#4420 = EDGE_CURVE('',#4413,#4275,#4421,.T.);
#4421 = CIRCLE('',#4422,3.4);
#4422 = AXIS2_PLACEMENT_3D('',#4423,#4424,#4425);
#4423 = CARTESIAN_POINT('',(41.1,14.4,3.35));
#4424 = DIRECTION('',(0.,0.,1.));
#4425 = DIRECTION('',(1.,0.,0.));
#4426 = CYLINDRICAL_SURFACE('',#4427,3.4);
#4427 = AXIS2_PLACEMENT_3D('',#4428,#4429,#4430);
#4428 = CARTESIAN_POINT('',(41.1,14.4,3.35));
#4429 = DIRECTION('',(0.,0.,1.));
#4430 = DIRECTION('',(1.,0.,0.));
#4431 = ADVANCED_FACE('',(#4432),#4442,.F.);
#4432 = FACE_BOUND('',#4433,.F.);
#4433 = EDGE_LOOP('',(#4434,#4435,#4436));
#4434 = ORIENTED_EDGE('',*,*,#4420,.T.);
#4435 = ORIENTED_EDGE('',*,*,#4284,.T.);
#4436 = ORIENTED_EDGE('',*,*,#4437,.F.);
#4437 = EDGE_CURVE('',#4413,#4285,#4438,.T.);
#4438 = LINE('',#4439,#4440);
#4439 = CARTESIAN_POINT('',(43.9,13.,3.35));
#4440 = VECTOR('',#4441,1.);
#4441 = DIRECTION('',(0.,1.,0.));
#4442 = PLANE('',#4443);
#4443 = AXIS2_PLACEMENT_3D('',#4444,#4445,#4446);
#4444 = CARTESIAN_POINT('',(41.1,14.4,3.35));
#4445 = DIRECTION('',(0.,0.,1.));
#4446 = DIRECTION('',(1.,0.,0.));
#4447 = ADVANCED_FACE('',(#4448),#4459,.F.);
#4448 = FACE_BOUND('',#4449,.F.);
#4449 = EDGE_LOOP('',(#4450,#4456,#4457,#4458));
#4450 = ORIENTED_EDGE('',*,*,#4451,.F.);
#4451 = EDGE_CURVE('',#4404,#4294,#4452,.T.);
#4452 = LINE('',#4453,#4454);
#4453 = CARTESIAN_POINT('',(43.9,11.6,3.75));
#4454 = VECTOR('',#4455,1.);
#4455 = DIRECTION('',(0.,1.,0.));
#4456 = ORIENTED_EDGE('',*,*,#4412,.F.);
#4457 = ORIENTED_EDGE('',*,*,#4437,.T.);
#4458 = ORIENTED_EDGE('',*,*,#4293,.T.);
#4459 = PLANE('',#4460);
#4460 = AXIS2_PLACEMENT_3D('',#4461,#4462,#4463);
#4461 = CARTESIAN_POINT('',(43.9,11.6,3.34));
#4462 = DIRECTION('',(1.,0.,0.));
#4463 = DIRECTION('',(0.,0.,1.));
#4464 = ADVANCED_FACE('',(#4465,#4490),#4501,.F.);
#4465 = FACE_BOUND('',#4466,.F.);
#4466 = EDGE_LOOP('',(#4467,#4473,#4474,#4480,#4481,#4482,#4483,#4489));
#4467 = ORIENTED_EDGE('',*,*,#4468,.F.);
#4468 = EDGE_CURVE('',#4362,#4336,#4469,.T.);
#4469 = LINE('',#4470,#4471);
#4470 = CARTESIAN_POINT('',(38.3,11.6,3.75));
#4471 = VECTOR('',#4472,1.);
#4472 = DIRECTION('',(0.,1.,0.));
#4473 = ORIENTED_EDGE('',*,*,#4369,.T.);
#4474 = ORIENTED_EDGE('',*,*,#4475,.T.);
#4475 = EDGE_CURVE('',#4370,#4396,#4476,.T.);
#4476 = LINE('',#4477,#4478);
#4477 = CARTESIAN_POINT('',(38.3,11.6,3.75));
#4478 = VECTOR('',#4479,1.);
#4479 = DIRECTION('',(1.,0.,0.));
#4480 = ORIENTED_EDGE('',*,*,#4403,.T.);
#4481 = ORIENTED_EDGE('',*,*,#4451,.T.);
#4482 = ORIENTED_EDGE('',*,*,#4301,.T.);
#4483 = ORIENTED_EDGE('',*,*,#4484,.F.);
#4484 = EDGE_CURVE('',#4328,#4302,#4485,.T.);
#4485 = LINE('',#4486,#4487);
#4486 = CARTESIAN_POINT('',(38.3,17.2,3.75));
#4487 = VECTOR('',#4488,1.);
#4488 = DIRECTION('',(1.,0.,0.));
#4489 = ORIENTED_EDGE('',*,*,#4335,.T.);
#4490 = FACE_BOUND('',#4491,.F.);
#4491 = EDGE_LOOP('',(#4492));
#4492 = ORIENTED_EDGE('',*,*,#4493,.F.);
#4493 = EDGE_CURVE('',#4494,#4494,#4496,.T.);
#4494 = VERTEX_POINT('',#4495);
#4495 = CARTESIAN_POINT('',(42.4,14.4,3.75));
#4496 = CIRCLE('',#4497,1.3);
#4497 = AXIS2_PLACEMENT_3D('',#4498,#4499,#4500);
#4498 = CARTESIAN_POINT('',(41.1,14.4,3.75));
#4499 = DIRECTION('',(0.,0.,1.));
#4500 = DIRECTION('',(1.,0.,0.));
#4501 = PLANE('',#4502);
#4502 = AXIS2_PLACEMENT_3D('',#4503,#4504,#4505);
#4503 = CARTESIAN_POINT('',(38.3,11.6,3.75));
#4504 = DIRECTION('',(0.,0.,1.));
#4505 = DIRECTION('',(1.,0.,0.));
#4506 = ADVANCED_FACE('',(#4507),#4518,.T.);
#4507 = FACE_BOUND('',#4508,.T.);
#4508 = EDGE_LOOP('',(#4509,#4510,#4511,#4517));
#4509 = ORIENTED_EDGE('',*,*,#4475,.T.);
#4510 = ORIENTED_EDGE('',*,*,#4395,.F.);
#4511 = ORIENTED_EDGE('',*,*,#4512,.T.);
#4512 = EDGE_CURVE('',#4387,#4379,#4513,.T.);
#4513 = LINE('',#4514,#4515);
#4514 = CARTESIAN_POINT('',(39.7,11.6,3.35));
#4515 = VECTOR('',#4516,1.);
#4516 = DIRECTION('',(-1.,0.,0.));
#4517 = ORIENTED_EDGE('',*,*,#4378,.T.);
#4518 = PLANE('',#4519);
#4519 = AXIS2_PLACEMENT_3D('',#4520,#4521,#4522);
#4520 = CARTESIAN_POINT('',(38.3,11.6,3.34));
#4521 = DIRECTION('',(0.,1.,0.));
#4522 = DIRECTION('',(0.,0.,1.));
#4523 = ADVANCED_FACE('',(#4524),#4528,.F.);
#4524 = FACE_BOUND('',#4525,.F.);
#4525 = EDGE_LOOP('',(#4526,#4527));
#4526 = ORIENTED_EDGE('',*,*,#4386,.T.);
#4527 = ORIENTED_EDGE('',*,*,#4512,.T.);
#4528 = PLANE('',#4529);
#4529 = AXIS2_PLACEMENT_3D('',#4530,#4531,#4532);
#4530 = CARTESIAN_POINT('',(41.1,14.4,3.35));
#4531 = DIRECTION('',(0.,0.,1.));
#4532 = DIRECTION('',(1.,0.,0.));
#4533 = ADVANCED_FACE('',(#4534),#4545,.T.);
#4534 = FACE_BOUND('',#4535,.T.);
#4535 = EDGE_LOOP('',(#4536,#4537,#4538,#4544));
#4536 = ORIENTED_EDGE('',*,*,#4468,.F.);
#4537 = ORIENTED_EDGE('',*,*,#4361,.F.);
#4538 = ORIENTED_EDGE('',*,*,#4539,.T.);
#4539 = EDGE_CURVE('',#4353,#4345,#4540,.T.);
#4540 = LINE('',#4541,#4542);
#4541 = CARTESIAN_POINT('',(38.3,13.,3.35));
#4542 = VECTOR('',#4543,1.);
#4543 = DIRECTION('',(0.,1.,0.));
#4544 = ORIENTED_EDGE('',*,*,#4344,.T.);
#4545 = PLANE('',#4546);
#4546 = AXIS2_PLACEMENT_3D('',#4547,#4548,#4549);
#4547 = CARTESIAN_POINT('',(38.3,11.6,3.34));
#4548 = DIRECTION('',(1.,0.,0.));
#4549 = DIRECTION('',(0.,0.,1.));
#4550 = ADVANCED_FACE('',(#4551),#4555,.F.);
#4551 = FACE_BOUND('',#4552,.F.);
#4552 = EDGE_LOOP('',(#4553,#4554));
#4553 = ORIENTED_EDGE('',*,*,#4539,.T.);
#4554 = ORIENTED_EDGE('',*,*,#4352,.T.);
#4555 = PLANE('',#4556);
#4556 = AXIS2_PLACEMENT_3D('',#4557,#4558,#4559);
#4557 = CARTESIAN_POINT('',(41.1,14.4,3.35));
#4558 = DIRECTION('',(0.,0.,1.));
#4559 = DIRECTION('',(1.,0.,0.));
#4560 = ADVANCED_FACE('',(#4561),#4572,.F.);
#4561 = FACE_BOUND('',#4562,.F.);
#4562 = EDGE_LOOP('',(#4563,#4564,#4565,#4571));
#4563 = ORIENTED_EDGE('',*,*,#4484,.T.);
#4564 = ORIENTED_EDGE('',*,*,#4310,.F.);
#4565 = ORIENTED_EDGE('',*,*,#4566,.T.);
#4566 = EDGE_CURVE('',#4311,#4319,#4567,.T.);
#4567 = LINE('',#4568,#4569);
#4568 = CARTESIAN_POINT('',(39.7,17.2,3.35));
#4569 = VECTOR('',#4570,1.);
#4570 = DIRECTION('',(-1.,0.,0.));
#4571 = ORIENTED_EDGE('',*,*,#4327,.T.);
#4572 = PLANE('',#4573);
#4573 = AXIS2_PLACEMENT_3D('',#4574,#4575,#4576);
#4574 = CARTESIAN_POINT('',(38.3,17.2,3.34));
#4575 = DIRECTION('',(0.,1.,0.));
#4576 = DIRECTION('',(0.,0.,1.));
#4577 = ADVANCED_FACE('',(#4578),#4582,.F.);
#4578 = FACE_BOUND('',#4579,.F.);
#4579 = EDGE_LOOP('',(#4580,#4581));
#4580 = ORIENTED_EDGE('',*,*,#4566,.F.);
#4581 = ORIENTED_EDGE('',*,*,#4318,.T.);
#4582 = PLANE('',#4583);
#4583 = AXIS2_PLACEMENT_3D('',#4584,#4585,#4586);
#4584 = CARTESIAN_POINT('',(41.1,14.4,3.35));
#4585 = DIRECTION('',(0.,0.,1.));
#4586 = DIRECTION('',(1.,0.,0.));
#4587 = ADVANCED_FACE('',(#4588),#4606,.T.);
#4588 = FACE_BOUND('',#4589,.T.);
#4589 = EDGE_LOOP('',(#4590,#4597,#4598,#4599));
#4590 = ORIENTED_EDGE('',*,*,#4591,.T.);
#4591 = EDGE_CURVE('',#4592,#4494,#4594,.T.);
#4592 = VERTEX_POINT('',#4593);
#4593 = CARTESIAN_POINT('',(42.4,14.4,3.52));
#4594 = B_SPLINE_CURVE_WITH_KNOTS('',1,(#4595,#4596),.UNSPECIFIED.,.F.,
  .F.,(2,2),(2.E-02,0.42),.PIECEWISE_BEZIER_KNOTS.);
#4595 = CARTESIAN_POINT('',(42.4,14.4,3.35));
#4596 = CARTESIAN_POINT('',(42.4,14.4,3.75));
#4597 = ORIENTED_EDGE('',*,*,#4493,.F.);
#4598 = ORIENTED_EDGE('',*,*,#4591,.F.);
#4599 = ORIENTED_EDGE('',*,*,#4600,.T.);
#4600 = EDGE_CURVE('',#4592,#4592,#4601,.T.);
#4601 = CIRCLE('',#4602,1.3);
#4602 = AXIS2_PLACEMENT_3D('',#4603,#4604,#4605);
#4603 = CARTESIAN_POINT('',(41.1,14.4,3.52));
#4604 = DIRECTION('',(0.,0.,1.));
#4605 = DIRECTION('',(1.,0.,0.));
#4606 = CYLINDRICAL_SURFACE('',#4607,1.3);
#4607 = AXIS2_PLACEMENT_3D('',#4608,#4609,#4610);
#4608 = CARTESIAN_POINT('',(41.1,14.4,3.33));
#4609 = DIRECTION('',(0.,0.,1.));
#4610 = DIRECTION('',(1.,0.,0.));
#4611 = ADVANCED_FACE('',(#4612),#4615,.F.);
#4612 = FACE_BOUND('',#4613,.F.);
#4613 = EDGE_LOOP('',(#4614));
#4614 = ORIENTED_EDGE('',*,*,#4600,.T.);
#4615 = PLANE('',#4616);
#4616 = AXIS2_PLACEMENT_3D('',#4617,#4618,#4619);
#4617 = CARTESIAN_POINT('',(41.1,14.4,3.52));
#4618 = DIRECTION('',(0.,0.,1.));
#4619 = DIRECTION('',(1.,0.,0.));
#4620 = MANIFOLD_SOLID_BREP('',#4621);
#4621 = CLOSED_SHELL('',(#4622,#4655,#4681,#4701,#4710,#4871,#4887,#4904
    ,#4946,#4963,#4973,#4990,#5000,#5017,#5027,#5051));
#4622 = ADVANCED_FACE('',(#4623),#4650,.T.);
#4623 = FACE_BOUND('',#4624,.T.);
#4624 = EDGE_LOOP('',(#4625,#4635,#4642,#4643));
#4625 = ORIENTED_EDGE('',*,*,#4626,.T.);
#4626 = EDGE_CURVE('',#4627,#4629,#4631,.T.);
#4627 = VERTEX_POINT('',#4628);
#4628 = CARTESIAN_POINT('',(51.6,8.80000526,4.35));
#4629 = VERTEX_POINT('',#4630);
#4630 = CARTESIAN_POINT('',(51.6,8.80000526,4.97));
#4631 = LINE('',#4632,#4633);
#4632 = CARTESIAN_POINT('',(51.6,8.80000526,3.35));
#4633 = VECTOR('',#4634,1.);
#4634 = DIRECTION('',(0.,0.,1.));
#4635 = ORIENTED_EDGE('',*,*,#4636,.F.);
#4636 = EDGE_CURVE('',#4629,#4629,#4637,.T.);
#4637 = CIRCLE('',#4638,2.);
#4638 = AXIS2_PLACEMENT_3D('',#4639,#4640,#4641);
#4639 = CARTESIAN_POINT('',(49.6,8.80000526,4.97));
#4640 = DIRECTION('',(0.,0.,1.));
#4641 = DIRECTION('',(1.,0.,0.));
#4642 = ORIENTED_EDGE('',*,*,#4626,.F.);
#4643 = ORIENTED_EDGE('',*,*,#4644,.T.);
#4644 = EDGE_CURVE('',#4627,#4627,#4645,.T.);
#4645 = CIRCLE('',#4646,2.);
#4646 = AXIS2_PLACEMENT_3D('',#4647,#4648,#4649);
#4647 = CARTESIAN_POINT('',(49.6,8.80000526,4.35));
#4648 = DIRECTION('',(0.,0.,1.));
#4649 = DIRECTION('',(1.,0.,0.));
#4650 = CYLINDRICAL_SURFACE('',#4651,2.);
#4651 = AXIS2_PLACEMENT_3D('',#4652,#4653,#4654);
#4652 = CARTESIAN_POINT('',(49.6,8.80000526,3.35));
#4653 = DIRECTION('',(0.,0.,1.));
#4654 = DIRECTION('',(1.,0.,0.));
#4655 = ADVANCED_FACE('',(#4656),#4676,.T.);
#4656 = FACE_BOUND('',#4657,.T.);
#4657 = EDGE_LOOP('',(#4658,#4667,#4668,#4669));
#4658 = ORIENTED_EDGE('',*,*,#4659,.F.);
#4659 = EDGE_CURVE('',#4629,#4660,#4662,.T.);
#4660 = VERTEX_POINT('',#4661);
#4661 = CARTESIAN_POINT('',(51.4,8.80000526,5.17));
#4662 = CIRCLE('',#4663,0.2);
#4663 = AXIS2_PLACEMENT_3D('',#4664,#4665,#4666);
#4664 = CARTESIAN_POINT('',(51.4,8.80000526,4.97));
#4665 = DIRECTION('',(0.,-1.,0.));
#4666 = DIRECTION('',(1.,0.,0.));
#4667 = ORIENTED_EDGE('',*,*,#4636,.T.);
#4668 = ORIENTED_EDGE('',*,*,#4659,.T.);
#4669 = ORIENTED_EDGE('',*,*,#4670,.F.);
#4670 = EDGE_CURVE('',#4660,#4660,#4671,.T.);
#4671 = CIRCLE('',#4672,1.8);
#4672 = AXIS2_PLACEMENT_3D('',#4673,#4674,#4675);
#4673 = CARTESIAN_POINT('',(49.6,8.80000526,5.17));
#4674 = DIRECTION('',(0.,0.,1.));
#4675 = DIRECTION('',(1.,0.,0.));
#4676 = TOROIDAL_SURFACE('',#4677,1.8,0.2);
#4677 = AXIS2_PLACEMENT_3D('',#4678,#4679,#4680);
#4678 = CARTESIAN_POINT('',(49.6,8.80000526,4.97));
#4679 = DIRECTION('',(0.,0.,1.));
#4680 = DIRECTION('',(1.,0.,0.));
#4681 = ADVANCED_FACE('',(#4682,#4693),#4696,.T.);
#4682 = FACE_BOUND('',#4683,.T.);
#4683 = EDGE_LOOP('',(#4684));
#4684 = ORIENTED_EDGE('',*,*,#4685,.T.);
#4685 = EDGE_CURVE('',#4686,#4686,#4688,.T.);
#4686 = VERTEX_POINT('',#4687);
#4687 = CARTESIAN_POINT('',(53.,8.80000526,4.35));
#4688 = CIRCLE('',#4689,3.4);
#4689 = AXIS2_PLACEMENT_3D('',#4690,#4691,#4692);
#4690 = CARTESIAN_POINT('',(49.6,8.80000526,4.35));
#4691 = DIRECTION('',(0.,0.,1.));
#4692 = DIRECTION('',(1.,0.,0.));
#4693 = FACE_BOUND('',#4694,.T.);
#4694 = EDGE_LOOP('',(#4695));
#4695 = ORIENTED_EDGE('',*,*,#4644,.F.);
#4696 = PLANE('',#4697);
#4697 = AXIS2_PLACEMENT_3D('',#4698,#4699,#4700);
#4698 = CARTESIAN_POINT('',(49.6,8.80000526,4.35));
#4699 = DIRECTION('',(0.,0.,1.));
#4700 = DIRECTION('',(1.,0.,0.));
#4701 = ADVANCED_FACE('',(#4702),#4705,.T.);
#4702 = FACE_BOUND('',#4703,.T.);
#4703 = EDGE_LOOP('',(#4704));
#4704 = ORIENTED_EDGE('',*,*,#4670,.T.);
#4705 = PLANE('',#4706);
#4706 = AXIS2_PLACEMENT_3D('',#4707,#4708,#4709);
#4707 = CARTESIAN_POINT('',(49.6,8.80000526,5.17));
#4708 = DIRECTION('',(0.,0.,1.));
#4709 = DIRECTION('',(1.,0.,0.));
#4710 = ADVANCED_FACE('',(#4711),#4866,.T.);
#4711 = FACE_BOUND('',#4712,.T.);
#4712 = EDGE_LOOP('',(#4713,#4721,#4722,#4723,#4732,#4740,#4749,#4757,
    #4766,#4774,#4783,#4791,#4800,#4808,#4817,#4825,#4834,#4842,#4851,
    #4859));
#4713 = ORIENTED_EDGE('',*,*,#4714,.T.);
#4714 = EDGE_CURVE('',#4715,#4686,#4717,.T.);
#4715 = VERTEX_POINT('',#4716);
#4716 = CARTESIAN_POINT('',(53.,8.80000526,3.35));
#4717 = LINE('',#4718,#4719);
#4718 = CARTESIAN_POINT('',(53.,8.80000526,3.35));
#4719 = VECTOR('',#4720,1.);
#4720 = DIRECTION('',(0.,0.,1.));
#4721 = ORIENTED_EDGE('',*,*,#4685,.F.);
#4722 = ORIENTED_EDGE('',*,*,#4714,.F.);
#4723 = ORIENTED_EDGE('',*,*,#4724,.T.);
#4724 = EDGE_CURVE('',#4715,#4725,#4727,.T.);
#4725 = VERTEX_POINT('',#4726);
#4726 = CARTESIAN_POINT('',(52.4,10.728735412199,3.35));
#4727 = CIRCLE('',#4728,3.4);
#4728 = AXIS2_PLACEMENT_3D('',#4729,#4730,#4731);
#4729 = CARTESIAN_POINT('',(49.6,8.80000526,3.35));
#4730 = DIRECTION('',(0.,0.,1.));
#4731 = DIRECTION('',(1.,0.,0.));
#4732 = ORIENTED_EDGE('',*,*,#4733,.T.);
#4733 = EDGE_CURVE('',#4725,#4734,#4736,.T.);
#4734 = VERTEX_POINT('',#4735);
#4735 = CARTESIAN_POINT('',(52.4,10.728735412199,3.75));
#4736 = LINE('',#4737,#4738);
#4737 = CARTESIAN_POINT('',(52.4,10.728735412199,3.35));
#4738 = VECTOR('',#4739,1.);
#4739 = DIRECTION('',(0.,0.,1.));
#4740 = ORIENTED_EDGE('',*,*,#4741,.T.);
#4741 = EDGE_CURVE('',#4734,#4742,#4744,.T.);
#4742 = VERTEX_POINT('',#4743);
#4743 = CARTESIAN_POINT('',(51.528730152199,11.60000526,3.75));
#4744 = CIRCLE('',#4745,3.4);
#4745 = AXIS2_PLACEMENT_3D('',#4746,#4747,#4748);
#4746 = CARTESIAN_POINT('',(49.6,8.80000526,3.75));
#4747 = DIRECTION('',(0.,0.,1.));
#4748 = DIRECTION('',(1.,0.,0.));
#4749 = ORIENTED_EDGE('',*,*,#4750,.F.);
#4750 = EDGE_CURVE('',#4751,#4742,#4753,.T.);
#4751 = VERTEX_POINT('',#4752);
#4752 = CARTESIAN_POINT('',(51.528730152199,11.60000526,3.35));
#4753 = LINE('',#4754,#4755);
#4754 = CARTESIAN_POINT('',(51.528730152199,11.60000526,3.35));
#4755 = VECTOR('',#4756,1.);
#4756 = DIRECTION('',(0.,0.,1.));
#4757 = ORIENTED_EDGE('',*,*,#4758,.T.);
#4758 = EDGE_CURVE('',#4751,#4759,#4761,.T.);
#4759 = VERTEX_POINT('',#4760);
#4760 = CARTESIAN_POINT('',(47.671269847801,11.60000526,3.35));
#4761 = CIRCLE('',#4762,3.4);
#4762 = AXIS2_PLACEMENT_3D('',#4763,#4764,#4765);
#4763 = CARTESIAN_POINT('',(49.6,8.80000526,3.35));
#4764 = DIRECTION('',(0.,0.,1.));
#4765 = DIRECTION('',(1.,0.,0.));
#4766 = ORIENTED_EDGE('',*,*,#4767,.T.);
#4767 = EDGE_CURVE('',#4759,#4768,#4770,.T.);
#4768 = VERTEX_POINT('',#4769);
#4769 = CARTESIAN_POINT('',(47.671269847801,11.60000526,3.75));
#4770 = LINE('',#4771,#4772);
#4771 = CARTESIAN_POINT('',(47.671269847801,11.60000526,3.35));
#4772 = VECTOR('',#4773,1.);
#4773 = DIRECTION('',(0.,0.,1.));
#4774 = ORIENTED_EDGE('',*,*,#4775,.T.);
#4775 = EDGE_CURVE('',#4768,#4776,#4778,.T.);
#4776 = VERTEX_POINT('',#4777);
#4777 = CARTESIAN_POINT('',(46.8,10.728735412199,3.75));
#4778 = CIRCLE('',#4779,3.4);
#4779 = AXIS2_PLACEMENT_3D('',#4780,#4781,#4782);
#4780 = CARTESIAN_POINT('',(49.6,8.80000526,3.75));
#4781 = DIRECTION('',(0.,0.,1.));
#4782 = DIRECTION('',(1.,0.,0.));
#4783 = ORIENTED_EDGE('',*,*,#4784,.F.);
#4784 = EDGE_CURVE('',#4785,#4776,#4787,.T.);
#4785 = VERTEX_POINT('',#4786);
#4786 = CARTESIAN_POINT('',(46.8,10.728735412199,3.35));
#4787 = LINE('',#4788,#4789);
#4788 = CARTESIAN_POINT('',(46.8,10.728735412199,3.35));
#4789 = VECTOR('',#4790,1.);
#4790 = DIRECTION('',(0.,0.,1.));
#4791 = ORIENTED_EDGE('',*,*,#4792,.T.);
#4792 = EDGE_CURVE('',#4785,#4793,#4795,.T.);
#4793 = VERTEX_POINT('',#4794);
#4794 = CARTESIAN_POINT('',(46.8,6.871275107801,3.35));
#4795 = CIRCLE('',#4796,3.4);
#4796 = AXIS2_PLACEMENT_3D('',#4797,#4798,#4799);
#4797 = CARTESIAN_POINT('',(49.6,8.80000526,3.35));
#4798 = DIRECTION('',(0.,0.,1.));
#4799 = DIRECTION('',(1.,0.,0.));
#4800 = ORIENTED_EDGE('',*,*,#4801,.T.);
#4801 = EDGE_CURVE('',#4793,#4802,#4804,.T.);
#4802 = VERTEX_POINT('',#4803);
#4803 = CARTESIAN_POINT('',(46.8,6.871275107801,3.75));
#4804 = LINE('',#4805,#4806);
#4805 = CARTESIAN_POINT('',(46.8,6.871275107801,3.35));
#4806 = VECTOR('',#4807,1.);
#4807 = DIRECTION('',(0.,0.,1.));
#4808 = ORIENTED_EDGE('',*,*,#4809,.T.);
#4809 = EDGE_CURVE('',#4802,#4810,#4812,.T.);
#4810 = VERTEX_POINT('',#4811);
#4811 = CARTESIAN_POINT('',(47.671269847801,6.00000526,3.75));
#4812 = CIRCLE('',#4813,3.4);
#4813 = AXIS2_PLACEMENT_3D('',#4814,#4815,#4816);
#4814 = CARTESIAN_POINT('',(49.6,8.80000526,3.75));
#4815 = DIRECTION('',(0.,0.,1.));
#4816 = DIRECTION('',(1.,0.,0.));
#4817 = ORIENTED_EDGE('',*,*,#4818,.F.);
#4818 = EDGE_CURVE('',#4819,#4810,#4821,.T.);
#4819 = VERTEX_POINT('',#4820);
#4820 = CARTESIAN_POINT('',(47.671269847801,6.00000526,3.35));
#4821 = LINE('',#4822,#4823);
#4822 = CARTESIAN_POINT('',(47.671269847801,6.00000526,3.35));
#4823 = VECTOR('',#4824,1.);
#4824 = DIRECTION('',(0.,0.,1.));
#4825 = ORIENTED_EDGE('',*,*,#4826,.T.);
#4826 = EDGE_CURVE('',#4819,#4827,#4829,.T.);
#4827 = VERTEX_POINT('',#4828);
#4828 = CARTESIAN_POINT('',(51.528730152199,6.00000526,3.35));
#4829 = CIRCLE('',#4830,3.4);
#4830 = AXIS2_PLACEMENT_3D('',#4831,#4832,#4833);
#4831 = CARTESIAN_POINT('',(49.6,8.80000526,3.35));
#4832 = DIRECTION('',(0.,0.,1.));
#4833 = DIRECTION('',(1.,0.,0.));
#4834 = ORIENTED_EDGE('',*,*,#4835,.T.);
#4835 = EDGE_CURVE('',#4827,#4836,#4838,.T.);
#4836 = VERTEX_POINT('',#4837);
#4837 = CARTESIAN_POINT('',(51.528730152199,6.00000526,3.75));
#4838 = LINE('',#4839,#4840);
#4839 = CARTESIAN_POINT('',(51.528730152199,6.00000526,3.35));
#4840 = VECTOR('',#4841,1.);
#4841 = DIRECTION('',(0.,0.,1.));
#4842 = ORIENTED_EDGE('',*,*,#4843,.T.);
#4843 = EDGE_CURVE('',#4836,#4844,#4846,.T.);
#4844 = VERTEX_POINT('',#4845);
#4845 = CARTESIAN_POINT('',(52.4,6.871275107801,3.75));
#4846 = CIRCLE('',#4847,3.4);
#4847 = AXIS2_PLACEMENT_3D('',#4848,#4849,#4850);
#4848 = CARTESIAN_POINT('',(49.6,8.80000526,3.75));
#4849 = DIRECTION('',(0.,0.,1.));
#4850 = DIRECTION('',(1.,0.,0.));
#4851 = ORIENTED_EDGE('',*,*,#4852,.F.);
#4852 = EDGE_CURVE('',#4853,#4844,#4855,.T.);
#4853 = VERTEX_POINT('',#4854);
#4854 = CARTESIAN_POINT('',(52.4,6.871275107801,3.35));
#4855 = LINE('',#4856,#4857);
#4856 = CARTESIAN_POINT('',(52.4,6.871275107801,3.35));
#4857 = VECTOR('',#4858,1.);
#4858 = DIRECTION('',(0.,0.,1.));
#4859 = ORIENTED_EDGE('',*,*,#4860,.T.);
#4860 = EDGE_CURVE('',#4853,#4715,#4861,.T.);
#4861 = CIRCLE('',#4862,3.4);
#4862 = AXIS2_PLACEMENT_3D('',#4863,#4864,#4865);
#4863 = CARTESIAN_POINT('',(49.6,8.80000526,3.35));
#4864 = DIRECTION('',(0.,0.,1.));
#4865 = DIRECTION('',(1.,0.,0.));
#4866 = CYLINDRICAL_SURFACE('',#4867,3.4);
#4867 = AXIS2_PLACEMENT_3D('',#4868,#4869,#4870);
#4868 = CARTESIAN_POINT('',(49.6,8.80000526,3.35));
#4869 = DIRECTION('',(0.,0.,1.));
#4870 = DIRECTION('',(1.,0.,0.));
#4871 = ADVANCED_FACE('',(#4872),#4882,.F.);
#4872 = FACE_BOUND('',#4873,.F.);
#4873 = EDGE_LOOP('',(#4874,#4875,#4876));
#4874 = ORIENTED_EDGE('',*,*,#4860,.T.);
#4875 = ORIENTED_EDGE('',*,*,#4724,.T.);
#4876 = ORIENTED_EDGE('',*,*,#4877,.F.);
#4877 = EDGE_CURVE('',#4853,#4725,#4878,.T.);
#4878 = LINE('',#4879,#4880);
#4879 = CARTESIAN_POINT('',(52.4,7.40000526,3.35));
#4880 = VECTOR('',#4881,1.);
#4881 = DIRECTION('',(0.,1.,0.));
#4882 = PLANE('',#4883);
#4883 = AXIS2_PLACEMENT_3D('',#4884,#4885,#4886);
#4884 = CARTESIAN_POINT('',(49.6,8.80000526,3.35));
#4885 = DIRECTION('',(0.,0.,1.));
#4886 = DIRECTION('',(1.,0.,0.));
#4887 = ADVANCED_FACE('',(#4888),#4899,.F.);
#4888 = FACE_BOUND('',#4889,.F.);
#4889 = EDGE_LOOP('',(#4890,#4896,#4897,#4898));
#4890 = ORIENTED_EDGE('',*,*,#4891,.F.);
#4891 = EDGE_CURVE('',#4844,#4734,#4892,.T.);
#4892 = LINE('',#4893,#4894);
#4893 = CARTESIAN_POINT('',(52.4,6.00000526,3.75));
#4894 = VECTOR('',#4895,1.);
#4895 = DIRECTION('',(0.,1.,0.));
#4896 = ORIENTED_EDGE('',*,*,#4852,.F.);
#4897 = ORIENTED_EDGE('',*,*,#4877,.T.);
#4898 = ORIENTED_EDGE('',*,*,#4733,.T.);
#4899 = PLANE('',#4900);
#4900 = AXIS2_PLACEMENT_3D('',#4901,#4902,#4903);
#4901 = CARTESIAN_POINT('',(52.4,6.00000526,3.34));
#4902 = DIRECTION('',(1.,0.,0.));
#4903 = DIRECTION('',(0.,0.,1.));
#4904 = ADVANCED_FACE('',(#4905,#4930),#4941,.F.);
#4905 = FACE_BOUND('',#4906,.F.);
#4906 = EDGE_LOOP('',(#4907,#4913,#4914,#4920,#4921,#4922,#4923,#4929));
#4907 = ORIENTED_EDGE('',*,*,#4908,.F.);
#4908 = EDGE_CURVE('',#4802,#4776,#4909,.T.);
#4909 = LINE('',#4910,#4911);
#4910 = CARTESIAN_POINT('',(46.8,6.00000526,3.75));
#4911 = VECTOR('',#4912,1.);
#4912 = DIRECTION('',(0.,1.,0.));
#4913 = ORIENTED_EDGE('',*,*,#4809,.T.);
#4914 = ORIENTED_EDGE('',*,*,#4915,.T.);
#4915 = EDGE_CURVE('',#4810,#4836,#4916,.T.);
#4916 = LINE('',#4917,#4918);
#4917 = CARTESIAN_POINT('',(46.8,6.00000526,3.75));
#4918 = VECTOR('',#4919,1.);
#4919 = DIRECTION('',(1.,0.,0.));
#4920 = ORIENTED_EDGE('',*,*,#4843,.T.);
#4921 = ORIENTED_EDGE('',*,*,#4891,.T.);
#4922 = ORIENTED_EDGE('',*,*,#4741,.T.);
#4923 = ORIENTED_EDGE('',*,*,#4924,.F.);
#4924 = EDGE_CURVE('',#4768,#4742,#4925,.T.);
#4925 = LINE('',#4926,#4927);
#4926 = CARTESIAN_POINT('',(46.8,11.60000526,3.75));
#4927 = VECTOR('',#4928,1.);
#4928 = DIRECTION('',(1.,0.,0.));
#4929 = ORIENTED_EDGE('',*,*,#4775,.T.);
#4930 = FACE_BOUND('',#4931,.F.);
#4931 = EDGE_LOOP('',(#4932));
#4932 = ORIENTED_EDGE('',*,*,#4933,.F.);
#4933 = EDGE_CURVE('',#4934,#4934,#4936,.T.);
#4934 = VERTEX_POINT('',#4935);
#4935 = CARTESIAN_POINT('',(50.9,8.80000526,3.75));
#4936 = CIRCLE('',#4937,1.3);
#4937 = AXIS2_PLACEMENT_3D('',#4938,#4939,#4940);
#4938 = CARTESIAN_POINT('',(49.6,8.80000526,3.75));
#4939 = DIRECTION('',(0.,0.,1.));
#4940 = DIRECTION('',(1.,0.,0.));
#4941 = PLANE('',#4942);
#4942 = AXIS2_PLACEMENT_3D('',#4943,#4944,#4945);
#4943 = CARTESIAN_POINT('',(46.8,6.00000526,3.75));
#4944 = DIRECTION('',(0.,0.,1.));
#4945 = DIRECTION('',(1.,0.,0.));
#4946 = ADVANCED_FACE('',(#4947),#4958,.T.);
#4947 = FACE_BOUND('',#4948,.T.);
#4948 = EDGE_LOOP('',(#4949,#4950,#4951,#4957));
#4949 = ORIENTED_EDGE('',*,*,#4915,.T.);
#4950 = ORIENTED_EDGE('',*,*,#4835,.F.);
#4951 = ORIENTED_EDGE('',*,*,#4952,.T.);
#4952 = EDGE_CURVE('',#4827,#4819,#4953,.T.);
#4953 = LINE('',#4954,#4955);
#4954 = CARTESIAN_POINT('',(48.2,6.00000526,3.35));
#4955 = VECTOR('',#4956,1.);
#4956 = DIRECTION('',(-1.,0.,0.));
#4957 = ORIENTED_EDGE('',*,*,#4818,.T.);
#4958 = PLANE('',#4959);
#4959 = AXIS2_PLACEMENT_3D('',#4960,#4961,#4962);
#4960 = CARTESIAN_POINT('',(46.8,6.00000526,3.34));
#4961 = DIRECTION('',(0.,1.,0.));
#4962 = DIRECTION('',(0.,0.,1.));
#4963 = ADVANCED_FACE('',(#4964),#4968,.F.);
#4964 = FACE_BOUND('',#4965,.F.);
#4965 = EDGE_LOOP('',(#4966,#4967));
#4966 = ORIENTED_EDGE('',*,*,#4826,.T.);
#4967 = ORIENTED_EDGE('',*,*,#4952,.T.);
#4968 = PLANE('',#4969);
#4969 = AXIS2_PLACEMENT_3D('',#4970,#4971,#4972);
#4970 = CARTESIAN_POINT('',(49.6,8.80000526,3.35));
#4971 = DIRECTION('',(0.,0.,1.));
#4972 = DIRECTION('',(1.,0.,0.));
#4973 = ADVANCED_FACE('',(#4974),#4985,.T.);
#4974 = FACE_BOUND('',#4975,.T.);
#4975 = EDGE_LOOP('',(#4976,#4977,#4978,#4984));
#4976 = ORIENTED_EDGE('',*,*,#4908,.F.);
#4977 = ORIENTED_EDGE('',*,*,#4801,.F.);
#4978 = ORIENTED_EDGE('',*,*,#4979,.T.);
#4979 = EDGE_CURVE('',#4793,#4785,#4980,.T.);
#4980 = LINE('',#4981,#4982);
#4981 = CARTESIAN_POINT('',(46.8,7.40000526,3.35));
#4982 = VECTOR('',#4983,1.);
#4983 = DIRECTION('',(0.,1.,0.));
#4984 = ORIENTED_EDGE('',*,*,#4784,.T.);
#4985 = PLANE('',#4986);
#4986 = AXIS2_PLACEMENT_3D('',#4987,#4988,#4989);
#4987 = CARTESIAN_POINT('',(46.8,6.00000526,3.34));
#4988 = DIRECTION('',(1.,0.,0.));
#4989 = DIRECTION('',(0.,0.,1.));
#4990 = ADVANCED_FACE('',(#4991),#4995,.F.);
#4991 = FACE_BOUND('',#4992,.F.);
#4992 = EDGE_LOOP('',(#4993,#4994));
#4993 = ORIENTED_EDGE('',*,*,#4979,.T.);
#4994 = ORIENTED_EDGE('',*,*,#4792,.T.);
#4995 = PLANE('',#4996);
#4996 = AXIS2_PLACEMENT_3D('',#4997,#4998,#4999);
#4997 = CARTESIAN_POINT('',(49.6,8.80000526,3.35));
#4998 = DIRECTION('',(0.,0.,1.));
#4999 = DIRECTION('',(1.,0.,0.));
#5000 = ADVANCED_FACE('',(#5001),#5012,.F.);
#5001 = FACE_BOUND('',#5002,.F.);
#5002 = EDGE_LOOP('',(#5003,#5004,#5005,#5011));
#5003 = ORIENTED_EDGE('',*,*,#4924,.T.);
#5004 = ORIENTED_EDGE('',*,*,#4750,.F.);
#5005 = ORIENTED_EDGE('',*,*,#5006,.T.);
#5006 = EDGE_CURVE('',#4751,#4759,#5007,.T.);
#5007 = LINE('',#5008,#5009);
#5008 = CARTESIAN_POINT('',(48.2,11.60000526,3.35));
#5009 = VECTOR('',#5010,1.);
#5010 = DIRECTION('',(-1.,0.,0.));
#5011 = ORIENTED_EDGE('',*,*,#4767,.T.);
#5012 = PLANE('',#5013);
#5013 = AXIS2_PLACEMENT_3D('',#5014,#5015,#5016);
#5014 = CARTESIAN_POINT('',(46.8,11.60000526,3.34));
#5015 = DIRECTION('',(0.,1.,0.));
#5016 = DIRECTION('',(0.,0.,1.));
#5017 = ADVANCED_FACE('',(#5018),#5022,.F.);
#5018 = FACE_BOUND('',#5019,.F.);
#5019 = EDGE_LOOP('',(#5020,#5021));
#5020 = ORIENTED_EDGE('',*,*,#5006,.F.);
#5021 = ORIENTED_EDGE('',*,*,#4758,.T.);
#5022 = PLANE('',#5023);
#5023 = AXIS2_PLACEMENT_3D('',#5024,#5025,#5026);
#5024 = CARTESIAN_POINT('',(49.6,8.80000526,3.35));
#5025 = DIRECTION('',(0.,0.,1.));
#5026 = DIRECTION('',(1.,0.,0.));
#5027 = ADVANCED_FACE('',(#5028),#5046,.T.);
#5028 = FACE_BOUND('',#5029,.T.);
#5029 = EDGE_LOOP('',(#5030,#5037,#5038,#5039));
#5030 = ORIENTED_EDGE('',*,*,#5031,.T.);
#5031 = EDGE_CURVE('',#5032,#4934,#5034,.T.);
#5032 = VERTEX_POINT('',#5033);
#5033 = CARTESIAN_POINT('',(50.9,8.80000526,3.52));
#5034 = B_SPLINE_CURVE_WITH_KNOTS('',1,(#5035,#5036),.UNSPECIFIED.,.F.,
  .F.,(2,2),(2.E-02,0.42),.PIECEWISE_BEZIER_KNOTS.);
#5035 = CARTESIAN_POINT('',(50.9,8.80000526,3.35));
#5036 = CARTESIAN_POINT('',(50.9,8.80000526,3.75));
#5037 = ORIENTED_EDGE('',*,*,#4933,.F.);
#5038 = ORIENTED_EDGE('',*,*,#5031,.F.);
#5039 = ORIENTED_EDGE('',*,*,#5040,.T.);
#5040 = EDGE_CURVE('',#5032,#5032,#5041,.T.);
#5041 = CIRCLE('',#5042,1.3);
#5042 = AXIS2_PLACEMENT_3D('',#5043,#5044,#5045);
#5043 = CARTESIAN_POINT('',(49.6,8.80000526,3.52));
#5044 = DIRECTION('',(0.,0.,1.));
#5045 = DIRECTION('',(1.,0.,0.));
#5046 = CYLINDRICAL_SURFACE('',#5047,1.3);
#5047 = AXIS2_PLACEMENT_3D('',#5048,#5049,#5050);
#5048 = CARTESIAN_POINT('',(49.6,8.80000526,3.33));
#5049 = DIRECTION('',(0.,0.,1.));
#5050 = DIRECTION('',(1.,0.,0.));
#5051 = ADVANCED_FACE('',(#5052),#5055,.F.);
#5052 = FACE_BOUND('',#5053,.F.);
#5053 = EDGE_LOOP('',(#5054));
#5054 = ORIENTED_EDGE('',*,*,#5040,.T.);
#5055 = PLANE('',#5056);
#5056 = AXIS2_PLACEMENT_3D('',#5057,#5058,#5059);
#5057 = CARTESIAN_POINT('',(49.6,8.80000526,3.52));
#5058 = DIRECTION('',(0.,0.,1.));
#5059 = DIRECTION('',(1.,0.,0.));
#5060 = ( GEOMETRIC_REPRESENTATION_CONTEXT(3) 
GLOBAL_UNCERTAINTY_ASSIGNED_CONTEXT((#5064)) 
GLOBAL_UNIT_ASSIGNED_CONTEXT((#5061,#5062,#5063)) REPRESENTATION_CONTEXT
('Context #1','3D Context with UNIT and UNCERTAINTY') );
#5061 = ( LENGTH_UNIT() NAMED_UNIT(*) SI_UNIT(.MILLI.,.METRE.) );
#5062 = ( NAMED_UNIT(*) PLANE_ANGLE_UNIT() SI_UNIT($,.RADIAN.) );
#5063 = ( NAMED_UNIT(*) SI_UNIT($,.STERADIAN.) SOLID_ANGLE_UNIT() );
#5064 = UNCERTAINTY_MEASURE_WITH_UNIT(LENGTH_MEASURE(1.E-04),#5061,
  'distance_accuracy_value','confusion accuracy');
#5065 = PRODUCT_RELATED_PRODUCT_CATEGORY('part',$,(#7));
ENDSEC;
END-ISO-10303-21;
