ISO-10303-21;
HEADER;
FILE_DESCRIPTION(('FreeCAD Model'),'2;1');
FILE_NAME('Open CASCADE Shape Model','2026-09-24T14:17:06',('FreeCAD'),(
    'FreeCAD'),'Open CASCADE STEP processor 7.8','FreeCAD','Unknown');
FILE_SCHEMA(('AUTOMOTIVE_DESIGN { 1 0 10303 214 1 1 1 1 }'));
ENDSEC;
DATA;
#1 = APPLICATION_PROTOCOL_DEFINITION('international standard',
  'automotive_design',2000,#2);
#2 = APPLICATION_CONTEXT(
  'core data for automotive mechanical design processes');
#3 = SHAPE_DEFINITION_REPRESENTATION(#4,#10);
#4 = PRODUCT_DEFINITION_SHAPE('','',#5);
#5 = PRODUCT_DEFINITION('design','',#6,#9);
#6 = PRODUCT_DEFINITION_FORMATION('','',#7);
#7 = PRODUCT('Open CASCADE STEP translator 7.8 1',
  'Open CASCADE STEP translator 7.8 1','',(#8));
#8 = PRODUCT_CONTEXT('',#2,'mechanical');
#9 = PRODUCT_DEFINITION_CONTEXT('part definition',#2,'design');
#10 = ADVANCED_BREP_SHAPE_REPRESENTATION('',(#11,#15),#2689);
#11 = AXIS2_PLACEMENT_3D('',#12,#13,#14);
#12 = CARTESIAN_POINT('',(0.,0.,0.));
#13 = DIRECTION('',(0.,0.,1.));
#14 = DIRECTION('',(1.,0.,-0.));
#15 = MANIFOLD_SOLID_BREP('',#16);
#16 = CLOSED_SHELL('',(#17,#59,#226,#259,#285,#318,#351,#377,#403,#428,
    #453,#479,#505,#530,#555,#581,#607,#624,#649,#667,#725,#955,#1047,
    #1079,#1304,#1330,#1436,#1453,#1481,#1576,#1601,#1627,#1660,#1685,
    #1711,#1737,#1754,#1780,#1806,#1832,#1866,#1891,#1916,#1942,#1968,
    #1993,#2018,#2036,#2060,#2081,#2162,#2179,#2196,#2213,#2235,#2252,
    #2269,#2286,#2303,#2320,#2337,#2349,#2366,#2383,#2405,#2422,#2444,
    #2461,#2483,#2505,#2527,#2549,#2571,#2593,#2605,#2617,#2629,#2641,
    #2653,#2665,#2677));
#17 = ADVANCED_FACE('',(#18),#54,.T.);
#18 = FACE_BOUND('',#19,.T.);
#19 = EDGE_LOOP('',(#20,#31,#39,#48));
#20 = ORIENTED_EDGE('',*,*,#21,.T.);
#21 = EDGE_CURVE('',#22,#24,#26,.T.);
#22 = VERTEX_POINT('',#23);
#23 = CARTESIAN_POINT('',(83.4,49.4,8.E-02));
#24 = VERTEX_POINT('',#25);
#25 = CARTESIAN_POINT('',(83.48,49.4,0.));
#26 = CIRCLE('',#27,8.E-02);
#27 = AXIS2_PLACEMENT_3D('',#28,#29,#30);
#28 = CARTESIAN_POINT('',(83.48,49.4,8.E-02));
#29 = DIRECTION('',(6.E-17,-1.,0.));
#30 = DIRECTION('',(1.,6.E-17,0.));
#31 = ORIENTED_EDGE('',*,*,#32,.T.);
#32 = EDGE_CURVE('',#24,#33,#35,.T.);
#33 = VERTEX_POINT('',#34);
#34 = CARTESIAN_POINT('',(83.48,32.10054,0.));
#35 = LINE('',#36,#37);
#36 = CARTESIAN_POINT('',(83.48,49.4,-1.E-17));
#37 = VECTOR('',#38,1.);
#38 = DIRECTION('',(0.,-1.,0.));
#39 = ORIENTED_EDGE('',*,*,#40,.F.);
#40 = EDGE_CURVE('',#41,#33,#43,.T.);
#41 = VERTEX_POINT('',#42);
#42 = CARTESIAN_POINT('',(83.4,32.10054,8.E-02));
#43 = CIRCLE('',#44,8.E-02);
#44 = AXIS2_PLACEMENT_3D('',#45,#46,#47);
#45 = CARTESIAN_POINT('',(83.48,32.10054,8.E-02));
#46 = DIRECTION('',(0.,-1.,0.));
#47 = DIRECTION('',(0.,0.,-1.));
#48 = ORIENTED_EDGE('',*,*,#49,.F.);
#49 = EDGE_CURVE('',#22,#41,#50,.T.);
#50 = LINE('',#51,#52);
#51 = CARTESIAN_POINT('',(83.4,49.4,8.E-02));
#52 = VECTOR('',#53,1.);
#53 = DIRECTION('',(0.,-1.,0.));
#54 = CYLINDRICAL_SURFACE('',#55,8.E-02);
#55 = AXIS2_PLACEMENT_3D('',#56,#57,#58);
#56 = CARTESIAN_POINT('',(83.48,49.4,8.E-02));
#57 = DIRECTION('',(0.,-1.,0.));
#58 = DIRECTION('',(-1.,0.,0.));
#59 = ADVANCED_FACE('',(#60),#221,.T.);
#60 = FACE_BOUND('',#61,.T.);
#61 = EDGE_LOOP('',(#62,#72,#80,#89,#97,#106,#114,#123,#131,#140,#148,
    #154,#155,#164,#172,#181,#189,#198,#206,#215));
#62 = ORIENTED_EDGE('',*,*,#63,.T.);
#63 = EDGE_CURVE('',#64,#66,#68,.T.);
#64 = VERTEX_POINT('',#65);
#65 = CARTESIAN_POINT('',(83.48,19.90054,0.));
#66 = VERTEX_POINT('',#67);
#67 = CARTESIAN_POINT('',(83.9,19.90054,0.));
#68 = LINE('',#69,#70);
#69 = CARTESIAN_POINT('',(62.55,19.90054,0.));
#70 = VECTOR('',#71,1.);
#71 = DIRECTION('',(1.,0.,0.));
#72 = ORIENTED_EDGE('',*,*,#73,.F.);
#73 = EDGE_CURVE('',#74,#66,#76,.T.);
#74 = VERTEX_POINT('',#75);
#75 = CARTESIAN_POINT('',(83.9,2.6,0.));
#76 = LINE('',#77,#78);
#77 = CARTESIAN_POINT('',(83.9,2.6,-1.1E-16));
#78 = VECTOR('',#79,1.);
#79 = DIRECTION('',(0.,1.,0.));
#80 = ORIENTED_EDGE('',*,*,#81,.F.);
#81 = EDGE_CURVE('',#82,#74,#84,.T.);
#82 = VERTEX_POINT('',#83);
#83 = CARTESIAN_POINT('',(81.4,1.E-01,0.));
#84 = CIRCLE('',#85,2.5);
#85 = AXIS2_PLACEMENT_3D('',#86,#87,#88);
#86 = CARTESIAN_POINT('',(81.4,2.6,0.));
#87 = DIRECTION('',(0.,0.,1.));
#88 = DIRECTION('',(-4.44E-15,-1.,0.));
#89 = ORIENTED_EDGE('',*,*,#90,.F.);
#90 = EDGE_CURVE('',#91,#82,#93,.T.);
#91 = VERTEX_POINT('',#92);
#92 = CARTESIAN_POINT('',(2.6,0.1,0.));
#93 = LINE('',#94,#95);
#94 = CARTESIAN_POINT('',(2.6,1.E-01,-1.1E-16));
#95 = VECTOR('',#96,1.);
#96 = DIRECTION('',(1.,0.,0.));
#97 = ORIENTED_EDGE('',*,*,#98,.F.);
#98 = EDGE_CURVE('',#99,#91,#101,.T.);
#99 = VERTEX_POINT('',#100);
#100 = CARTESIAN_POINT('',(0.1,2.6,0.));
#101 = CIRCLE('',#102,2.5);
#102 = AXIS2_PLACEMENT_3D('',#103,#104,#105);
#103 = CARTESIAN_POINT('',(2.6,2.6,0.));
#104 = DIRECTION('',(0.,0.,1.));
#105 = DIRECTION('',(-1.,-2.8E-16,0.));
#106 = ORIENTED_EDGE('',*,*,#107,.F.);
#107 = EDGE_CURVE('',#108,#99,#110,.T.);
#108 = VERTEX_POINT('',#109);
#109 = CARTESIAN_POINT('',(0.1,49.4,0.));
#110 = LINE('',#111,#112);
#111 = CARTESIAN_POINT('',(1.E-01,49.4,-1.1E-16));
#112 = VECTOR('',#113,1.);
#113 = DIRECTION('',(0.,-1.,0.));
#114 = ORIENTED_EDGE('',*,*,#115,.F.);
#115 = EDGE_CURVE('',#116,#108,#118,.T.);
#116 = VERTEX_POINT('',#117);
#117 = CARTESIAN_POINT('',(2.6,51.9,0.));
#118 = CIRCLE('',#119,2.5);
#119 = AXIS2_PLACEMENT_3D('',#120,#121,#122);
#120 = CARTESIAN_POINT('',(2.6,49.4,0.));
#121 = DIRECTION('',(0.,0.,1.));
#122 = DIRECTION('',(-4.2E-16,1.,0.));
#123 = ORIENTED_EDGE('',*,*,#124,.F.);
#124 = EDGE_CURVE('',#125,#116,#127,.T.);
#125 = VERTEX_POINT('',#126);
#126 = CARTESIAN_POINT('',(81.4,51.9,0.));
#127 = LINE('',#128,#129);
#128 = CARTESIAN_POINT('',(81.4,51.9,-1.1E-16));
#129 = VECTOR('',#130,1.);
#130 = DIRECTION('',(-1.,0.,0.));
#131 = ORIENTED_EDGE('',*,*,#132,.F.);
#132 = EDGE_CURVE('',#133,#125,#135,.T.);
#133 = VERTEX_POINT('',#134);
#134 = CARTESIAN_POINT('',(83.9,49.4,0.));
#135 = CIRCLE('',#136,2.5);
#136 = AXIS2_PLACEMENT_3D('',#137,#138,#139);
#137 = CARTESIAN_POINT('',(81.4,49.4,0.));
#138 = DIRECTION('',(0.,0.,1.));
#139 = DIRECTION('',(1.,0.,0.));
#140 = ORIENTED_EDGE('',*,*,#141,.F.);
#141 = EDGE_CURVE('',#142,#133,#144,.T.);
#142 = VERTEX_POINT('',#143);
#143 = CARTESIAN_POINT('',(83.9,32.10054,0.));
#144 = LINE('',#145,#146);
#145 = CARTESIAN_POINT('',(83.9,2.6,-1.1E-16));
#146 = VECTOR('',#147,1.);
#147 = DIRECTION('',(0.,1.,0.));
#148 = ORIENTED_EDGE('',*,*,#149,.F.);
#149 = EDGE_CURVE('',#33,#142,#150,.T.);
#150 = LINE('',#151,#152);
#151 = CARTESIAN_POINT('',(62.55,32.10054,0.));
#152 = VECTOR('',#153,1.);
#153 = DIRECTION('',(1.,0.,0.));
#154 = ORIENTED_EDGE('',*,*,#32,.F.);
#155 = ORIENTED_EDGE('',*,*,#156,.F.);
#156 = EDGE_CURVE('',#157,#24,#159,.T.);
#157 = VERTEX_POINT('',#158);
#158 = CARTESIAN_POINT('',(81.4,51.48,0.));
#159 = CIRCLE('',#160,2.08);
#160 = AXIS2_PLACEMENT_3D('',#161,#162,#163);
#161 = CARTESIAN_POINT('',(81.4,49.4,0.));
#162 = DIRECTION('',(0.,0.,-1.));
#163 = DIRECTION('',(0.,1.,0.));
#164 = ORIENTED_EDGE('',*,*,#165,.F.);
#165 = EDGE_CURVE('',#166,#157,#168,.T.);
#166 = VERTEX_POINT('',#167);
#167 = CARTESIAN_POINT('',(2.6,51.48,0.));
#168 = LINE('',#169,#170);
#169 = CARTESIAN_POINT('',(2.6,51.48,-1.E-17));
#170 = VECTOR('',#171,1.);
#171 = DIRECTION('',(1.,0.,0.));
#172 = ORIENTED_EDGE('',*,*,#173,.F.);
#173 = EDGE_CURVE('',#174,#166,#176,.T.);
#174 = VERTEX_POINT('',#175);
#175 = CARTESIAN_POINT('',(0.52,49.4,0.));
#176 = CIRCLE('',#177,2.08);
#177 = AXIS2_PLACEMENT_3D('',#178,#179,#180);
#178 = CARTESIAN_POINT('',(2.6,49.4,0.));
#179 = DIRECTION('',(0.,0.,-1.));
#180 = DIRECTION('',(-1.,0.,0.));
#181 = ORIENTED_EDGE('',*,*,#182,.F.);
#182 = EDGE_CURVE('',#183,#174,#185,.T.);
#183 = VERTEX_POINT('',#184);
#184 = CARTESIAN_POINT('',(0.52,2.6,0.));
#185 = LINE('',#186,#187);
#186 = CARTESIAN_POINT('',(0.52,2.6,-1.E-17));
#187 = VECTOR('',#188,1.);
#188 = DIRECTION('',(0.,1.,0.));
#189 = ORIENTED_EDGE('',*,*,#190,.F.);
#190 = EDGE_CURVE('',#191,#183,#193,.T.);
#191 = VERTEX_POINT('',#192);
#192 = CARTESIAN_POINT('',(2.6,0.52,0.));
#193 = CIRCLE('',#194,2.08);
#194 = AXIS2_PLACEMENT_3D('',#195,#196,#197);
#195 = CARTESIAN_POINT('',(2.6,2.6,0.));
#196 = DIRECTION('',(-0.,0.,-1.));
#197 = DIRECTION('',(-8.9E-16,-1.,0.));
#198 = ORIENTED_EDGE('',*,*,#199,.F.);
#199 = EDGE_CURVE('',#200,#191,#202,.T.);
#200 = VERTEX_POINT('',#201);
#201 = CARTESIAN_POINT('',(81.4,0.52,0.));
#202 = LINE('',#203,#204);
#203 = CARTESIAN_POINT('',(81.4,0.52,-1.E-17));
#204 = VECTOR('',#205,1.);
#205 = DIRECTION('',(-1.,0.,0.));
#206 = ORIENTED_EDGE('',*,*,#207,.F.);
#207 = EDGE_CURVE('',#208,#200,#210,.T.);
#208 = VERTEX_POINT('',#209);
#209 = CARTESIAN_POINT('',(83.48,2.6,0.));
#210 = CIRCLE('',#211,2.08);
#211 = AXIS2_PLACEMENT_3D('',#212,#213,#214);
#212 = CARTESIAN_POINT('',(81.4,2.6,0.));
#213 = DIRECTION('',(0.,-0.,-1.));
#214 = DIRECTION('',(1.,-8.9E-16,0.));
#215 = ORIENTED_EDGE('',*,*,#216,.F.);
#216 = EDGE_CURVE('',#64,#208,#217,.T.);
#217 = LINE('',#218,#219);
#218 = CARTESIAN_POINT('',(83.48,19.90054,-1.E-17));
#219 = VECTOR('',#220,1.);
#220 = DIRECTION('',(0.,-1.,0.));
#221 = PLANE('',#222);
#222 = AXIS2_PLACEMENT_3D('',#223,#224,#225);
#223 = CARTESIAN_POINT('',(42.,26.,0.));
#224 = DIRECTION('',(-0.,-0.,-1.));
#225 = DIRECTION('',(-1.,0.,0.));
#226 = ADVANCED_FACE('',(#227),#254,.T.);
#227 = FACE_BOUND('',#228,.T.);
#228 = EDGE_LOOP('',(#229,#239,#246,#247));
#229 = ORIENTED_EDGE('',*,*,#230,.F.);
#230 = EDGE_CURVE('',#231,#233,#235,.T.);
#231 = VERTEX_POINT('',#232);
#232 = CARTESIAN_POINT('',(84.6,32.10054,0.7));
#233 = VERTEX_POINT('',#234);
#234 = CARTESIAN_POINT('',(84.6,49.4,0.7));
#235 = LINE('',#236,#237);
#236 = CARTESIAN_POINT('',(84.6,2.6,0.7));
#237 = VECTOR('',#238,1.);
#238 = DIRECTION('',(0.,1.,0.));
#239 = ORIENTED_EDGE('',*,*,#240,.T.);
#240 = EDGE_CURVE('',#231,#142,#241,.T.);
#241 = CIRCLE('',#242,0.7);
#242 = AXIS2_PLACEMENT_3D('',#243,#244,#245);
#243 = CARTESIAN_POINT('',(83.9,32.10054,0.7));
#244 = DIRECTION('',(-0.,1.,0.));
#245 = DIRECTION('',(1.,0.,0.));
#246 = ORIENTED_EDGE('',*,*,#141,.T.);
#247 = ORIENTED_EDGE('',*,*,#248,.F.);
#248 = EDGE_CURVE('',#233,#133,#249,.T.);
#249 = CIRCLE('',#250,0.7);
#250 = AXIS2_PLACEMENT_3D('',#251,#252,#253);
#251 = CARTESIAN_POINT('',(83.9,49.4,0.7));
#252 = DIRECTION('',(-0.,1.,0.));
#253 = DIRECTION('',(1.,0.,0.));
#254 = CYLINDRICAL_SURFACE('',#255,0.7);
#255 = AXIS2_PLACEMENT_3D('',#256,#257,#258);
#256 = CARTESIAN_POINT('',(83.9,2.6,0.7));
#257 = DIRECTION('',(0.,1.,0.));
#258 = DIRECTION('',(1.,0.,0.));
#259 = ADVANCED_FACE('',(#260),#280,.T.);
#260 = FACE_BOUND('',#261,.F.);
#261 = EDGE_LOOP('',(#262,#271,#278,#279));
#262 = ORIENTED_EDGE('',*,*,#263,.F.);
#263 = EDGE_CURVE('',#264,#157,#266,.T.);
#264 = VERTEX_POINT('',#265);
#265 = CARTESIAN_POINT('',(81.4,51.4,8.E-02));
#266 = CIRCLE('',#267,8.E-02);
#267 = AXIS2_PLACEMENT_3D('',#268,#269,#270);
#268 = CARTESIAN_POINT('',(81.4,51.48,8.E-02));
#269 = DIRECTION('',(1.,0.,0.));
#270 = DIRECTION('',(0.,-1.,0.));
#271 = ORIENTED_EDGE('',*,*,#272,.T.);
#272 = EDGE_CURVE('',#264,#22,#273,.T.);
#273 = CIRCLE('',#274,2.);
#274 = AXIS2_PLACEMENT_3D('',#275,#276,#277);
#275 = CARTESIAN_POINT('',(81.4,49.4,8.E-02));
#276 = DIRECTION('',(0.,0.,-1.));
#277 = DIRECTION('',(0.,1.,0.));
#278 = ORIENTED_EDGE('',*,*,#21,.T.);
#279 = ORIENTED_EDGE('',*,*,#156,.F.);
#280 = TOROIDAL_SURFACE('',#281,2.08,8.E-02);
#281 = AXIS2_PLACEMENT_3D('',#282,#283,#284);
#282 = CARTESIAN_POINT('',(81.4,49.4,8.E-02));
#283 = DIRECTION('',(0.,0.,1.));
#284 = DIRECTION('',(0.,1.,0.));
#285 = ADVANCED_FACE('',(#286),#313,.T.);
#286 = FACE_BOUND('',#287,.T.);
#287 = EDGE_LOOP('',(#288,#297,#298,#307));
#288 = ORIENTED_EDGE('',*,*,#289,.T.);
#289 = EDGE_CURVE('',#290,#64,#292,.T.);
#290 = VERTEX_POINT('',#291);
#291 = CARTESIAN_POINT('',(83.4,19.90054,8.E-02));
#292 = CIRCLE('',#293,8.E-02);
#293 = AXIS2_PLACEMENT_3D('',#294,#295,#296);
#294 = CARTESIAN_POINT('',(83.48,19.90054,8.E-02));
#295 = DIRECTION('',(0.,-1.,0.));
#296 = DIRECTION('',(0.,0.,-1.));
#297 = ORIENTED_EDGE('',*,*,#216,.T.);
#298 = ORIENTED_EDGE('',*,*,#299,.F.);
#299 = EDGE_CURVE('',#300,#208,#302,.T.);
#300 = VERTEX_POINT('',#301);
#301 = CARTESIAN_POINT('',(83.4,2.6,8.E-02));
#302 = CIRCLE('',#303,8.E-02);
#303 = AXIS2_PLACEMENT_3D('',#304,#305,#306);
#304 = CARTESIAN_POINT('',(83.48,2.6,8.E-02));
#305 = DIRECTION('',(0.,-1.,0.));
#306 = DIRECTION('',(-1.,0.,0.));
#307 = ORIENTED_EDGE('',*,*,#308,.F.);
#308 = EDGE_CURVE('',#290,#300,#309,.T.);
#309 = LINE('',#310,#311);
#310 = CARTESIAN_POINT('',(83.4,19.90054,8.E-02));
#311 = VECTOR('',#312,1.);
#312 = DIRECTION('',(0.,-1.,0.));
#313 = CYLINDRICAL_SURFACE('',#314,8.E-02);
#314 = AXIS2_PLACEMENT_3D('',#315,#316,#317);
#315 = CARTESIAN_POINT('',(83.48,19.90054,8.E-02));
#316 = DIRECTION('',(0.,-1.,0.));
#317 = DIRECTION('',(-1.,0.,0.));
#318 = ADVANCED_FACE('',(#319),#346,.T.);
#319 = FACE_BOUND('',#320,.T.);
#320 = EDGE_LOOP('',(#321,#331,#338,#339));
#321 = ORIENTED_EDGE('',*,*,#322,.F.);
#322 = EDGE_CURVE('',#323,#325,#327,.T.);
#323 = VERTEX_POINT('',#324);
#324 = CARTESIAN_POINT('',(84.6,2.6,0.7));
#325 = VERTEX_POINT('',#326);
#326 = CARTESIAN_POINT('',(84.6,19.90054,0.7));
#327 = LINE('',#328,#329);
#328 = CARTESIAN_POINT('',(84.6,2.6,0.7));
#329 = VECTOR('',#330,1.);
#330 = DIRECTION('',(0.,1.,0.));
#331 = ORIENTED_EDGE('',*,*,#332,.T.);
#332 = EDGE_CURVE('',#323,#74,#333,.T.);
#333 = CIRCLE('',#334,0.7);
#334 = AXIS2_PLACEMENT_3D('',#335,#336,#337);
#335 = CARTESIAN_POINT('',(83.9,2.6,0.7));
#336 = DIRECTION('',(6.E-17,1.,0.));
#337 = DIRECTION('',(1.,-6.E-17,0.));
#338 = ORIENTED_EDGE('',*,*,#73,.T.);
#339 = ORIENTED_EDGE('',*,*,#340,.F.);
#340 = EDGE_CURVE('',#325,#66,#341,.T.);
#341 = CIRCLE('',#342,0.7);
#342 = AXIS2_PLACEMENT_3D('',#343,#344,#345);
#343 = CARTESIAN_POINT('',(83.9,19.90054,0.7));
#344 = DIRECTION('',(-0.,1.,0.));
#345 = DIRECTION('',(1.,0.,0.));
#346 = CYLINDRICAL_SURFACE('',#347,0.7);
#347 = AXIS2_PLACEMENT_3D('',#348,#349,#350);
#348 = CARTESIAN_POINT('',(83.9,2.6,0.7));
#349 = DIRECTION('',(0.,1.,0.));
#350 = DIRECTION('',(1.,0.,0.));
#351 = ADVANCED_FACE('',(#352),#372,.T.);
#352 = FACE_BOUND('',#353,.F.);
#353 = EDGE_LOOP('',(#354,#355,#364,#371));
#354 = ORIENTED_EDGE('',*,*,#299,.F.);
#355 = ORIENTED_EDGE('',*,*,#356,.T.);
#356 = EDGE_CURVE('',#300,#357,#359,.T.);
#357 = VERTEX_POINT('',#358);
#358 = CARTESIAN_POINT('',(81.4,0.6,8.E-02));
#359 = CIRCLE('',#360,2.);
#360 = AXIS2_PLACEMENT_3D('',#361,#362,#363);
#361 = CARTESIAN_POINT('',(81.4,2.6,8.E-02));
#362 = DIRECTION('',(0.,-0.,-1.));
#363 = DIRECTION('',(1.,-8.9E-16,0.));
#364 = ORIENTED_EDGE('',*,*,#365,.T.);
#365 = EDGE_CURVE('',#357,#200,#366,.T.);
#366 = CIRCLE('',#367,8.E-02);
#367 = AXIS2_PLACEMENT_3D('',#368,#369,#370);
#368 = CARTESIAN_POINT('',(81.4,0.52,8.E-02));
#369 = DIRECTION('',(-1.,8.3E-16,0.));
#370 = DIRECTION('',(-8.3E-16,-1.,-0.));
#371 = ORIENTED_EDGE('',*,*,#207,.F.);
#372 = TOROIDAL_SURFACE('',#373,2.08,8.E-02);
#373 = AXIS2_PLACEMENT_3D('',#374,#375,#376);
#374 = CARTESIAN_POINT('',(81.4,2.6,8.E-02));
#375 = DIRECTION('',(0.,0.,1.));
#376 = DIRECTION('',(1.,-8.9E-16,0.));
#377 = ADVANCED_FACE('',(#378),#398,.T.);
#378 = FACE_BOUND('',#379,.F.);
#379 = EDGE_LOOP('',(#380,#389,#396,#397));
#380 = ORIENTED_EDGE('',*,*,#381,.F.);
#381 = EDGE_CURVE('',#382,#82,#384,.T.);
#382 = VERTEX_POINT('',#383);
#383 = CARTESIAN_POINT('',(81.4,-0.6,0.7));
#384 = CIRCLE('',#385,0.7);
#385 = AXIS2_PLACEMENT_3D('',#386,#387,#388);
#386 = CARTESIAN_POINT('',(81.4,1.E-01,0.7));
#387 = DIRECTION('',(1.,0.,0.));
#388 = DIRECTION('',(0.,-1.,0.));
#389 = ORIENTED_EDGE('',*,*,#390,.T.);
#390 = EDGE_CURVE('',#382,#323,#391,.T.);
#391 = CIRCLE('',#392,3.2);
#392 = AXIS2_PLACEMENT_3D('',#393,#394,#395);
#393 = CARTESIAN_POINT('',(81.4,2.6,0.7));
#394 = DIRECTION('',(0.,0.,1.));
#395 = DIRECTION('',(-4.44E-15,-1.,0.));
#396 = ORIENTED_EDGE('',*,*,#332,.T.);
#397 = ORIENTED_EDGE('',*,*,#81,.F.);
#398 = TOROIDAL_SURFACE('',#399,2.5,0.7);
#399 = AXIS2_PLACEMENT_3D('',#400,#401,#402);
#400 = CARTESIAN_POINT('',(81.4,2.6,0.7));
#401 = DIRECTION('',(0.,0.,-1.));
#402 = DIRECTION('',(-4.44E-15,-1.,0.));
#403 = ADVANCED_FACE('',(#404),#423,.T.);
#404 = FACE_BOUND('',#405,.T.);
#405 = EDGE_LOOP('',(#406,#407,#408,#417));
#406 = ORIENTED_EDGE('',*,*,#365,.T.);
#407 = ORIENTED_EDGE('',*,*,#199,.T.);
#408 = ORIENTED_EDGE('',*,*,#409,.F.);
#409 = EDGE_CURVE('',#410,#191,#412,.T.);
#410 = VERTEX_POINT('',#411);
#411 = CARTESIAN_POINT('',(2.6,0.6,8.E-02));
#412 = CIRCLE('',#413,8.E-02);
#413 = AXIS2_PLACEMENT_3D('',#414,#415,#416);
#414 = CARTESIAN_POINT('',(2.6,0.52,8.E-02));
#415 = DIRECTION('',(-1.,0.,0.));
#416 = DIRECTION('',(0.,1.,0.));
#417 = ORIENTED_EDGE('',*,*,#418,.F.);
#418 = EDGE_CURVE('',#357,#410,#419,.T.);
#419 = LINE('',#420,#421);
#420 = CARTESIAN_POINT('',(81.4,0.6,8.E-02));
#421 = VECTOR('',#422,1.);
#422 = DIRECTION('',(-1.,0.,0.));
#423 = CYLINDRICAL_SURFACE('',#424,8.E-02);
#424 = AXIS2_PLACEMENT_3D('',#425,#426,#427);
#425 = CARTESIAN_POINT('',(81.4,0.52,8.E-02));
#426 = DIRECTION('',(-1.,0.,0.));
#427 = DIRECTION('',(0.,1.,0.));
#428 = ADVANCED_FACE('',(#429),#448,.T.);
#429 = FACE_BOUND('',#430,.T.);
#430 = EDGE_LOOP('',(#431,#440,#441,#442));
#431 = ORIENTED_EDGE('',*,*,#432,.T.);
#432 = EDGE_CURVE('',#433,#91,#435,.T.);
#433 = VERTEX_POINT('',#434);
#434 = CARTESIAN_POINT('',(2.6,-0.6,0.7));
#435 = CIRCLE('',#436,0.7);
#436 = AXIS2_PLACEMENT_3D('',#437,#438,#439);
#437 = CARTESIAN_POINT('',(2.6,0.1,0.7));
#438 = DIRECTION('',(1.,2.2E-16,0.));
#439 = DIRECTION('',(2.2E-16,-1.,0.));
#440 = ORIENTED_EDGE('',*,*,#90,.T.);
#441 = ORIENTED_EDGE('',*,*,#381,.F.);
#442 = ORIENTED_EDGE('',*,*,#443,.F.);
#443 = EDGE_CURVE('',#433,#382,#444,.T.);
#444 = LINE('',#445,#446);
#445 = CARTESIAN_POINT('',(2.6,-0.6,0.7));
#446 = VECTOR('',#447,1.);
#447 = DIRECTION('',(1.,0.,0.));
#448 = CYLINDRICAL_SURFACE('',#449,0.7);
#449 = AXIS2_PLACEMENT_3D('',#450,#451,#452);
#450 = CARTESIAN_POINT('',(2.6,1.E-01,0.7));
#451 = DIRECTION('',(1.,0.,0.));
#452 = DIRECTION('',(0.,-1.,0.));
#453 = ADVANCED_FACE('',(#454),#474,.T.);
#454 = FACE_BOUND('',#455,.F.);
#455 = EDGE_LOOP('',(#456,#457,#466,#473));
#456 = ORIENTED_EDGE('',*,*,#409,.F.);
#457 = ORIENTED_EDGE('',*,*,#458,.T.);
#458 = EDGE_CURVE('',#410,#459,#461,.T.);
#459 = VERTEX_POINT('',#460);
#460 = CARTESIAN_POINT('',(0.6,2.6,8.E-02));
#461 = CIRCLE('',#462,2.);
#462 = AXIS2_PLACEMENT_3D('',#463,#464,#465);
#463 = CARTESIAN_POINT('',(2.6,2.6,8.E-02));
#464 = DIRECTION('',(-0.,0.,-1.));
#465 = DIRECTION('',(-8.9E-16,-1.,0.));
#466 = ORIENTED_EDGE('',*,*,#467,.T.);
#467 = EDGE_CURVE('',#459,#183,#468,.T.);
#468 = CIRCLE('',#469,8.E-02);
#469 = AXIS2_PLACEMENT_3D('',#470,#471,#472);
#470 = CARTESIAN_POINT('',(0.52,2.6,8.E-02));
#471 = DIRECTION('',(8.3E-16,1.,-0.));
#472 = DIRECTION('',(-1.,8.3E-16,0.));
#473 = ORIENTED_EDGE('',*,*,#190,.F.);
#474 = TOROIDAL_SURFACE('',#475,2.08,8.E-02);
#475 = AXIS2_PLACEMENT_3D('',#476,#477,#478);
#476 = CARTESIAN_POINT('',(2.6,2.6,8.E-02));
#477 = DIRECTION('',(0.,0.,1.));
#478 = DIRECTION('',(-8.9E-16,-1.,0.));
#479 = ADVANCED_FACE('',(#480),#500,.T.);
#480 = FACE_BOUND('',#481,.F.);
#481 = EDGE_LOOP('',(#482,#491,#498,#499));
#482 = ORIENTED_EDGE('',*,*,#483,.F.);
#483 = EDGE_CURVE('',#484,#99,#486,.T.);
#484 = VERTEX_POINT('',#485);
#485 = CARTESIAN_POINT('',(-0.6,2.6,0.7));
#486 = CIRCLE('',#487,0.7);
#487 = AXIS2_PLACEMENT_3D('',#488,#489,#490);
#488 = CARTESIAN_POINT('',(0.1,2.6,0.7));
#489 = DIRECTION('',(2.8E-16,-1.,0.));
#490 = DIRECTION('',(-1.,-2.8E-16,0.));
#491 = ORIENTED_EDGE('',*,*,#492,.T.);
#492 = EDGE_CURVE('',#484,#433,#493,.T.);
#493 = CIRCLE('',#494,3.2);
#494 = AXIS2_PLACEMENT_3D('',#495,#496,#497);
#495 = CARTESIAN_POINT('',(2.6,2.6,0.7));
#496 = DIRECTION('',(0.,0.,1.));
#497 = DIRECTION('',(-1.,-2.8E-16,0.));
#498 = ORIENTED_EDGE('',*,*,#432,.T.);
#499 = ORIENTED_EDGE('',*,*,#98,.F.);
#500 = TOROIDAL_SURFACE('',#501,2.5,0.7);
#501 = AXIS2_PLACEMENT_3D('',#502,#503,#504);
#502 = CARTESIAN_POINT('',(2.6,2.6,0.7));
#503 = DIRECTION('',(0.,0.,-1.));
#504 = DIRECTION('',(-1.,-2.8E-16,0.));
#505 = ADVANCED_FACE('',(#506),#525,.T.);
#506 = FACE_BOUND('',#507,.T.);
#507 = EDGE_LOOP('',(#508,#509,#510,#519));
#508 = ORIENTED_EDGE('',*,*,#467,.T.);
#509 = ORIENTED_EDGE('',*,*,#182,.T.);
#510 = ORIENTED_EDGE('',*,*,#511,.F.);
#511 = EDGE_CURVE('',#512,#174,#514,.T.);
#512 = VERTEX_POINT('',#513);
#513 = CARTESIAN_POINT('',(0.6,49.4,8.E-02));
#514 = CIRCLE('',#515,8.E-02);
#515 = AXIS2_PLACEMENT_3D('',#516,#517,#518);
#516 = CARTESIAN_POINT('',(0.52,49.4,8.E-02));
#517 = DIRECTION('',(-0.,1.,0.));
#518 = DIRECTION('',(1.,0.,0.));
#519 = ORIENTED_EDGE('',*,*,#520,.F.);
#520 = EDGE_CURVE('',#459,#512,#521,.T.);
#521 = LINE('',#522,#523);
#522 = CARTESIAN_POINT('',(0.6,2.6,8.E-02));
#523 = VECTOR('',#524,1.);
#524 = DIRECTION('',(0.,1.,0.));
#525 = CYLINDRICAL_SURFACE('',#526,8.E-02);
#526 = AXIS2_PLACEMENT_3D('',#527,#528,#529);
#527 = CARTESIAN_POINT('',(0.52,2.6,8.E-02));
#528 = DIRECTION('',(0.,1.,0.));
#529 = DIRECTION('',(1.,0.,0.));
#530 = ADVANCED_FACE('',(#531),#550,.T.);
#531 = FACE_BOUND('',#532,.T.);
#532 = EDGE_LOOP('',(#533,#542,#543,#544));
#533 = ORIENTED_EDGE('',*,*,#534,.T.);
#534 = EDGE_CURVE('',#535,#108,#537,.T.);
#535 = VERTEX_POINT('',#536);
#536 = CARTESIAN_POINT('',(-0.6,49.4,0.7));
#537 = CIRCLE('',#538,0.7);
#538 = AXIS2_PLACEMENT_3D('',#539,#540,#541);
#539 = CARTESIAN_POINT('',(0.1,49.4,0.7));
#540 = DIRECTION('',(-1.87E-15,-1.,-0.));
#541 = DIRECTION('',(-1.,1.87E-15,0.));
#542 = ORIENTED_EDGE('',*,*,#107,.T.);
#543 = ORIENTED_EDGE('',*,*,#483,.F.);
#544 = ORIENTED_EDGE('',*,*,#545,.F.);
#545 = EDGE_CURVE('',#535,#484,#546,.T.);
#546 = LINE('',#547,#548);
#547 = CARTESIAN_POINT('',(-0.6,49.4,0.7));
#548 = VECTOR('',#549,1.);
#549 = DIRECTION('',(0.,-1.,0.));
#550 = CYLINDRICAL_SURFACE('',#551,0.7);
#551 = AXIS2_PLACEMENT_3D('',#552,#553,#554);
#552 = CARTESIAN_POINT('',(1.E-01,49.4,0.7));
#553 = DIRECTION('',(0.,-1.,0.));
#554 = DIRECTION('',(-1.,0.,0.));
#555 = ADVANCED_FACE('',(#556),#576,.T.);
#556 = FACE_BOUND('',#557,.F.);
#557 = EDGE_LOOP('',(#558,#559,#568,#575));
#558 = ORIENTED_EDGE('',*,*,#511,.F.);
#559 = ORIENTED_EDGE('',*,*,#560,.T.);
#560 = EDGE_CURVE('',#512,#561,#563,.T.);
#561 = VERTEX_POINT('',#562);
#562 = CARTESIAN_POINT('',(2.6,51.4,8.E-02));
#563 = CIRCLE('',#564,2.);
#564 = AXIS2_PLACEMENT_3D('',#565,#566,#567);
#565 = CARTESIAN_POINT('',(2.6,49.4,8.E-02));
#566 = DIRECTION('',(0.,0.,-1.));
#567 = DIRECTION('',(-1.,0.,0.));
#568 = ORIENTED_EDGE('',*,*,#569,.T.);
#569 = EDGE_CURVE('',#561,#166,#570,.T.);
#570 = CIRCLE('',#571,8.E-02);
#571 = AXIS2_PLACEMENT_3D('',#572,#573,#574);
#572 = CARTESIAN_POINT('',(2.6,51.48,8.E-02));
#573 = DIRECTION('',(1.,6.E-17,-0.));
#574 = DIRECTION('',(-6.E-17,1.,0.));
#575 = ORIENTED_EDGE('',*,*,#173,.F.);
#576 = TOROIDAL_SURFACE('',#577,2.08,8.E-02);
#577 = AXIS2_PLACEMENT_3D('',#578,#579,#580);
#578 = CARTESIAN_POINT('',(2.6,49.4,8.E-02));
#579 = DIRECTION('',(0.,0.,1.));
#580 = DIRECTION('',(-1.,0.,0.));
#581 = ADVANCED_FACE('',(#582),#602,.T.);
#582 = FACE_BOUND('',#583,.F.);
#583 = EDGE_LOOP('',(#584,#593,#600,#601));
#584 = ORIENTED_EDGE('',*,*,#585,.F.);
#585 = EDGE_CURVE('',#586,#116,#588,.T.);
#586 = VERTEX_POINT('',#587);
#587 = CARTESIAN_POINT('',(2.6,52.6,0.7));
#588 = CIRCLE('',#589,0.7);
#589 = AXIS2_PLACEMENT_3D('',#590,#591,#592);
#590 = CARTESIAN_POINT('',(2.6,51.9,0.7));
#591 = DIRECTION('',(-1.,0.,0.));
#592 = DIRECTION('',(0.,1.,0.));
#593 = ORIENTED_EDGE('',*,*,#594,.T.);
#594 = EDGE_CURVE('',#586,#535,#595,.T.);
#595 = CIRCLE('',#596,3.2);
#596 = AXIS2_PLACEMENT_3D('',#597,#598,#599);
#597 = CARTESIAN_POINT('',(2.6,49.4,0.7));
#598 = DIRECTION('',(0.,0.,1.));
#599 = DIRECTION('',(-4.2E-16,1.,0.));
#600 = ORIENTED_EDGE('',*,*,#534,.T.);
#601 = ORIENTED_EDGE('',*,*,#115,.F.);
#602 = TOROIDAL_SURFACE('',#603,2.5,0.7);
#603 = AXIS2_PLACEMENT_3D('',#604,#605,#606);
#604 = CARTESIAN_POINT('',(2.6,49.4,0.7));
#605 = DIRECTION('',(0.,0.,-1.));
#606 = DIRECTION('',(-4.2E-16,1.,0.));
#607 = ADVANCED_FACE('',(#608),#619,.T.);
#608 = FACE_BOUND('',#609,.T.);
#609 = EDGE_LOOP('',(#610,#611,#612,#613));
#610 = ORIENTED_EDGE('',*,*,#569,.T.);
#611 = ORIENTED_EDGE('',*,*,#165,.T.);
#612 = ORIENTED_EDGE('',*,*,#263,.F.);
#613 = ORIENTED_EDGE('',*,*,#614,.F.);
#614 = EDGE_CURVE('',#561,#264,#615,.T.);
#615 = LINE('',#616,#617);
#616 = CARTESIAN_POINT('',(2.6,51.4,8.E-02));
#617 = VECTOR('',#618,1.);
#618 = DIRECTION('',(1.,0.,0.));
#619 = CYLINDRICAL_SURFACE('',#620,8.E-02);
#620 = AXIS2_PLACEMENT_3D('',#621,#622,#623);
#621 = CARTESIAN_POINT('',(2.6,51.48,8.E-02));
#622 = DIRECTION('',(1.,0.,0.));
#623 = DIRECTION('',(0.,-1.,0.));
#624 = ADVANCED_FACE('',(#625),#644,.T.);
#625 = FACE_BOUND('',#626,.T.);
#626 = EDGE_LOOP('',(#627,#636,#637,#638));
#627 = ORIENTED_EDGE('',*,*,#628,.T.);
#628 = EDGE_CURVE('',#629,#125,#631,.T.);
#629 = VERTEX_POINT('',#630);
#630 = CARTESIAN_POINT('',(81.4,52.6,0.7));
#631 = CIRCLE('',#632,0.7);
#632 = AXIS2_PLACEMENT_3D('',#633,#634,#635);
#633 = CARTESIAN_POINT('',(81.4,51.9,0.7));
#634 = DIRECTION('',(-1.,-4.38E-15,-0.));
#635 = DIRECTION('',(-4.38E-15,1.,0.));
#636 = ORIENTED_EDGE('',*,*,#124,.T.);
#637 = ORIENTED_EDGE('',*,*,#585,.F.);
#638 = ORIENTED_EDGE('',*,*,#639,.F.);
#639 = EDGE_CURVE('',#629,#586,#640,.T.);
#640 = LINE('',#641,#642);
#641 = CARTESIAN_POINT('',(81.4,52.6,0.7));
#642 = VECTOR('',#643,1.);
#643 = DIRECTION('',(-1.,0.,0.));
#644 = CYLINDRICAL_SURFACE('',#645,0.7);
#645 = AXIS2_PLACEMENT_3D('',#646,#647,#648);
#646 = CARTESIAN_POINT('',(81.4,51.9,0.7));
#647 = DIRECTION('',(-1.,0.,0.));
#648 = DIRECTION('',(0.,1.,0.));
#649 = ADVANCED_FACE('',(#650),#662,.T.);
#650 = FACE_BOUND('',#651,.F.);
#651 = EDGE_LOOP('',(#652,#653,#660,#661));
#652 = ORIENTED_EDGE('',*,*,#248,.F.);
#653 = ORIENTED_EDGE('',*,*,#654,.T.);
#654 = EDGE_CURVE('',#233,#629,#655,.T.);
#655 = CIRCLE('',#656,3.2);
#656 = AXIS2_PLACEMENT_3D('',#657,#658,#659);
#657 = CARTESIAN_POINT('',(81.4,49.4,0.7));
#658 = DIRECTION('',(0.,0.,1.));
#659 = DIRECTION('',(1.,0.,0.));
#660 = ORIENTED_EDGE('',*,*,#628,.T.);
#661 = ORIENTED_EDGE('',*,*,#132,.F.);
#662 = TOROIDAL_SURFACE('',#663,2.5,0.7);
#663 = AXIS2_PLACEMENT_3D('',#664,#665,#666);
#664 = CARTESIAN_POINT('',(81.4,49.4,0.7));
#665 = DIRECTION('',(0.,0.,-1.));
#666 = DIRECTION('',(1.,0.,0.));
#667 = ADVANCED_FACE('',(#668),#720,.T.);
#668 = FACE_BOUND('',#669,.T.);
#669 = EDGE_LOOP('',(#670,#671,#672,#673,#681,#690,#698,#706,#714));
#670 = ORIENTED_EDGE('',*,*,#40,.T.);
#671 = ORIENTED_EDGE('',*,*,#149,.T.);
#672 = ORIENTED_EDGE('',*,*,#240,.F.);
#673 = ORIENTED_EDGE('',*,*,#674,.T.);
#674 = EDGE_CURVE('',#231,#675,#677,.T.);
#675 = VERTEX_POINT('',#676);
#676 = CARTESIAN_POINT('',(84.6,32.10054,4.));
#677 = LINE('',#678,#679);
#678 = CARTESIAN_POINT('',(84.6,32.10054,-0.5));
#679 = VECTOR('',#680,1.);
#680 = DIRECTION('',(0.,0.,1.));
#681 = ORIENTED_EDGE('',*,*,#682,.F.);
#682 = EDGE_CURVE('',#683,#675,#685,.T.);
#683 = VERTEX_POINT('',#684);
#684 = CARTESIAN_POINT('',(83.4,32.10054,5.2));
#685 = CIRCLE('',#686,1.2);
#686 = AXIS2_PLACEMENT_3D('',#687,#688,#689);
#687 = CARTESIAN_POINT('',(83.4,32.10054,4.));
#688 = DIRECTION('',(-0.,1.,0.));
#689 = DIRECTION('',(1.,0.,0.));
#690 = ORIENTED_EDGE('',*,*,#691,.T.);
#691 = EDGE_CURVE('',#683,#692,#694,.T.);
#692 = VERTEX_POINT('',#693);
#693 = CARTESIAN_POINT('',(83.22,32.10054,5.2));
#694 = LINE('',#695,#696);
#695 = CARTESIAN_POINT('',(62.55,32.10054,5.2));
#696 = VECTOR('',#697,1.);
#697 = DIRECTION('',(-1.,0.,0.));
#698 = ORIENTED_EDGE('',*,*,#699,.F.);
#699 = EDGE_CURVE('',#700,#692,#702,.T.);
#700 = VERTEX_POINT('',#701);
#701 = CARTESIAN_POINT('',(83.22,32.10054,4.4));
#702 = LINE('',#703,#704);
#703 = CARTESIAN_POINT('',(83.22,32.10054,4.4));
#704 = VECTOR('',#705,1.);
#705 = DIRECTION('',(0.,0.,1.));
#706 = ORIENTED_EDGE('',*,*,#707,.F.);
#707 = EDGE_CURVE('',#708,#700,#710,.T.);
#708 = VERTEX_POINT('',#709);
#709 = CARTESIAN_POINT('',(83.4,32.10054,4.4));
#710 = LINE('',#711,#712);
#711 = CARTESIAN_POINT('',(62.55,32.10054,4.4));
#712 = VECTOR('',#713,1.);
#713 = DIRECTION('',(-1.,0.,0.));
#714 = ORIENTED_EDGE('',*,*,#715,.F.);
#715 = EDGE_CURVE('',#41,#708,#716,.T.);
#716 = LINE('',#717,#718);
#717 = CARTESIAN_POINT('',(83.4,32.10054,-1.6));
#718 = VECTOR('',#719,1.);
#719 = DIRECTION('',(0.,0.,1.));
#720 = PLANE('',#721);
#721 = AXIS2_PLACEMENT_3D('',#722,#723,#724);
#722 = CARTESIAN_POINT('',(83.914625808373,32.10054,2.618061444966));
#723 = DIRECTION('',(-0.,-1.,-0.));
#724 = DIRECTION('',(0.,0.,-1.));
#725 = ADVANCED_FACE('',(#726,#847,#858,#869,#880),#950,.F.);
#726 = FACE_BOUND('',#727,.F.);
#727 = EDGE_LOOP('',(#728,#729,#737,#746,#754,#763,#771,#780,#788,#797,
    #805,#813,#827,#835));
#728 = ORIENTED_EDGE('',*,*,#707,.F.);
#729 = ORIENTED_EDGE('',*,*,#730,.T.);
#730 = EDGE_CURVE('',#708,#731,#733,.T.);
#731 = VERTEX_POINT('',#732);
#732 = CARTESIAN_POINT('',(83.4,49.4,4.4));
#733 = LINE('',#734,#735);
#734 = CARTESIAN_POINT('',(83.4,2.6,4.4));
#735 = VECTOR('',#736,1.);
#736 = DIRECTION('',(0.,1.,0.));
#737 = ORIENTED_EDGE('',*,*,#738,.T.);
#738 = EDGE_CURVE('',#731,#739,#741,.T.);
#739 = VERTEX_POINT('',#740);
#740 = CARTESIAN_POINT('',(81.4,51.4,4.4));
#741 = CIRCLE('',#742,2.);
#742 = AXIS2_PLACEMENT_3D('',#743,#744,#745);
#743 = CARTESIAN_POINT('',(81.4,49.4,4.4));
#744 = DIRECTION('',(0.,0.,1.));
#745 = DIRECTION('',(1.,0.,0.));
#746 = ORIENTED_EDGE('',*,*,#747,.F.);
#747 = EDGE_CURVE('',#748,#739,#750,.T.);
#748 = VERTEX_POINT('',#749);
#749 = CARTESIAN_POINT('',(2.6,51.4,4.4));
#750 = LINE('',#751,#752);
#751 = CARTESIAN_POINT('',(2.6,51.4,4.4));
#752 = VECTOR('',#753,1.);
#753 = DIRECTION('',(1.,0.,0.));
#754 = ORIENTED_EDGE('',*,*,#755,.T.);
#755 = EDGE_CURVE('',#748,#756,#758,.T.);
#756 = VERTEX_POINT('',#757);
#757 = CARTESIAN_POINT('',(0.6,49.4,4.4));
#758 = CIRCLE('',#759,2.);
#759 = AXIS2_PLACEMENT_3D('',#760,#761,#762);
#760 = CARTESIAN_POINT('',(2.6,49.4,4.4));
#761 = DIRECTION('',(0.,0.,1.));
#762 = DIRECTION('',(1.,0.,0.));
#763 = ORIENTED_EDGE('',*,*,#764,.F.);
#764 = EDGE_CURVE('',#765,#756,#767,.T.);
#765 = VERTEX_POINT('',#766);
#766 = CARTESIAN_POINT('',(0.6,2.6,4.4));
#767 = LINE('',#768,#769);
#768 = CARTESIAN_POINT('',(0.6,2.6,4.4));
#769 = VECTOR('',#770,1.);
#770 = DIRECTION('',(0.,1.,0.));
#771 = ORIENTED_EDGE('',*,*,#772,.T.);
#772 = EDGE_CURVE('',#765,#773,#775,.T.);
#773 = VERTEX_POINT('',#774);
#774 = CARTESIAN_POINT('',(2.6,0.6,4.4));
#775 = CIRCLE('',#776,2.);
#776 = AXIS2_PLACEMENT_3D('',#777,#778,#779);
#777 = CARTESIAN_POINT('',(2.6,2.6,4.4));
#778 = DIRECTION('',(0.,0.,1.));
#779 = DIRECTION('',(1.,0.,0.));
#780 = ORIENTED_EDGE('',*,*,#781,.T.);
#781 = EDGE_CURVE('',#773,#782,#784,.T.);
#782 = VERTEX_POINT('',#783);
#783 = CARTESIAN_POINT('',(81.4,0.6,4.4));
#784 = LINE('',#785,#786);
#785 = CARTESIAN_POINT('',(2.6,0.6,4.4));
#786 = VECTOR('',#787,1.);
#787 = DIRECTION('',(1.,0.,0.));
#788 = ORIENTED_EDGE('',*,*,#789,.T.);
#789 = EDGE_CURVE('',#782,#790,#792,.T.);
#790 = VERTEX_POINT('',#791);
#791 = CARTESIAN_POINT('',(83.4,2.6,4.4));
#792 = CIRCLE('',#793,2.);
#793 = AXIS2_PLACEMENT_3D('',#794,#795,#796);
#794 = CARTESIAN_POINT('',(81.4,2.6,4.4));
#795 = DIRECTION('',(0.,0.,1.));
#796 = DIRECTION('',(1.,0.,0.));
#797 = ORIENTED_EDGE('',*,*,#798,.T.);
#798 = EDGE_CURVE('',#790,#799,#801,.T.);
#799 = VERTEX_POINT('',#800);
#800 = CARTESIAN_POINT('',(83.4,19.90054,4.4));
#801 = LINE('',#802,#803);
#802 = CARTESIAN_POINT('',(83.4,2.6,4.4));
#803 = VECTOR('',#804,1.);
#804 = DIRECTION('',(0.,1.,0.));
#805 = ORIENTED_EDGE('',*,*,#806,.T.);
#806 = EDGE_CURVE('',#799,#807,#809,.T.);
#807 = VERTEX_POINT('',#808);
#808 = CARTESIAN_POINT('',(83.22,19.90054,4.4));
#809 = LINE('',#810,#811);
#810 = CARTESIAN_POINT('',(62.55,19.90054,4.4));
#811 = VECTOR('',#812,1.);
#812 = DIRECTION('',(-1.,0.,0.));
#813 = ORIENTED_EDGE('',*,*,#814,.F.);
#814 = EDGE_CURVE('',#815,#807,#817,.T.);
#815 = VERTEX_POINT('',#816);
#816 = CARTESIAN_POINT('',(82.98,20.02054,4.4));
#817 = B_SPLINE_CURVE_WITH_KNOTS('',8,(#818,#819,#820,#821,#822,#823,
    #824,#825,#826),.UNSPECIFIED.,.F.,.F.,(9,9),(0.,1.),
  .PIECEWISE_BEZIER_KNOTS.);
#818 = CARTESIAN_POINT('',(82.98,20.02054,4.4));
#819 = CARTESIAN_POINT('',(82.98,19.984454157496,4.4));
#820 = CARTESIAN_POINT('',(83.01592088648,19.950648903068,4.4));
#821 = CARTESIAN_POINT('',(83.045130696852,19.945222681428,4.4));
#822 = CARTESIAN_POINT('',(83.076873867409,19.917449325613,4.4));
#823 = CARTESIAN_POINT('',(83.113746943393,19.915111697982,4.4));
#824 = CARTESIAN_POINT('',(83.147879351048,19.903977450033,4.4));
#825 = CARTESIAN_POINT('',(83.184075905528,19.90054,4.4));
#826 = CARTESIAN_POINT('',(83.22,19.90054,4.4));
#827 = ORIENTED_EDGE('',*,*,#828,.T.);
#828 = EDGE_CURVE('',#815,#829,#831,.T.);
#829 = VERTEX_POINT('',#830);
#830 = CARTESIAN_POINT('',(82.98,31.98054,4.4));
#831 = LINE('',#832,#833);
#832 = CARTESIAN_POINT('',(82.98,19.90054,4.4));
#833 = VECTOR('',#834,1.);
#834 = DIRECTION('',(0.,1.,0.));
#835 = ORIENTED_EDGE('',*,*,#836,.T.);
#836 = EDGE_CURVE('',#829,#700,#837,.T.);
#837 = B_SPLINE_CURVE_WITH_KNOTS('',8,(#838,#839,#840,#841,#842,#843,
    #844,#845,#846),.UNSPECIFIED.,.F.,.F.,(9,9),(0.,1.),
  .PIECEWISE_BEZIER_KNOTS.);
#838 = CARTESIAN_POINT('',(82.98,31.98054,4.4));
#839 = CARTESIAN_POINT('',(82.98,32.016625842503,4.4));
#840 = CARTESIAN_POINT('',(83.01592088648,32.050431096931,4.4));
#841 = CARTESIAN_POINT('',(83.045130696852,32.055857318573,4.4));
#842 = CARTESIAN_POINT('',(83.076873867409,32.083630674385,4.4));
#843 = CARTESIAN_POINT('',(83.113746943393,32.08596830202,4.4));
#844 = CARTESIAN_POINT('',(83.147879351048,32.097102549966,4.4));
#845 = CARTESIAN_POINT('',(83.184075905528,32.10054,4.4));
#846 = CARTESIAN_POINT('',(83.22,32.10054,4.4));
#847 = FACE_BOUND('',#848,.F.);
#848 = EDGE_LOOP('',(#849));
#849 = ORIENTED_EDGE('',*,*,#850,.F.);
#850 = EDGE_CURVE('',#851,#851,#853,.T.);
#851 = VERTEX_POINT('',#852);
#852 = CARTESIAN_POINT('',(43.7,4.5,4.4));
#853 = CIRCLE('',#854,2.6);
#854 = AXIS2_PLACEMENT_3D('',#855,#856,#857);
#855 = CARTESIAN_POINT('',(41.1,4.5,4.4));
#856 = DIRECTION('',(0.,0.,1.));
#857 = DIRECTION('',(1.,0.,0.));
#858 = FACE_BOUND('',#859,.F.);
#859 = EDGE_LOOP('',(#860));
#860 = ORIENTED_EDGE('',*,*,#861,.F.);
#861 = EDGE_CURVE('',#862,#862,#864,.T.);
#862 = VERTEX_POINT('',#863);
#863 = CARTESIAN_POINT('',(52.2,8.80000526,4.4));
#864 = CIRCLE('',#865,2.6);
#865 = AXIS2_PLACEMENT_3D('',#866,#867,#868);
#866 = CARTESIAN_POINT('',(49.6,8.80000526,4.4));
#867 = DIRECTION('',(0.,0.,1.));
#868 = DIRECTION('',(1.,0.,0.));
#869 = FACE_BOUND('',#870,.F.);
#870 = EDGE_LOOP('',(#871));
#871 = ORIENTED_EDGE('',*,*,#872,.F.);
#872 = EDGE_CURVE('',#873,#873,#875,.T.);
#873 = VERTEX_POINT('',#874);
#874 = CARTESIAN_POINT('',(43.7,14.4,4.4));
#875 = CIRCLE('',#876,2.6);
#876 = AXIS2_PLACEMENT_3D('',#877,#878,#879);
#877 = CARTESIAN_POINT('',(41.1,14.4,4.4));
#878 = DIRECTION('',(0.,0.,1.));
#879 = DIRECTION('',(1.,0.,0.));
#880 = FACE_BOUND('',#881,.F.);
#881 = EDGE_LOOP('',(#882,#893,#901,#910,#918,#927,#935,#944));
#882 = ORIENTED_EDGE('',*,*,#883,.F.);
#883 = EDGE_CURVE('',#884,#886,#888,.T.);
#884 = VERTEX_POINT('',#885);
#885 = CARTESIAN_POINT('',(4.,20.6,4.4));
#886 = VERTEX_POINT('',#887);
#887 = CARTESIAN_POINT('',(4.3,20.3,4.4));
#888 = CIRCLE('',#889,0.3);
#889 = AXIS2_PLACEMENT_3D('',#890,#891,#892);
#890 = CARTESIAN_POINT('',(4.3,20.6,4.4));
#891 = DIRECTION('',(0.,0.,1.));
#892 = DIRECTION('',(1.,0.,0.));
#893 = ORIENTED_EDGE('',*,*,#894,.T.);
#894 = EDGE_CURVE('',#884,#895,#897,.T.);
#895 = VERTEX_POINT('',#896);
#896 = CARTESIAN_POINT('',(4.,47.8,4.4));
#897 = LINE('',#898,#899);
#898 = CARTESIAN_POINT('',(4.,23.3,4.4));
#899 = VECTOR('',#900,1.);
#900 = DIRECTION('',(0.,1.,0.));
#901 = ORIENTED_EDGE('',*,*,#902,.F.);
#902 = EDGE_CURVE('',#903,#895,#905,.T.);
#903 = VERTEX_POINT('',#904);
#904 = CARTESIAN_POINT('',(4.3,48.1,4.4));
#905 = CIRCLE('',#906,0.3);
#906 = AXIS2_PLACEMENT_3D('',#907,#908,#909);
#907 = CARTESIAN_POINT('',(4.3,47.8,4.4));
#908 = DIRECTION('',(0.,0.,1.));
#909 = DIRECTION('',(1.,0.,0.));
#910 = ORIENTED_EDGE('',*,*,#911,.F.);
#911 = EDGE_CURVE('',#912,#903,#914,.T.);
#912 = VERTEX_POINT('',#913);
#913 = CARTESIAN_POINT('',(31.5,48.1,4.4));
#914 = LINE('',#915,#916);
#915 = CARTESIAN_POINT('',(23.15,48.1,4.4));
#916 = VECTOR('',#917,1.);
#917 = DIRECTION('',(-1.,0.,0.));
#918 = ORIENTED_EDGE('',*,*,#919,.F.);
#919 = EDGE_CURVE('',#920,#912,#922,.T.);
#920 = VERTEX_POINT('',#921);
#921 = CARTESIAN_POINT('',(31.8,47.8,4.4));
#922 = CIRCLE('',#923,0.3);
#923 = AXIS2_PLACEMENT_3D('',#924,#925,#926);
#924 = CARTESIAN_POINT('',(31.5,47.8,4.4));
#925 = DIRECTION('',(0.,0.,1.));
#926 = DIRECTION('',(1.,0.,0.));
#927 = ORIENTED_EDGE('',*,*,#928,.F.);
#928 = EDGE_CURVE('',#929,#920,#931,.T.);
#929 = VERTEX_POINT('',#930);
#930 = CARTESIAN_POINT('',(31.8,20.6,4.4));
#931 = LINE('',#932,#933);
#932 = CARTESIAN_POINT('',(31.8,23.3,4.4));
#933 = VECTOR('',#934,1.);
#934 = DIRECTION('',(0.,1.,0.));
#935 = ORIENTED_EDGE('',*,*,#936,.F.);
#936 = EDGE_CURVE('',#937,#929,#939,.T.);
#937 = VERTEX_POINT('',#938);
#938 = CARTESIAN_POINT('',(31.5,20.3,4.4));
#939 = CIRCLE('',#940,0.3);
#940 = AXIS2_PLACEMENT_3D('',#941,#942,#943);
#941 = CARTESIAN_POINT('',(31.5,20.6,4.4));
#942 = DIRECTION('',(0.,0.,1.));
#943 = DIRECTION('',(1.,0.,0.));
#944 = ORIENTED_EDGE('',*,*,#945,.T.);
#945 = EDGE_CURVE('',#937,#886,#946,.T.);
#946 = LINE('',#947,#948);
#947 = CARTESIAN_POINT('',(23.15,20.3,4.4));
#948 = VECTOR('',#949,1.);
#949 = DIRECTION('',(-1.,0.,0.));
#950 = PLANE('',#951);
#951 = AXIS2_PLACEMENT_3D('',#952,#953,#954);
#952 = CARTESIAN_POINT('',(42.,26.,4.4));
#953 = DIRECTION('',(0.,0.,1.));
#954 = DIRECTION('',(1.,0.,0.));
#955 = ADVANCED_FACE('',(#956),#983,.F.);
#956 = FACE_BOUND('',#957,.F.);
#957 = EDGE_LOOP('',(#958,#959,#971));
#958 = ORIENTED_EDGE('',*,*,#836,.F.);
#959 = ORIENTED_EDGE('',*,*,#960,.T.);
#960 = EDGE_CURVE('',#829,#961,#963,.T.);
#961 = VERTEX_POINT('',#962);
#962 = CARTESIAN_POINT('',(83.1,31.98054,4.52));
#963 = B_SPLINE_CURVE_WITH_KNOTS('',6,(#964,#965,#966,#967,#968,#969,
    #970),.UNSPECIFIED.,.F.,.F.,(7,7),(0.,1.),.PIECEWISE_BEZIER_KNOTS.);
#964 = CARTESIAN_POINT('',(82.98,31.98054,4.4));
#965 = CARTESIAN_POINT('',(83.011415926536,31.98054,4.4));
#966 = CARTESIAN_POINT('',(83.042829180084,31.98054,4.409867322322));
#967 = CARTESIAN_POINT('',(83.070382817957,31.98054,4.429617182043));
#968 = CARTESIAN_POINT('',(83.090132677677,31.98054,4.457170819915));
#969 = CARTESIAN_POINT('',(83.1,31.98054,4.488584073464));
#970 = CARTESIAN_POINT('',(83.1,31.98054,4.52));
#971 = ORIENTED_EDGE('',*,*,#972,.T.);
#972 = EDGE_CURVE('',#961,#700,#973,.T.);
#973 = B_SPLINE_CURVE_WITH_KNOTS('',8,(#974,#975,#976,#977,#978,#979,
    #980,#981,#982),.UNSPECIFIED.,.F.,.F.,(9,9),(0.,1.),
  .PIECEWISE_BEZIER_KNOTS.);
#974 = CARTESIAN_POINT('',(83.1,31.98054,4.52));
#975 = CARTESIAN_POINT('',(83.1,32.004101944902,4.505));
#976 = CARTESIAN_POINT('',(83.105287294675,32.02766389722,4.49));
#977 = CARTESIAN_POINT('',(83.115861832096,32.049841588121,4.475));
#978 = CARTESIAN_POINT('',(83.131288949306,32.069251050693,4.46));
#979 = CARTESIAN_POINT('',(83.15069841188,32.084678167905,4.445));
#980 = CARTESIAN_POINT('',(83.172876102779,32.095252705324,4.43));
#981 = CARTESIAN_POINT('',(83.196438055098,32.10054,4.415));
#982 = CARTESIAN_POINT('',(83.22,32.10054,4.4));
#983 = B_SPLINE_SURFACE_WITH_KNOTS('',6,8,(
    (#984,#985,#986,#987,#988,#989,#990,#991,#992)
    ,(#993,#994,#995,#996,#997,#998,#999,#1000,#1001)
    ,(#1002,#1003,#1004,#1005,#1006,#1007,#1008,#1009,#1010)
    ,(#1011,#1012,#1013,#1014,#1015,#1016,#1017,#1018,#1019)
    ,(#1020,#1021,#1022,#1023,#1024,#1025,#1026,#1027,#1028)
    ,(#1029,#1030,#1031,#1032,#1033,#1034,#1035,#1036,#1037)
    ,(#1038,#1039,#1040,#1041,#1042,#1043,#1044,#1045,#1046
  )),.UNSPECIFIED.,.F.,.F.,.F.,(7,7),(9,9),(0.,1.),(0.,1.),
  .PIECEWISE_BEZIER_KNOTS.);
#984 = CARTESIAN_POINT('',(82.98,31.98054,4.4));
#985 = CARTESIAN_POINT('',(82.98,32.016625842503,4.4));
#986 = CARTESIAN_POINT('',(83.01592088648,32.050431096931,4.4));
#987 = CARTESIAN_POINT('',(83.045130696852,32.055857318573,4.4));
#988 = CARTESIAN_POINT('',(83.076873867409,32.083630674385,4.4));
#989 = CARTESIAN_POINT('',(83.113746943393,32.08596830202,4.4));
#990 = CARTESIAN_POINT('',(83.147879351048,32.097102549966,4.4));
#991 = CARTESIAN_POINT('',(83.184075905528,32.10054,4.4));
#992 = CARTESIAN_POINT('',(83.22,32.10054,4.4));
#993 = CARTESIAN_POINT('',(83.011415926536,31.98054,4.4));
#994 = CARTESIAN_POINT('',(83.009988935719,32.014538526237,4.4));
#995 = CARTESIAN_POINT('',(83.039377232747,32.046636563646,4.4));
#996 = CARTESIAN_POINT('',(83.064054173478,32.054854696831,4.4));
#997 = CARTESIAN_POINT('',(83.091651010992,32.081234070436,4.4));
#998 = CARTESIAN_POINT('',(83.124186493925,32.085753279667,4.4));
#999 = CARTESIAN_POINT('',(83.15489945797,32.096794242526,4.4));
#1000 = CARTESIAN_POINT('',(83.187563254607,32.10054,4.4));
#1001 = CARTESIAN_POINT('',(83.22,32.10054,4.4));
#1002 = CARTESIAN_POINT('',(83.042829180084,31.98054,4.409867322322));
#1003 = CARTESIAN_POINT('',(83.040767357779,32.012451209969,
    4.408938805172));
#1004 = CARTESIAN_POINT('',(83.062610720583,32.04175105472,
    4.410972901059));
#1005 = CARTESIAN_POINT('',(83.08211307667,32.055343643244,
    4.409739485769));
#1006 = CARTESIAN_POINT('',(83.105402325222,32.078560817881,
    4.407791588615));
#1007 = CARTESIAN_POINT('',(83.133249880051,32.086580958715,
    4.40548645053));
#1008 = CARTESIAN_POINT('',(83.161166888321,32.096702409879,
    4.403181312444));
#1009 = CARTESIAN_POINT('',(83.192557297641,32.10054,4.403429203673));
#1010 = CARTESIAN_POINT('',(83.22,32.10054,4.4));
#1011 = CARTESIAN_POINT('',(83.070382817957,31.98054,4.429617182043));
#1012 = CARTESIAN_POINT('',(83.067945309877,32.010363893703,
    4.427051534938));
#1013 = CARTESIAN_POINT('',(83.082560087405,32.038055577111,
    4.424212973903));
#1014 = CARTESIAN_POINT('',(83.098300380412,32.052642816145,
    4.420510826147));
#1015 = CARTESIAN_POINT('',(83.118223765128,32.075838382533,
    4.416408660918));
#1016 = CARTESIAN_POINT('',(83.142674542554,32.085372661004,
    4.412106486951));
#1017 = CARTESIAN_POINT('',(83.167677532477,32.096146172386,
    4.407804312985));
#1018 = CARTESIAN_POINT('',(83.193791272048,32.10054,4.403965708265));
#1019 = CARTESIAN_POINT('',(83.22,32.10054,4.4));
#1020 = CARTESIAN_POINT('',(83.090132677677,31.98054,4.457170819915));
#1021 = CARTESIAN_POINT('',(83.087083257912,32.008276577436,
    4.450949192812));
#1022 = CARTESIAN_POINT('',(83.095730035523,32.03458052616,
    4.441543806245));
#1023 = CARTESIAN_POINT('',(83.108762410751,32.049987908424,
    4.434397453756));
#1024 = CARTESIAN_POINT('',(83.126487416531,32.07324983163,
    4.427517963004));
#1025 = CARTESIAN_POINT('',(83.14882641426,32.084153379728,
    4.420771903123));
#1026 = CARTESIAN_POINT('',(83.172080731876,32.09559692495,
    4.414025843241));
#1027 = CARTESIAN_POINT('',(83.194239848292,32.10054,4.40528761102));
#1028 = CARTESIAN_POINT('',(83.22,32.10054,4.4));
#1029 = CARTESIAN_POINT('',(83.1,31.98054,4.488584073464));
#1030 = CARTESIAN_POINT('',(83.098036504592,32.006189261169,
    4.477511064281));
#1031 = CARTESIAN_POINT('',(83.10349493907,32.030356297211,
    4.466438055098));
#1032 = CARTESIAN_POINT('',(83.114281990154,32.050614612972,
    4.455365045915));
#1033 = CARTESIAN_POINT('',(83.130274562381,32.070978232412,
    4.444292036732));
#1034 = CARTESIAN_POINT('',(83.150506263905,32.084948108082,
    4.433219027549));
#1035 = CARTESIAN_POINT('',(83.173186302645,32.095526062476,
    4.422146018366));
#1036 = CARTESIAN_POINT('',(83.196877696836,32.10054,4.411073009183));
#1037 = CARTESIAN_POINT('',(83.22,32.10054,4.4));
#1038 = CARTESIAN_POINT('',(83.1,31.98054,4.52));
#1039 = CARTESIAN_POINT('',(83.1,32.004101944902,4.505));
#1040 = CARTESIAN_POINT('',(83.105287294675,32.02766389722,4.49));
#1041 = CARTESIAN_POINT('',(83.115861832096,32.049841588121,4.475));
#1042 = CARTESIAN_POINT('',(83.131288949306,32.069251050693,4.46));
#1043 = CARTESIAN_POINT('',(83.15069841188,32.084678167905,4.445));
#1044 = CARTESIAN_POINT('',(83.172876102779,32.095252705324,4.43));
#1045 = CARTESIAN_POINT('',(83.196438055098,32.10054,4.415));
#1046 = CARTESIAN_POINT('',(83.22,32.10054,4.4));
#1047 = ADVANCED_FACE('',(#1048),#1074,.T.);
#1048 = FACE_BOUND('',#1049,.F.);
#1049 = EDGE_LOOP('',(#1050,#1058,#1059,#1067));
#1050 = ORIENTED_EDGE('',*,*,#1051,.F.);
#1051 = EDGE_CURVE('',#675,#1052,#1054,.T.);
#1052 = VERTEX_POINT('',#1053);
#1053 = CARTESIAN_POINT('',(84.6,49.4,4.));
#1054 = LINE('',#1055,#1056);
#1055 = CARTESIAN_POINT('',(84.6,2.6,4.));
#1056 = VECTOR('',#1057,1.);
#1057 = DIRECTION('',(0.,1.,0.));
#1058 = ORIENTED_EDGE('',*,*,#682,.F.);
#1059 = ORIENTED_EDGE('',*,*,#1060,.T.);
#1060 = EDGE_CURVE('',#683,#1061,#1063,.T.);
#1061 = VERTEX_POINT('',#1062);
#1062 = CARTESIAN_POINT('',(83.4,49.4,5.2));
#1063 = LINE('',#1064,#1065);
#1064 = CARTESIAN_POINT('',(83.4,2.6,5.2));
#1065 = VECTOR('',#1066,1.);
#1066 = DIRECTION('',(0.,1.,0.));
#1067 = ORIENTED_EDGE('',*,*,#1068,.F.);
#1068 = EDGE_CURVE('',#1052,#1061,#1069,.T.);
#1069 = CIRCLE('',#1070,1.2);
#1070 = AXIS2_PLACEMENT_3D('',#1071,#1072,#1073);
#1071 = CARTESIAN_POINT('',(83.4,49.4,4.));
#1072 = DIRECTION('',(0.,-1.,0.));
#1073 = DIRECTION('',(1.,0.,0.));
#1074 = CYLINDRICAL_SURFACE('',#1075,1.2);
#1075 = AXIS2_PLACEMENT_3D('',#1076,#1077,#1078);
#1076 = CARTESIAN_POINT('',(83.4,2.6,4.));
#1077 = DIRECTION('',(0.,1.,0.));
#1078 = DIRECTION('',(1.,0.,0.));
#1079 = ADVANCED_FACE('',(#1080,#1196,#1207,#1218,#1229),#1299,.T.);
#1080 = FACE_BOUND('',#1081,.T.);
#1081 = EDGE_LOOP('',(#1082,#1083,#1084,#1093,#1101,#1110,#1118,#1127,
    #1135,#1144,#1152,#1160,#1175,#1183));
#1082 = ORIENTED_EDGE('',*,*,#691,.F.);
#1083 = ORIENTED_EDGE('',*,*,#1060,.T.);
#1084 = ORIENTED_EDGE('',*,*,#1085,.T.);
#1085 = EDGE_CURVE('',#1061,#1086,#1088,.T.);
#1086 = VERTEX_POINT('',#1087);
#1087 = CARTESIAN_POINT('',(81.4,51.4,5.2));
#1088 = CIRCLE('',#1089,2.);
#1089 = AXIS2_PLACEMENT_3D('',#1090,#1091,#1092);
#1090 = CARTESIAN_POINT('',(81.4,49.4,5.2));
#1091 = DIRECTION('',(0.,0.,1.));
#1092 = DIRECTION('',(1.,0.,0.));
#1093 = ORIENTED_EDGE('',*,*,#1094,.T.);
#1094 = EDGE_CURVE('',#1086,#1095,#1097,.T.);
#1095 = VERTEX_POINT('',#1096);
#1096 = CARTESIAN_POINT('',(2.6,51.4,5.2));
#1097 = LINE('',#1098,#1099);
#1098 = CARTESIAN_POINT('',(81.4,51.4,5.2));
#1099 = VECTOR('',#1100,1.);
#1100 = DIRECTION('',(-1.,0.,0.));
#1101 = ORIENTED_EDGE('',*,*,#1102,.T.);
#1102 = EDGE_CURVE('',#1095,#1103,#1105,.T.);
#1103 = VERTEX_POINT('',#1104);
#1104 = CARTESIAN_POINT('',(0.6,49.4,5.2));
#1105 = CIRCLE('',#1106,2.);
#1106 = AXIS2_PLACEMENT_3D('',#1107,#1108,#1109);
#1107 = CARTESIAN_POINT('',(2.6,49.4,5.2));
#1108 = DIRECTION('',(0.,0.,1.));
#1109 = DIRECTION('',(-4.2E-16,1.,0.));
#1110 = ORIENTED_EDGE('',*,*,#1111,.T.);
#1111 = EDGE_CURVE('',#1103,#1112,#1114,.T.);
#1112 = VERTEX_POINT('',#1113);
#1113 = CARTESIAN_POINT('',(0.6,2.6,5.2));
#1114 = LINE('',#1115,#1116);
#1115 = CARTESIAN_POINT('',(0.6,49.4,5.2));
#1116 = VECTOR('',#1117,1.);
#1117 = DIRECTION('',(0.,-1.,0.));
#1118 = ORIENTED_EDGE('',*,*,#1119,.T.);
#1119 = EDGE_CURVE('',#1112,#1120,#1122,.T.);
#1120 = VERTEX_POINT('',#1121);
#1121 = CARTESIAN_POINT('',(2.6,0.6,5.2));
#1122 = CIRCLE('',#1123,2.);
#1123 = AXIS2_PLACEMENT_3D('',#1124,#1125,#1126);
#1124 = CARTESIAN_POINT('',(2.6,2.6,5.2));
#1125 = DIRECTION('',(0.,0.,1.));
#1126 = DIRECTION('',(-1.,-2.8E-16,0.));
#1127 = ORIENTED_EDGE('',*,*,#1128,.T.);
#1128 = EDGE_CURVE('',#1120,#1129,#1131,.T.);
#1129 = VERTEX_POINT('',#1130);
#1130 = CARTESIAN_POINT('',(81.4,0.6,5.2));
#1131 = LINE('',#1132,#1133);
#1132 = CARTESIAN_POINT('',(2.6,0.6,5.2));
#1133 = VECTOR('',#1134,1.);
#1134 = DIRECTION('',(1.,0.,0.));
#1135 = ORIENTED_EDGE('',*,*,#1136,.T.);
#1136 = EDGE_CURVE('',#1129,#1137,#1139,.T.);
#1137 = VERTEX_POINT('',#1138);
#1138 = CARTESIAN_POINT('',(83.4,2.6,5.2));
#1139 = CIRCLE('',#1140,2.);
#1140 = AXIS2_PLACEMENT_3D('',#1141,#1142,#1143);
#1141 = CARTESIAN_POINT('',(81.4,2.6,5.2));
#1142 = DIRECTION('',(0.,0.,1.));
#1143 = DIRECTION('',(-4.44E-15,-1.,0.));
#1144 = ORIENTED_EDGE('',*,*,#1145,.T.);
#1145 = EDGE_CURVE('',#1137,#1146,#1148,.T.);
#1146 = VERTEX_POINT('',#1147);
#1147 = CARTESIAN_POINT('',(83.4,19.90054,5.2));
#1148 = LINE('',#1149,#1150);
#1149 = CARTESIAN_POINT('',(83.4,2.6,5.2));
#1150 = VECTOR('',#1151,1.);
#1151 = DIRECTION('',(0.,1.,0.));
#1152 = ORIENTED_EDGE('',*,*,#1153,.T.);
#1153 = EDGE_CURVE('',#1146,#1154,#1156,.T.);
#1154 = VERTEX_POINT('',#1155);
#1155 = CARTESIAN_POINT('',(83.22,19.90054,5.2));
#1156 = LINE('',#1157,#1158);
#1157 = CARTESIAN_POINT('',(62.55,19.90054,5.2));
#1158 = VECTOR('',#1159,1.);
#1159 = DIRECTION('',(-1.,0.,0.));
#1160 = ORIENTED_EDGE('',*,*,#1161,.T.);
#1161 = EDGE_CURVE('',#1154,#1162,#1164,.T.);
#1162 = VERTEX_POINT('',#1163);
#1163 = CARTESIAN_POINT('',(82.98,20.02054,5.2));
#1164 = B_SPLINE_CURVE_WITH_KNOTS('',9,(#1165,#1166,#1167,#1168,#1169,
    #1170,#1171,#1172,#1173,#1174),.UNSPECIFIED.,.F.,.F.,(10,10),(0.,1.)
  ,.PIECEWISE_BEZIER_KNOTS.);
#1165 = CARTESIAN_POINT('',(83.22,19.90054,5.2));
#1166 = CARTESIAN_POINT('',(83.18628907779,19.90054,5.2));
#1167 = CARTESIAN_POINT('',(83.152565867395,19.89862829183,5.2));
#1168 = CARTESIAN_POINT('',(83.119039034499,19.897289324647,5.2));
#1169 = CARTESIAN_POINT('',(83.084901288588,19.899762916609,5.2));
#1170 = CARTESIAN_POINT('',(83.051204844178,19.907134859151,5.2));
#1171 = CARTESIAN_POINT('',(83.017430448351,19.924567869267,5.2));
#1172 = CARTESIAN_POINT('',(82.9924454918,19.953133284416,5.2));
#1173 = CARTESIAN_POINT('',(82.98,19.986826438525,5.2));
#1174 = CARTESIAN_POINT('',(82.98,20.02054,5.2));
#1175 = ORIENTED_EDGE('',*,*,#1176,.T.);
#1176 = EDGE_CURVE('',#1162,#1177,#1179,.T.);
#1177 = VERTEX_POINT('',#1178);
#1178 = CARTESIAN_POINT('',(82.98,31.98054,5.2));
#1179 = LINE('',#1180,#1181);
#1180 = CARTESIAN_POINT('',(82.98,19.90054,5.2));
#1181 = VECTOR('',#1182,1.);
#1182 = DIRECTION('',(0.,1.,0.));
#1183 = ORIENTED_EDGE('',*,*,#1184,.F.);
#1184 = EDGE_CURVE('',#692,#1177,#1185,.T.);
#1185 = B_SPLINE_CURVE_WITH_KNOTS('',9,(#1186,#1187,#1188,#1189,#1190,
    #1191,#1192,#1193,#1194,#1195),.UNSPECIFIED.,.F.,.F.,(10,10),(0.,1.)
  ,.PIECEWISE_BEZIER_KNOTS.);
#1186 = CARTESIAN_POINT('',(83.22,32.10054,5.2));
#1187 = CARTESIAN_POINT('',(83.18628907779,32.10054,5.2));
#1188 = CARTESIAN_POINT('',(83.152565867395,32.10245170817,5.2));
#1189 = CARTESIAN_POINT('',(83.119039034499,32.103790675353,5.2));
#1190 = CARTESIAN_POINT('',(83.084901288588,32.101317083391,5.2));
#1191 = CARTESIAN_POINT('',(83.051204844178,32.093945140849,5.2));
#1192 = CARTESIAN_POINT('',(83.017430448351,32.076512130733,5.2));
#1193 = CARTESIAN_POINT('',(82.9924454918,32.047946715584,5.2));
#1194 = CARTESIAN_POINT('',(82.98,32.014253561475,5.2));
#1195 = CARTESIAN_POINT('',(82.98,31.98054,5.2));
#1196 = FACE_BOUND('',#1197,.T.);
#1197 = EDGE_LOOP('',(#1198));
#1198 = ORIENTED_EDGE('',*,*,#1199,.F.);
#1199 = EDGE_CURVE('',#1200,#1200,#1202,.T.);
#1200 = VERTEX_POINT('',#1201);
#1201 = CARTESIAN_POINT('',(43.82,4.5,5.2));
#1202 = CIRCLE('',#1203,2.72);
#1203 = AXIS2_PLACEMENT_3D('',#1204,#1205,#1206);
#1204 = CARTESIAN_POINT('',(41.1,4.5,5.2));
#1205 = DIRECTION('',(0.,0.,1.));
#1206 = DIRECTION('',(1.,0.,0.));
#1207 = FACE_BOUND('',#1208,.T.);
#1208 = EDGE_LOOP('',(#1209));
#1209 = ORIENTED_EDGE('',*,*,#1210,.F.);
#1210 = EDGE_CURVE('',#1211,#1211,#1213,.T.);
#1211 = VERTEX_POINT('',#1212);
#1212 = CARTESIAN_POINT('',(52.32,8.80000526,5.2));
#1213 = CIRCLE('',#1214,2.72);
#1214 = AXIS2_PLACEMENT_3D('',#1215,#1216,#1217);
#1215 = CARTESIAN_POINT('',(49.6,8.80000526,5.2));
#1216 = DIRECTION('',(-0.,0.,1.));
#1217 = DIRECTION('',(1.,-6.8E-16,0.));
#1218 = FACE_BOUND('',#1219,.T.);
#1219 = EDGE_LOOP('',(#1220));
#1220 = ORIENTED_EDGE('',*,*,#1221,.F.);
#1221 = EDGE_CURVE('',#1222,#1222,#1224,.T.);
#1222 = VERTEX_POINT('',#1223);
#1223 = CARTESIAN_POINT('',(43.82,14.4,5.2));
#1224 = CIRCLE('',#1225,2.72);
#1225 = AXIS2_PLACEMENT_3D('',#1226,#1227,#1228);
#1226 = CARTESIAN_POINT('',(41.1,14.4,5.2));
#1227 = DIRECTION('',(0.,0.,1.));
#1228 = DIRECTION('',(1.,0.,0.));
#1229 = FACE_BOUND('',#1230,.T.);
#1230 = EDGE_LOOP('',(#1231,#1242,#1250,#1259,#1267,#1276,#1284,#1293));
#1231 = ORIENTED_EDGE('',*,*,#1232,.F.);
#1232 = EDGE_CURVE('',#1233,#1235,#1237,.T.);
#1233 = VERTEX_POINT('',#1234);
#1234 = CARTESIAN_POINT('',(3.88,20.6,5.2));
#1235 = VERTEX_POINT('',#1236);
#1236 = CARTESIAN_POINT('',(4.3,20.18,5.2));
#1237 = CIRCLE('',#1238,0.42);
#1238 = AXIS2_PLACEMENT_3D('',#1239,#1240,#1241);
#1239 = CARTESIAN_POINT('',(4.3,20.6,5.2));
#1240 = DIRECTION('',(0.,0.,1.));
#1241 = DIRECTION('',(-1.,0.,0.));
#1242 = ORIENTED_EDGE('',*,*,#1243,.F.);
#1243 = EDGE_CURVE('',#1244,#1233,#1246,.T.);
#1244 = VERTEX_POINT('',#1245);
#1245 = CARTESIAN_POINT('',(3.88,47.8,5.2));
#1246 = LINE('',#1247,#1248);
#1247 = CARTESIAN_POINT('',(3.88,47.8,5.2));
#1248 = VECTOR('',#1249,1.);
#1249 = DIRECTION('',(0.,-1.,0.));
#1250 = ORIENTED_EDGE('',*,*,#1251,.F.);
#1251 = EDGE_CURVE('',#1252,#1244,#1254,.T.);
#1252 = VERTEX_POINT('',#1253);
#1253 = CARTESIAN_POINT('',(4.3,48.22,5.2));
#1254 = CIRCLE('',#1255,0.42);
#1255 = AXIS2_PLACEMENT_3D('',#1256,#1257,#1258);
#1256 = CARTESIAN_POINT('',(4.3,47.8,5.2));
#1257 = DIRECTION('',(0.,-0.,1.));
#1258 = DIRECTION('',(8.88E-15,1.,0.));
#1259 = ORIENTED_EDGE('',*,*,#1260,.F.);
#1260 = EDGE_CURVE('',#1261,#1252,#1263,.T.);
#1261 = VERTEX_POINT('',#1262);
#1262 = CARTESIAN_POINT('',(31.5,48.22,5.2));
#1263 = LINE('',#1264,#1265);
#1264 = CARTESIAN_POINT('',(31.5,48.22,5.2));
#1265 = VECTOR('',#1266,1.);
#1266 = DIRECTION('',(-1.,0.,0.));
#1267 = ORIENTED_EDGE('',*,*,#1268,.F.);
#1268 = EDGE_CURVE('',#1269,#1261,#1271,.T.);
#1269 = VERTEX_POINT('',#1270);
#1270 = CARTESIAN_POINT('',(31.92,47.8,5.2));
#1271 = CIRCLE('',#1272,0.42);
#1272 = AXIS2_PLACEMENT_3D('',#1273,#1274,#1275);
#1273 = CARTESIAN_POINT('',(31.5,47.8,5.2));
#1274 = DIRECTION('',(0.,0.,1.));
#1275 = DIRECTION('',(1.,0.,0.));
#1276 = ORIENTED_EDGE('',*,*,#1277,.F.);
#1277 = EDGE_CURVE('',#1278,#1269,#1280,.T.);
#1278 = VERTEX_POINT('',#1279);
#1279 = CARTESIAN_POINT('',(31.92,20.6,5.2));
#1280 = LINE('',#1281,#1282);
#1281 = CARTESIAN_POINT('',(31.92,20.6,5.2));
#1282 = VECTOR('',#1283,1.);
#1283 = DIRECTION('',(0.,1.,0.));
#1284 = ORIENTED_EDGE('',*,*,#1285,.F.);
#1285 = EDGE_CURVE('',#1286,#1278,#1288,.T.);
#1286 = VERTEX_POINT('',#1287);
#1287 = CARTESIAN_POINT('',(31.5,20.18,5.2));
#1288 = CIRCLE('',#1289,0.42);
#1289 = AXIS2_PLACEMENT_3D('',#1290,#1291,#1292);
#1290 = CARTESIAN_POINT('',(31.5,20.6,5.2));
#1291 = DIRECTION('',(-0.,0.,1.));
#1292 = DIRECTION('',(0.,-1.,0.));
#1293 = ORIENTED_EDGE('',*,*,#1294,.F.);
#1294 = EDGE_CURVE('',#1235,#1286,#1295,.T.);
#1295 = LINE('',#1296,#1297);
#1296 = CARTESIAN_POINT('',(4.3,20.18,5.2));
#1297 = VECTOR('',#1298,1.);
#1298 = DIRECTION('',(1.,0.,0.));
#1299 = PLANE('',#1300);
#1300 = AXIS2_PLACEMENT_3D('',#1301,#1302,#1303);
#1301 = CARTESIAN_POINT('',(42.,26.,5.2));
#1302 = DIRECTION('',(0.,0.,1.));
#1303 = DIRECTION('',(1.,0.,0.));
#1304 = ADVANCED_FACE('',(#1305),#1325,.T.);
#1305 = FACE_BOUND('',#1306,.T.);
#1306 = EDGE_LOOP('',(#1307,#1308,#1317,#1324));
#1307 = ORIENTED_EDGE('',*,*,#1068,.F.);
#1308 = ORIENTED_EDGE('',*,*,#1309,.T.);
#1309 = EDGE_CURVE('',#1052,#1310,#1312,.T.);
#1310 = VERTEX_POINT('',#1311);
#1311 = CARTESIAN_POINT('',(81.4,52.6,4.));
#1312 = CIRCLE('',#1313,3.2);
#1313 = AXIS2_PLACEMENT_3D('',#1314,#1315,#1316);
#1314 = CARTESIAN_POINT('',(81.4,49.4,4.));
#1315 = DIRECTION('',(0.,0.,1.));
#1316 = DIRECTION('',(1.,0.,0.));
#1317 = ORIENTED_EDGE('',*,*,#1318,.T.);
#1318 = EDGE_CURVE('',#1310,#1086,#1319,.T.);
#1319 = CIRCLE('',#1320,1.2);
#1320 = AXIS2_PLACEMENT_3D('',#1321,#1322,#1323);
#1321 = CARTESIAN_POINT('',(81.4,51.4,4.));
#1322 = DIRECTION('',(1.,4.38E-15,-0.));
#1323 = DIRECTION('',(-4.38E-15,1.,0.));
#1324 = ORIENTED_EDGE('',*,*,#1085,.F.);
#1325 = TOROIDAL_SURFACE('',#1326,2.,1.2);
#1326 = AXIS2_PLACEMENT_3D('',#1327,#1328,#1329);
#1327 = CARTESIAN_POINT('',(81.4,49.4,4.));
#1328 = DIRECTION('',(0.,0.,1.));
#1329 = DIRECTION('',(1.,0.,0.));
#1330 = ADVANCED_FACE('',(#1331),#1354,.T.);
#1331 = FACE_BOUND('',#1332,.T.);
#1332 = EDGE_LOOP('',(#1333,#1345,#1353));
#1333 = ORIENTED_EDGE('',*,*,#1334,.T.);
#1334 = EDGE_CURVE('',#1177,#1335,#1337,.T.);
#1335 = VERTEX_POINT('',#1336);
#1336 = CARTESIAN_POINT('',(83.1,31.98054,5.08));
#1337 = ( BOUNDED_CURVE() B_SPLINE_CURVE(6,(#1338,#1339,#1340,#1341,
#1342,#1343,#1344),.UNSPECIFIED.,.F.,.F.) B_SPLINE_CURVE_WITH_KNOTS((7,7
),(0.,1.570796326795),.PIECEWISE_BEZIER_KNOTS.) CURVE() 
GEOMETRIC_REPRESENTATION_ITEM() RATIONAL_B_SPLINE_CURVE((1.031393471788,
    1.010025407661,0.997924642725,0.993958444137,0.997924642725,
1.010025407661,1.031393471788)) REPRESENTATION_ITEM('') );
#1338 = CARTESIAN_POINT('',(82.98,31.98054,5.2));
#1339 = CARTESIAN_POINT('',(83.012080413978,31.98054,5.2));
#1340 = CARTESIAN_POINT('',(83.04332502871,31.98054,5.189799477924));
#1341 = CARTESIAN_POINT('',(83.070230341584,31.98054,5.170230341584));
#1342 = CARTESIAN_POINT('',(83.089799477924,31.98054,5.14332502871));
#1343 = CARTESIAN_POINT('',(83.1,31.98054,5.112080413978));
#1344 = CARTESIAN_POINT('',(83.1,31.98054,5.08));
#1345 = ORIENTED_EDGE('',*,*,#1346,.T.);
#1346 = EDGE_CURVE('',#1335,#692,#1347,.T.);
#1347 = B_SPLINE_CURVE_WITH_KNOTS('',4,(#1348,#1349,#1350,#1351,#1352),
  .UNSPECIFIED.,.F.,.F.,(5,5),(0.,1.575373320922),
  .PIECEWISE_BEZIER_KNOTS.);
#1348 = CARTESIAN_POINT('',(83.1,31.98054,5.08));
#1349 = CARTESIAN_POINT('',(83.1,32.027663889804,5.11));
#1350 = CARTESIAN_POINT('',(83.125148299336,32.075391700664,5.14));
#1351 = CARTESIAN_POINT('',(83.172876110196,32.10054,5.17));
#1352 = CARTESIAN_POINT('',(83.22,32.10054,5.2));
#1353 = ORIENTED_EDGE('',*,*,#1184,.T.);
#1354 = B_SPLINE_SURFACE_WITH_KNOTS('',8,8,(
    (#1355,#1356,#1357,#1358,#1359,#1360,#1361,#1362,#1363)
    ,(#1364,#1365,#1366,#1367,#1368,#1369,#1370,#1371,#1372)
    ,(#1373,#1374,#1375,#1376,#1377,#1378,#1379,#1380,#1381)
    ,(#1382,#1383,#1384,#1385,#1386,#1387,#1388,#1389,#1390)
    ,(#1391,#1392,#1393,#1394,#1395,#1396,#1397,#1398,#1399)
    ,(#1400,#1401,#1402,#1403,#1404,#1405,#1406,#1407,#1408)
    ,(#1409,#1410,#1411,#1412,#1413,#1414,#1415,#1416,#1417)
    ,(#1418,#1419,#1420,#1421,#1422,#1423,#1424,#1425,#1426)
    ,(#1427,#1428,#1429,#1430,#1431,#1432,#1433,#1434,#1435
  )),.UNSPECIFIED.,.F.,.F.,.F.,(9,9),(9,9),(-0.138517665929,
    0.146704309705),(-0.103842967623,7.76178455464E-02),
  .PIECEWISE_BEZIER_KNOTS.);
#1355 = CARTESIAN_POINT('',(83.112917644713,31.808040215785,
    5.238669611577));
#1356 = CARTESIAN_POINT('',(83.091620620814,31.833140235739,
    5.235749863578));
#1357 = CARTESIAN_POINT('',(83.06761268858,31.86070866488,5.228743666689
    ));
#1358 = CARTESIAN_POINT('',(83.038456501567,31.892950212682,
    5.214119208013));
#1359 = CARTESIAN_POINT('',(83.017995891853,31.917313327042,
    5.212282935019));
#1360 = CARTESIAN_POINT('',(82.983139100232,31.954710727628,
    5.189200536725));
#1361 = CARTESIAN_POINT('',(82.976233989327,31.966744728065,
    5.207801437003));
#1362 = CARTESIAN_POINT('',(82.951751499746,31.994741046079,
    5.200064894295));
#1363 = CARTESIAN_POINT('',(82.923064098847,32.026568015353,
    5.186052728587));
#1364 = CARTESIAN_POINT('',(83.107849138194,31.860015283943,
    5.185801822069));
#1365 = CARTESIAN_POINT('',(83.092595870363,31.879614522485,
    5.191945449457));
#1366 = CARTESIAN_POINT('',(83.0740015669,31.902256418494,5.193043746802
    ));
#1367 = CARTESIAN_POINT('',(83.052770921826,31.927281173495,
    5.190369326931));
#1368 = CARTESIAN_POINT('',(83.032941536417,31.951082439904,
    5.189326811654));
#1369 = CARTESIAN_POINT('',(83.008981116897,31.978541436979,
    5.182794749867));
#1370 = CARTESIAN_POINT('',(83.007959893103,31.98523378331,
    5.210046842444));
#1371 = CARTESIAN_POINT('',(82.985466452449,32.011410527242,
    5.205337455228));
#1372 = CARTESIAN_POINT('',(82.959349840012,32.040896151556,
    5.195193243587));
#1373 = CARTESIAN_POINT('',(83.103869449986,31.911001544923,
    5.134563570972));
#1374 = CARTESIAN_POINT('',(83.09638112893,31.923537248167,
    5.152346210701));
#1375 = CARTESIAN_POINT('',(83.083008329427,31.941398660764,
    5.161306930137));
#1376 = CARTESIAN_POINT('',(83.12592926527,31.908209613977,
    5.254690233521));
#1377 = CARTESIAN_POINT('',(82.986860048157,32.040109830841,
    5.074901384942));
#1378 = CARTESIAN_POINT('',(83.0726886681,31.968147182161,5.233487043717
    ));
#1379 = CARTESIAN_POINT('',(83.027759976046,32.014492272656,
    5.194094273856));
#1380 = CARTESIAN_POINT('',(83.017736540219,32.029360638405,
    5.208415589125));
#1381 = CARTESIAN_POINT('',(82.994102615061,32.05660234814,5.20202547356
    ));
#1382 = CARTESIAN_POINT('',(83.093669684117,31.967631665602,
    5.074016061006));
#1383 = CARTESIAN_POINT('',(83.080441310829,31.985373692895,
    5.083216359377));
#1384 = CARTESIAN_POINT('',(83.053553948679,32.015624184591,
    5.071909283661));
#1385 = CARTESIAN_POINT('',(82.944284472018,32.120500364726,
    4.936999065034));
#1386 = CARTESIAN_POINT('',(83.184373995875,31.908583156351,
    5.326768828661));
#1387 = CARTESIAN_POINT('',(83.018598067705,32.064042844841,
    5.104940595446));
#1388 = CARTESIAN_POINT('',(83.065986027481,32.027405861968,
    5.207410221561));
#1389 = CARTESIAN_POINT('',(83.043354626434,32.053553981481,
    5.202013389061));
#1390 = CARTESIAN_POINT('',(83.023073009882,32.077689855557,
    5.200476224053));
#1391 = CARTESIAN_POINT('',(83.118750668607,31.992226805862,
    5.066283227464));
#1392 = CARTESIAN_POINT('',(83.142941422134,31.975938333565,
    5.131552020024));
#1393 = CARTESIAN_POINT('',(83.190634700214,31.938220847973,
    5.23208747167));
#1394 = CARTESIAN_POINT('',(83.165974186571,31.96617796073,
    5.224085252786));
#1395 = CARTESIAN_POINT('',(83.02689003442,32.098520625823,5.04389136243
    ));
#1396 = CARTESIAN_POINT('',(83.114062991651,32.025341731362,
    5.206003656834));
#1397 = CARTESIAN_POINT('',(83.075417741581,32.06554185212,
    5.174405683653));
#1398 = CARTESIAN_POINT('',(83.070391397067,32.07614631247,
    5.196329597299));
#1399 = CARTESIAN_POINT('',(83.052213884414,32.098443052829,
    5.198264153155));
#1400 = CARTESIAN_POINT('',(83.070359052896,32.083549930416,
    4.948512076494));
#1401 = CARTESIAN_POINT('',(83.073912948602,32.086039014458,
    4.98286306307));
#1402 = CARTESIAN_POINT('',(83.05467049676,32.109247357914,4.9828741991)
  );
#1403 = CARTESIAN_POINT('',(83.189450883291,31.992870199285,
    5.214451423117));
#1404 = CARTESIAN_POINT('',(83.145641541918,32.037391059722,
    5.17750467459));
#1405 = CARTESIAN_POINT('',(83.120354756319,32.066853140519,
    5.167712556619));
#1406 = CARTESIAN_POINT('',(83.134486817015,32.059743455825,
    5.219482894096));
#1407 = CARTESIAN_POINT('',(83.103791059338,32.09319661432,
    5.202045725457));
#1408 = CARTESIAN_POINT('',(83.082834109737,32.117947902302,
    5.199474923812));
#1409 = CARTESIAN_POINT('',(83.087596500389,32.115241502588,
    4.929033049912));
#1410 = CARTESIAN_POINT('',(83.10740794094,32.102935108968,
    4.987756694337));
#1411 = CARTESIAN_POINT('',(83.134451799748,32.084041008181,
    5.05742171071));
#1412 = CARTESIAN_POINT('',(83.106309932226,32.115239171459,
    5.043822885659));
#1413 = CARTESIAN_POINT('',(83.149872244182,32.081757375791,
    5.13891668715));
#1414 = CARTESIAN_POINT('',(83.178704607594,32.060648831648,
    5.210590690617));
#1415 = CARTESIAN_POINT('',(83.127411383751,32.113450816751,
    5.162679216061));
#1416 = CARTESIAN_POINT('',(83.125153245648,32.121127198042,
    5.188372689628));
#1417 = CARTESIAN_POINT('',(83.112589025791,32.138238702928,
    5.198576108326));
#1418 = CARTESIAN_POINT('',(83.097300340306,32.153753998258,
    4.89829786836));
#1419 = CARTESIAN_POINT('',(83.120457227345,32.138400782094,
    4.962038066193));
#1420 = CARTESIAN_POINT('',(83.144034382039,32.122688686841,
    5.026421071508));
#1421 = CARTESIAN_POINT('',(83.165333273666,32.10893960933,
    5.087299746676));
#1422 = CARTESIAN_POINT('',(83.171369541613,32.109294631222,
    5.125490417343));
#1423 = CARTESIAN_POINT('',(83.213407330575,32.076705471587,
    5.217477985754));
#1424 = CARTESIAN_POINT('',(83.174133144772,32.118132551531,
    5.187565782584));
#1425 = CARTESIAN_POINT('',(83.173013573989,32.124870634347,
    5.214937821585));
#1426 = CARTESIAN_POINT('',(83.163537362098,32.139184272423,
    5.229751676222));
#1427 = CARTESIAN_POINT('',(83.124453639917,32.176404659541,
    4.893728948591));
#1428 = CARTESIAN_POINT('',(83.15383297404,32.155388515004,
    4.966801557153));
#1429 = CARTESIAN_POINT('',(83.184663325561,32.133068010179,
    5.042046722195));
#1430 = CARTESIAN_POINT('',(83.205721803285,32.119575821745,
    5.102650829166));
#1431 = CARTESIAN_POINT('',(83.229750446041,32.103473530598,
    5.16765293162));
#1432 = CARTESIAN_POINT('',(83.271288151129,32.071474806066,
    5.25908579053));
#1433 = CARTESIAN_POINT('',(83.236285704923,32.108910925923,
    5.235525273503));
#1434 = CARTESIAN_POINT('',(83.237208820242,32.113794212937,
    5.265959390133));
#1435 = CARTESIAN_POINT('',(83.230216506661,32.125843421682,
    5.284500791861));
#1436 = ADVANCED_FACE('',(#1437),#1448,.F.);
#1437 = FACE_BOUND('',#1438,.F.);
#1438 = EDGE_LOOP('',(#1439,#1440,#1446,#1447));
#1439 = ORIENTED_EDGE('',*,*,#972,.F.);
#1440 = ORIENTED_EDGE('',*,*,#1441,.T.);
#1441 = EDGE_CURVE('',#961,#1335,#1442,.T.);
#1442 = LINE('',#1443,#1444);
#1443 = CARTESIAN_POINT('',(83.1,31.98054,4.4));
#1444 = VECTOR('',#1445,1.);
#1445 = DIRECTION('',(0.,0.,1.));
#1446 = ORIENTED_EDGE('',*,*,#1346,.T.);
#1447 = ORIENTED_EDGE('',*,*,#699,.F.);
#1448 = CYLINDRICAL_SURFACE('',#1449,0.12);
#1449 = AXIS2_PLACEMENT_3D('',#1450,#1451,#1452);
#1450 = CARTESIAN_POINT('',(83.22,31.98054,4.4));
#1451 = DIRECTION('',(0.,0.,1.));
#1452 = DIRECTION('',(0.,1.,0.));
#1453 = ADVANCED_FACE('',(#1454),#1476,.T.);
#1454 = FACE_BOUND('',#1455,.T.);
#1455 = EDGE_LOOP('',(#1456,#1468,#1474,#1475));
#1456 = ORIENTED_EDGE('',*,*,#1457,.T.);
#1457 = EDGE_CURVE('',#1162,#1458,#1460,.T.);
#1458 = VERTEX_POINT('',#1459);
#1459 = CARTESIAN_POINT('',(83.1,20.02054,5.08));
#1460 = ( BOUNDED_CURVE() B_SPLINE_CURVE(6,(#1461,#1462,#1463,#1464,
#1465,#1466,#1467),.UNSPECIFIED.,.F.,.F.) B_SPLINE_CURVE_WITH_KNOTS((7,7
),(0.,1.570796326795),.PIECEWISE_BEZIER_KNOTS.) CURVE() 
GEOMETRIC_REPRESENTATION_ITEM() RATIONAL_B_SPLINE_CURVE((1.031393471788,
    1.010025407661,0.997924642725,0.993958444137,0.997924642725,
1.010025407661,1.031393471788)) REPRESENTATION_ITEM('') );
#1461 = CARTESIAN_POINT('',(82.98,20.02054,5.2));
#1462 = CARTESIAN_POINT('',(83.012080413978,20.02054,5.2));
#1463 = CARTESIAN_POINT('',(83.04332502871,20.02054,5.189799477924));
#1464 = CARTESIAN_POINT('',(83.070230341584,20.02054,5.170230341584));
#1465 = CARTESIAN_POINT('',(83.089799477924,20.02054,5.14332502871));
#1466 = CARTESIAN_POINT('',(83.1,20.02054,5.112080413978));
#1467 = CARTESIAN_POINT('',(83.1,20.02054,5.08));
#1468 = ORIENTED_EDGE('',*,*,#1469,.T.);
#1469 = EDGE_CURVE('',#1458,#1335,#1470,.T.);
#1470 = LINE('',#1471,#1472);
#1471 = CARTESIAN_POINT('',(83.1,19.90054,5.08));
#1472 = VECTOR('',#1473,1.);
#1473 = DIRECTION('',(0.,1.,0.));
#1474 = ORIENTED_EDGE('',*,*,#1334,.F.);
#1475 = ORIENTED_EDGE('',*,*,#1176,.F.);
#1476 = CYLINDRICAL_SURFACE('',#1477,0.12);
#1477 = AXIS2_PLACEMENT_3D('',#1478,#1479,#1480);
#1478 = CARTESIAN_POINT('',(82.98,19.90054,5.08));
#1479 = DIRECTION('',(0.,1.,0.));
#1480 = DIRECTION('',(0.,0.,1.));
#1481 = ADVANCED_FACE('',(#1482),#1494,.T.);
#1482 = FACE_BOUND('',#1483,.T.);
#1483 = EDGE_LOOP('',(#1484,#1485,#1486));
#1484 = ORIENTED_EDGE('',*,*,#1457,.F.);
#1485 = ORIENTED_EDGE('',*,*,#1161,.F.);
#1486 = ORIENTED_EDGE('',*,*,#1487,.F.);
#1487 = EDGE_CURVE('',#1458,#1154,#1488,.T.);
#1488 = B_SPLINE_CURVE_WITH_KNOTS('',4,(#1489,#1490,#1491,#1492,#1493),
  .UNSPECIFIED.,.F.,.F.,(5,5),(0.,1.575373320922),
  .PIECEWISE_BEZIER_KNOTS.);
#1489 = CARTESIAN_POINT('',(83.1,20.02054,5.08));
#1490 = CARTESIAN_POINT('',(83.1,19.973416110196,5.11));
#1491 = CARTESIAN_POINT('',(83.125148299336,19.925688299336,5.14));
#1492 = CARTESIAN_POINT('',(83.172876110196,19.90054,5.17));
#1493 = CARTESIAN_POINT('',(83.22,19.90054,5.2));
#1494 = B_SPLINE_SURFACE_WITH_KNOTS('',8,8,(
    (#1495,#1496,#1497,#1498,#1499,#1500,#1501,#1502,#1503)
    ,(#1504,#1505,#1506,#1507,#1508,#1509,#1510,#1511,#1512)
    ,(#1513,#1514,#1515,#1516,#1517,#1518,#1519,#1520,#1521)
    ,(#1522,#1523,#1524,#1525,#1526,#1527,#1528,#1529,#1530)
    ,(#1531,#1532,#1533,#1534,#1535,#1536,#1537,#1538,#1539)
    ,(#1540,#1541,#1542,#1543,#1544,#1545,#1546,#1547,#1548)
    ,(#1549,#1550,#1551,#1552,#1553,#1554,#1555,#1556,#1557)
    ,(#1558,#1559,#1560,#1561,#1562,#1563,#1564,#1565,#1566)
    ,(#1567,#1568,#1569,#1570,#1571,#1572,#1573,#1574,#1575
  )),.UNSPECIFIED.,.F.,.F.,.F.,(9,9),(9,9),(-0.138517665929,
    0.146704309705),(-7.761784554641E-02,0.103842967623),
  .PIECEWISE_BEZIER_KNOTS.);
#1495 = CARTESIAN_POINT('',(82.923064098847,19.974511984647,
    5.186052728587));
#1496 = CARTESIAN_POINT('',(82.951751499746,20.006338953921,
    5.200064894294));
#1497 = CARTESIAN_POINT('',(82.976233989324,20.034335271935,
    5.207801437001));
#1498 = CARTESIAN_POINT('',(82.98313910024,20.046369272372,
    5.189200536728));
#1499 = CARTESIAN_POINT('',(83.017995891841,20.083766672957,
    5.212282935014));
#1500 = CARTESIAN_POINT('',(83.038456501575,20.108129787317,
    5.214119208013));
#1501 = CARTESIAN_POINT('',(83.067612688574,20.14037133512,
    5.228743666688));
#1502 = CARTESIAN_POINT('',(83.091620620814,20.16793976426,
    5.235749863577));
#1503 = CARTESIAN_POINT('',(83.112917644712,20.193039784214,
    5.238669611574));
#1504 = CARTESIAN_POINT('',(82.959349840012,19.960183848444,
    5.195193243588));
#1505 = CARTESIAN_POINT('',(82.985466452454,19.989669472758,
    5.205337455229));
#1506 = CARTESIAN_POINT('',(83.007959893076,20.015846216691,
    5.21004684244));
#1507 = CARTESIAN_POINT('',(83.00898111695,20.022538563019,5.18279474988
    ));
#1508 = CARTESIAN_POINT('',(83.032941536352,20.049997560106,
    5.189326811641));
#1509 = CARTESIAN_POINT('',(83.052770921875,20.073798826492,
    5.190369326939));
#1510 = CARTESIAN_POINT('',(83.074001566875,20.098823581515,
    5.193043746798));
#1511 = CARTESIAN_POINT('',(83.092595870367,20.121465477513,
    5.191945449457));
#1512 = CARTESIAN_POINT('',(83.107849138193,20.141064716057,
    5.185801822069));
#1513 = CARTESIAN_POINT('',(82.994102615064,19.94447765186,
    5.202025473561));
#1514 = CARTESIAN_POINT('',(83.017736540199,19.971719361594,
    5.208415589124));
#1515 = CARTESIAN_POINT('',(83.027759976135,19.986587727336,
    5.194094273859));
#1516 = CARTESIAN_POINT('',(83.07268866794,20.032932817861,
    5.233487043696));
#1517 = CARTESIAN_POINT('',(82.986860048355,19.960970169123,
    5.074901384976));
#1518 = CARTESIAN_POINT('',(83.125929265115,20.09287038606,
    5.254690233493));
#1519 = CARTESIAN_POINT('',(83.083008329509,20.059681339211,
    5.161306930151));
#1520 = CARTESIAN_POINT('',(83.096381128918,20.07754275184,5.1523462107)
  );
#1521 = CARTESIAN_POINT('',(83.103869449988,20.090078455077,
    5.134563570973));
#1522 = CARTESIAN_POINT('',(83.023073009874,19.923390144442,
    5.200476224048));
#1523 = CARTESIAN_POINT('',(83.043354626484,19.947526018517,
    5.202013389059));
#1524 = CARTESIAN_POINT('',(83.065986027277,19.973674138053,
    5.20741022156));
#1525 = CARTESIAN_POINT('',(83.01859806806,19.937037155097,
    5.104940595457));
#1526 = CARTESIAN_POINT('',(83.184373995449,20.092496843743,
    5.326768828633));
#1527 = CARTESIAN_POINT('',(82.944284472358,19.88057963519,
    4.936999065067));
#1528 = CARTESIAN_POINT('',(83.053553948498,19.985455815459,
    5.071909283639));
#1529 = CARTESIAN_POINT('',(83.08044131086,20.015706307094,
    5.083216359381));
#1530 = CARTESIAN_POINT('',(83.093669684115,20.033448334398,
    5.074016061006));
#1531 = CARTESIAN_POINT('',(83.052213884424,19.902636947173,
    5.198264153162));
#1532 = CARTESIAN_POINT('',(83.070391396991,19.924933687527,
    5.196329597302));
#1533 = CARTESIAN_POINT('',(83.075417741873,19.935538147869,
    5.174405683643));
#1534 = CARTESIAN_POINT('',(83.114062991157,19.975738268689,
    5.206003656845));
#1535 = CARTESIAN_POINT('',(83.026890034996,19.902559374091,
    5.043891362434));
#1536 = CARTESIAN_POINT('',(83.165974186109,20.034902039342,
    5.224085252762));
#1537 = CARTESIAN_POINT('',(83.19063470046,20.062859151988,
    5.232087471694));
#1538 = CARTESIAN_POINT('',(83.142941422087,20.025141666443,
    5.131552020018));
#1539 = CARTESIAN_POINT('',(83.11875066861,20.008853194139,
    5.066283227465));
#1540 = CARTESIAN_POINT('',(83.08283410973,19.883132097697,
    5.199474923806));
#1541 = CARTESIAN_POINT('',(83.103791059415,19.90788338569,
    5.202045725455));
#1542 = CARTESIAN_POINT('',(83.134486816731,19.941336544164,
    5.219482894104));
#1543 = CARTESIAN_POINT('',(83.120354756798,19.934226859469,
    5.167712556605));
#1544 = CARTESIAN_POINT('',(83.145641541364,19.963688940317,
    5.177504674598));
#1545 = CARTESIAN_POINT('',(83.189450883742,20.008209800683,
    5.21445142313));
#1546 = CARTESIAN_POINT('',(83.054670496521,19.891832642103,
    4.982874199082));
#1547 = CARTESIAN_POINT('',(83.073912948653,19.91504098554,
    4.982863063075));
#1548 = CARTESIAN_POINT('',(83.070359052894,19.917530069584,
    4.948512076493));
#1549 = CARTESIAN_POINT('',(83.112589025794,19.862841297072,
    5.198576108328));
#1550 = CARTESIAN_POINT('',(83.125153245603,19.879952801951,
    5.188372689629));
#1551 = CARTESIAN_POINT('',(83.127411383917,19.887629183268,
    5.162679216062));
#1552 = CARTESIAN_POINT('',(83.17870460732,19.940431168339,
    5.210590690623));
#1553 = CARTESIAN_POINT('',(83.149872244496,19.91932262421,
    5.138916687146));
#1554 = CARTESIAN_POINT('',(83.106309931969,19.88584082854,
    5.043822885653));
#1555 = CARTESIAN_POINT('',(83.134451799884,19.917038991819,
    5.057421710717));
#1556 = CARTESIAN_POINT('',(83.107407940909,19.89814489103,
    4.987756694334));
#1557 = CARTESIAN_POINT('',(83.087596500392,19.885838497412,
    4.929033049913));
#1558 = CARTESIAN_POINT('',(83.163537362095,19.861895727576,
    5.229751676221));
#1559 = CARTESIAN_POINT('',(83.173013574003,19.876209365655,
    5.214937821585));
#1560 = CARTESIAN_POINT('',(83.174133144716,19.882947448464,
    5.187565782582));
#1561 = CARTESIAN_POINT('',(83.213407330678,19.924374528419,
    5.217477985761));
#1562 = CARTESIAN_POINT('',(83.17136954149,19.891785368774,
    5.125490417331));
#1563 = CARTESIAN_POINT('',(83.165333273764,19.89214039067,
    5.087299746685));
#1564 = CARTESIAN_POINT('',(83.144034381989,19.87839131316,
    5.026421071505));
#1565 = CARTESIAN_POINT('',(83.120457227359,19.862679217907,
    4.962038066195));
#1566 = CARTESIAN_POINT('',(83.097300340308,19.847326001743,
    4.898297868362));
#1567 = CARTESIAN_POINT('',(83.230216506657,19.875236578316,
    5.284500791858));
#1568 = CARTESIAN_POINT('',(83.23720882024,19.887285787061,
    5.265959390131));
#1569 = CARTESIAN_POINT('',(83.23628570492,19.892169074077,
    5.235525273502));
#1570 = CARTESIAN_POINT('',(83.271288151133,19.929605193931,
    5.259085790529));
#1571 = CARTESIAN_POINT('',(83.229750446036,19.897606469405,
    5.167652931622));
#1572 = CARTESIAN_POINT('',(83.205721803293,19.881504178254,
    5.102650829167));
#1573 = CARTESIAN_POINT('',(83.184663325561,19.868011989824,
    5.042046722198));
#1574 = CARTESIAN_POINT('',(83.153832974045,19.845691484998,
    4.966801557156));
#1575 = CARTESIAN_POINT('',(83.124453639922,19.824675340462,
    4.893728948595));
#1576 = ADVANCED_FACE('',(#1577),#1596,.T.);
#1577 = FACE_BOUND('',#1578,.F.);
#1578 = EDGE_LOOP('',(#1579,#1580,#1581,#1590));
#1579 = ORIENTED_EDGE('',*,*,#1318,.T.);
#1580 = ORIENTED_EDGE('',*,*,#1094,.T.);
#1581 = ORIENTED_EDGE('',*,*,#1582,.F.);
#1582 = EDGE_CURVE('',#1583,#1095,#1585,.T.);
#1583 = VERTEX_POINT('',#1584);
#1584 = CARTESIAN_POINT('',(2.6,52.6,4.));
#1585 = CIRCLE('',#1586,1.2);
#1586 = AXIS2_PLACEMENT_3D('',#1587,#1588,#1589);
#1587 = CARTESIAN_POINT('',(2.6,51.4,4.));
#1588 = DIRECTION('',(1.,0.,0.));
#1589 = DIRECTION('',(0.,1.,0.));
#1590 = ORIENTED_EDGE('',*,*,#1591,.F.);
#1591 = EDGE_CURVE('',#1310,#1583,#1592,.T.);
#1592 = LINE('',#1593,#1594);
#1593 = CARTESIAN_POINT('',(81.4,52.6,4.));
#1594 = VECTOR('',#1595,1.);
#1595 = DIRECTION('',(-1.,0.,0.));
#1596 = CYLINDRICAL_SURFACE('',#1597,1.2);
#1597 = AXIS2_PLACEMENT_3D('',#1598,#1599,#1600);
#1598 = CARTESIAN_POINT('',(81.4,51.4,4.));
#1599 = DIRECTION('',(-1.,0.,0.));
#1600 = DIRECTION('',(0.,1.,0.));
#1601 = ADVANCED_FACE('',(#1602),#1622,.T.);
#1602 = FACE_BOUND('',#1603,.T.);
#1603 = EDGE_LOOP('',(#1604,#1605,#1614,#1621));
#1604 = ORIENTED_EDGE('',*,*,#1582,.F.);
#1605 = ORIENTED_EDGE('',*,*,#1606,.T.);
#1606 = EDGE_CURVE('',#1583,#1607,#1609,.T.);
#1607 = VERTEX_POINT('',#1608);
#1608 = CARTESIAN_POINT('',(-0.6,49.4,4.));
#1609 = CIRCLE('',#1610,3.2);
#1610 = AXIS2_PLACEMENT_3D('',#1611,#1612,#1613);
#1611 = CARTESIAN_POINT('',(2.6,49.4,4.));
#1612 = DIRECTION('',(0.,0.,1.));
#1613 = DIRECTION('',(-4.2E-16,1.,0.));
#1614 = ORIENTED_EDGE('',*,*,#1615,.T.);
#1615 = EDGE_CURVE('',#1607,#1103,#1616,.T.);
#1616 = CIRCLE('',#1617,1.2);
#1617 = AXIS2_PLACEMENT_3D('',#1618,#1619,#1620);
#1618 = CARTESIAN_POINT('',(0.6,49.4,4.));
#1619 = DIRECTION('',(1.87E-15,1.,-0.));
#1620 = DIRECTION('',(-1.,1.87E-15,0.));
#1621 = ORIENTED_EDGE('',*,*,#1102,.F.);
#1622 = TOROIDAL_SURFACE('',#1623,2.,1.2);
#1623 = AXIS2_PLACEMENT_3D('',#1624,#1625,#1626);
#1624 = CARTESIAN_POINT('',(2.6,49.4,4.));
#1625 = DIRECTION('',(0.,0.,1.));
#1626 = DIRECTION('',(-4.2E-16,1.,0.));
#1627 = ADVANCED_FACE('',(#1628),#1655,.T.);
#1628 = FACE_BOUND('',#1629,.F.);
#1629 = EDGE_LOOP('',(#1630,#1640,#1647,#1648));
#1630 = ORIENTED_EDGE('',*,*,#1631,.F.);
#1631 = EDGE_CURVE('',#1632,#1634,#1636,.T.);
#1632 = VERTEX_POINT('',#1633);
#1633 = CARTESIAN_POINT('',(84.6,2.6,4.));
#1634 = VERTEX_POINT('',#1635);
#1635 = CARTESIAN_POINT('',(84.6,19.90054,4.));
#1636 = LINE('',#1637,#1638);
#1637 = CARTESIAN_POINT('',(84.6,2.6,4.));
#1638 = VECTOR('',#1639,1.);
#1639 = DIRECTION('',(0.,1.,0.));
#1640 = ORIENTED_EDGE('',*,*,#1641,.T.);
#1641 = EDGE_CURVE('',#1632,#1137,#1642,.T.);
#1642 = CIRCLE('',#1643,1.2);
#1643 = AXIS2_PLACEMENT_3D('',#1644,#1645,#1646);
#1644 = CARTESIAN_POINT('',(83.4,2.6,4.));
#1645 = DIRECTION('',(-6.E-17,-1.,0.));
#1646 = DIRECTION('',(1.,-6.E-17,0.));
#1647 = ORIENTED_EDGE('',*,*,#1145,.T.);
#1648 = ORIENTED_EDGE('',*,*,#1649,.T.);
#1649 = EDGE_CURVE('',#1146,#1634,#1650,.T.);
#1650 = CIRCLE('',#1651,1.2);
#1651 = AXIS2_PLACEMENT_3D('',#1652,#1653,#1654);
#1652 = CARTESIAN_POINT('',(83.4,19.90054,4.));
#1653 = DIRECTION('',(-0.,1.,0.));
#1654 = DIRECTION('',(1.,0.,0.));
#1655 = CYLINDRICAL_SURFACE('',#1656,1.2);
#1656 = AXIS2_PLACEMENT_3D('',#1657,#1658,#1659);
#1657 = CARTESIAN_POINT('',(83.4,2.6,4.));
#1658 = DIRECTION('',(0.,1.,0.));
#1659 = DIRECTION('',(1.,0.,0.));
#1660 = ADVANCED_FACE('',(#1661),#1680,.T.);
#1661 = FACE_BOUND('',#1662,.F.);
#1662 = EDGE_LOOP('',(#1663,#1664,#1665,#1674));
#1663 = ORIENTED_EDGE('',*,*,#1615,.T.);
#1664 = ORIENTED_EDGE('',*,*,#1111,.T.);
#1665 = ORIENTED_EDGE('',*,*,#1666,.F.);
#1666 = EDGE_CURVE('',#1667,#1112,#1669,.T.);
#1667 = VERTEX_POINT('',#1668);
#1668 = CARTESIAN_POINT('',(-0.6,2.6,4.));
#1669 = CIRCLE('',#1670,1.2);
#1670 = AXIS2_PLACEMENT_3D('',#1671,#1672,#1673);
#1671 = CARTESIAN_POINT('',(0.6,2.6,4.));
#1672 = DIRECTION('',(-2.8E-16,1.,0.));
#1673 = DIRECTION('',(-1.,-2.8E-16,0.));
#1674 = ORIENTED_EDGE('',*,*,#1675,.F.);
#1675 = EDGE_CURVE('',#1607,#1667,#1676,.T.);
#1676 = LINE('',#1677,#1678);
#1677 = CARTESIAN_POINT('',(-0.6,49.4,4.));
#1678 = VECTOR('',#1679,1.);
#1679 = DIRECTION('',(0.,-1.,0.));
#1680 = CYLINDRICAL_SURFACE('',#1681,1.2);
#1681 = AXIS2_PLACEMENT_3D('',#1682,#1683,#1684);
#1682 = CARTESIAN_POINT('',(0.6,49.4,4.));
#1683 = DIRECTION('',(0.,-1.,0.));
#1684 = DIRECTION('',(-1.,0.,0.));
#1685 = ADVANCED_FACE('',(#1686),#1706,.T.);
#1686 = FACE_BOUND('',#1687,.T.);
#1687 = EDGE_LOOP('',(#1688,#1697,#1704,#1705));
#1688 = ORIENTED_EDGE('',*,*,#1689,.F.);
#1689 = EDGE_CURVE('',#1690,#1129,#1692,.T.);
#1690 = VERTEX_POINT('',#1691);
#1691 = CARTESIAN_POINT('',(81.4,-0.6,4.));
#1692 = CIRCLE('',#1693,1.2);
#1693 = AXIS2_PLACEMENT_3D('',#1694,#1695,#1696);
#1694 = CARTESIAN_POINT('',(81.4,0.6,4.));
#1695 = DIRECTION('',(-1.,0.,0.));
#1696 = DIRECTION('',(0.,-1.,0.));
#1697 = ORIENTED_EDGE('',*,*,#1698,.T.);
#1698 = EDGE_CURVE('',#1690,#1632,#1699,.T.);
#1699 = CIRCLE('',#1700,3.2);
#1700 = AXIS2_PLACEMENT_3D('',#1701,#1702,#1703);
#1701 = CARTESIAN_POINT('',(81.4,2.6,4.));
#1702 = DIRECTION('',(0.,0.,1.));
#1703 = DIRECTION('',(-4.44E-15,-1.,0.));
#1704 = ORIENTED_EDGE('',*,*,#1641,.T.);
#1705 = ORIENTED_EDGE('',*,*,#1136,.F.);
#1706 = TOROIDAL_SURFACE('',#1707,2.,1.2);
#1707 = AXIS2_PLACEMENT_3D('',#1708,#1709,#1710);
#1708 = CARTESIAN_POINT('',(81.4,2.6,4.));
#1709 = DIRECTION('',(0.,0.,1.));
#1710 = DIRECTION('',(-4.44E-15,-1.,0.));
#1711 = ADVANCED_FACE('',(#1712),#1732,.T.);
#1712 = FACE_BOUND('',#1713,.T.);
#1713 = EDGE_LOOP('',(#1714,#1715,#1724,#1731));
#1714 = ORIENTED_EDGE('',*,*,#1666,.F.);
#1715 = ORIENTED_EDGE('',*,*,#1716,.T.);
#1716 = EDGE_CURVE('',#1667,#1717,#1719,.T.);
#1717 = VERTEX_POINT('',#1718);
#1718 = CARTESIAN_POINT('',(2.6,-0.6,4.));
#1719 = CIRCLE('',#1720,3.2);
#1720 = AXIS2_PLACEMENT_3D('',#1721,#1722,#1723);
#1721 = CARTESIAN_POINT('',(2.6,2.6,4.));
#1722 = DIRECTION('',(0.,0.,1.));
#1723 = DIRECTION('',(-1.,-2.8E-16,0.));
#1724 = ORIENTED_EDGE('',*,*,#1725,.T.);
#1725 = EDGE_CURVE('',#1717,#1120,#1726,.T.);
#1726 = CIRCLE('',#1727,1.2);
#1727 = AXIS2_PLACEMENT_3D('',#1728,#1729,#1730);
#1728 = CARTESIAN_POINT('',(2.6,0.6,4.));
#1729 = DIRECTION('',(-1.,-2.2E-16,0.));
#1730 = DIRECTION('',(2.2E-16,-1.,0.));
#1731 = ORIENTED_EDGE('',*,*,#1119,.F.);
#1732 = TOROIDAL_SURFACE('',#1733,2.,1.2);
#1733 = AXIS2_PLACEMENT_3D('',#1734,#1735,#1736);
#1734 = CARTESIAN_POINT('',(2.6,2.6,4.));
#1735 = DIRECTION('',(0.,0.,1.));
#1736 = DIRECTION('',(-1.,-2.8E-16,0.));
#1737 = ADVANCED_FACE('',(#1738),#1749,.T.);
#1738 = FACE_BOUND('',#1739,.F.);
#1739 = EDGE_LOOP('',(#1740,#1741,#1742,#1743));
#1740 = ORIENTED_EDGE('',*,*,#1725,.T.);
#1741 = ORIENTED_EDGE('',*,*,#1128,.T.);
#1742 = ORIENTED_EDGE('',*,*,#1689,.F.);
#1743 = ORIENTED_EDGE('',*,*,#1744,.F.);
#1744 = EDGE_CURVE('',#1717,#1690,#1745,.T.);
#1745 = LINE('',#1746,#1747);
#1746 = CARTESIAN_POINT('',(2.6,-0.6,4.));
#1747 = VECTOR('',#1748,1.);
#1748 = DIRECTION('',(1.,0.,0.));
#1749 = CYLINDRICAL_SURFACE('',#1750,1.2);
#1750 = AXIS2_PLACEMENT_3D('',#1751,#1752,#1753);
#1751 = CARTESIAN_POINT('',(2.6,0.6,4.));
#1752 = DIRECTION('',(1.,0.,0.));
#1753 = DIRECTION('',(0.,-1.,0.));
#1754 = ADVANCED_FACE('',(#1755),#1775,.T.);
#1755 = FACE_BOUND('',#1756,.T.);
#1756 = EDGE_LOOP('',(#1757,#1766,#1767,#1768));
#1757 = ORIENTED_EDGE('',*,*,#1758,.F.);
#1758 = EDGE_CURVE('',#1200,#1759,#1761,.T.);
#1759 = VERTEX_POINT('',#1760);
#1760 = CARTESIAN_POINT('',(43.7,4.5,5.08));
#1761 = CIRCLE('',#1762,0.12);
#1762 = AXIS2_PLACEMENT_3D('',#1763,#1764,#1765);
#1763 = CARTESIAN_POINT('',(43.82,4.5,5.08));
#1764 = DIRECTION('',(0.,-1.,0.));
#1765 = DIRECTION('',(1.,0.,0.));
#1766 = ORIENTED_EDGE('',*,*,#1199,.T.);
#1767 = ORIENTED_EDGE('',*,*,#1758,.T.);
#1768 = ORIENTED_EDGE('',*,*,#1769,.F.);
#1769 = EDGE_CURVE('',#1759,#1759,#1770,.T.);
#1770 = CIRCLE('',#1771,2.6);
#1771 = AXIS2_PLACEMENT_3D('',#1772,#1773,#1774);
#1772 = CARTESIAN_POINT('',(41.1,4.5,5.08));
#1773 = DIRECTION('',(0.,0.,1.));
#1774 = DIRECTION('',(1.,0.,0.));
#1775 = TOROIDAL_SURFACE('',#1776,2.72,0.12);
#1776 = AXIS2_PLACEMENT_3D('',#1777,#1778,#1779);
#1777 = CARTESIAN_POINT('',(41.1,4.5,5.08));
#1778 = DIRECTION('',(0.,0.,1.));
#1779 = DIRECTION('',(1.,0.,0.));
#1780 = ADVANCED_FACE('',(#1781),#1801,.T.);
#1781 = FACE_BOUND('',#1782,.T.);
#1782 = EDGE_LOOP('',(#1783,#1792,#1793,#1794));
#1783 = ORIENTED_EDGE('',*,*,#1784,.F.);
#1784 = EDGE_CURVE('',#1211,#1785,#1787,.T.);
#1785 = VERTEX_POINT('',#1786);
#1786 = CARTESIAN_POINT('',(52.2,8.80000526,5.08));
#1787 = CIRCLE('',#1788,0.12);
#1788 = AXIS2_PLACEMENT_3D('',#1789,#1790,#1791);
#1789 = CARTESIAN_POINT('',(52.32,8.80000526,5.08));
#1790 = DIRECTION('',(-6.8E-16,-1.,0.));
#1791 = DIRECTION('',(1.,-6.8E-16,0.));
#1792 = ORIENTED_EDGE('',*,*,#1210,.T.);
#1793 = ORIENTED_EDGE('',*,*,#1784,.T.);
#1794 = ORIENTED_EDGE('',*,*,#1795,.F.);
#1795 = EDGE_CURVE('',#1785,#1785,#1796,.T.);
#1796 = CIRCLE('',#1797,2.6);
#1797 = AXIS2_PLACEMENT_3D('',#1798,#1799,#1800);
#1798 = CARTESIAN_POINT('',(49.6,8.80000526,5.08));
#1799 = DIRECTION('',(-0.,0.,1.));
#1800 = DIRECTION('',(1.,-6.8E-16,0.));
#1801 = TOROIDAL_SURFACE('',#1802,2.72,0.12);
#1802 = AXIS2_PLACEMENT_3D('',#1803,#1804,#1805);
#1803 = CARTESIAN_POINT('',(49.6,8.80000526,5.08));
#1804 = DIRECTION('',(0.,0.,1.));
#1805 = DIRECTION('',(1.,-6.8E-16,0.));
#1806 = ADVANCED_FACE('',(#1807),#1827,.T.);
#1807 = FACE_BOUND('',#1808,.T.);
#1808 = EDGE_LOOP('',(#1809,#1818,#1819,#1820));
#1809 = ORIENTED_EDGE('',*,*,#1810,.F.);
#1810 = EDGE_CURVE('',#1222,#1811,#1813,.T.);
#1811 = VERTEX_POINT('',#1812);
#1812 = CARTESIAN_POINT('',(43.7,14.4,5.08));
#1813 = CIRCLE('',#1814,0.12);
#1814 = AXIS2_PLACEMENT_3D('',#1815,#1816,#1817);
#1815 = CARTESIAN_POINT('',(43.82,14.4,5.08));
#1816 = DIRECTION('',(0.,-1.,0.));
#1817 = DIRECTION('',(1.,0.,0.));
#1818 = ORIENTED_EDGE('',*,*,#1221,.T.);
#1819 = ORIENTED_EDGE('',*,*,#1810,.T.);
#1820 = ORIENTED_EDGE('',*,*,#1821,.F.);
#1821 = EDGE_CURVE('',#1811,#1811,#1822,.T.);
#1822 = CIRCLE('',#1823,2.6);
#1823 = AXIS2_PLACEMENT_3D('',#1824,#1825,#1826);
#1824 = CARTESIAN_POINT('',(41.1,14.4,5.08));
#1825 = DIRECTION('',(0.,0.,1.));
#1826 = DIRECTION('',(1.,0.,0.));
#1827 = TOROIDAL_SURFACE('',#1828,2.72,0.12);
#1828 = AXIS2_PLACEMENT_3D('',#1829,#1830,#1831);
#1829 = CARTESIAN_POINT('',(41.1,14.4,5.08));
#1830 = DIRECTION('',(0.,0.,1.));
#1831 = DIRECTION('',(1.,0.,0.));
#1832 = ADVANCED_FACE('',(#1833),#1861,.T.);
#1833 = FACE_BOUND('',#1834,.T.);
#1834 = EDGE_LOOP('',(#1835,#1844,#1845,#1854));
#1835 = ORIENTED_EDGE('',*,*,#1836,.F.);
#1836 = EDGE_CURVE('',#1233,#1837,#1839,.T.);
#1837 = VERTEX_POINT('',#1838);
#1838 = CARTESIAN_POINT('',(4.,20.6,5.08));
#1839 = CIRCLE('',#1840,0.12);
#1840 = AXIS2_PLACEMENT_3D('',#1841,#1842,#1843);
#1841 = CARTESIAN_POINT('',(3.88,20.6,5.08));
#1842 = DIRECTION('',(0.,1.,-0.));
#1843 = DIRECTION('',(-1.,0.,0.));
#1844 = ORIENTED_EDGE('',*,*,#1232,.T.);
#1845 = ORIENTED_EDGE('',*,*,#1846,.T.);
#1846 = EDGE_CURVE('',#1235,#1847,#1849,.T.);
#1847 = VERTEX_POINT('',#1848);
#1848 = CARTESIAN_POINT('',(4.3,20.3,5.08));
#1849 = CIRCLE('',#1850,0.12);
#1850 = AXIS2_PLACEMENT_3D('',#1851,#1852,#1853);
#1851 = CARTESIAN_POINT('',(4.3,20.18,5.08));
#1852 = DIRECTION('',(-1.,6.E-17,0.));
#1853 = DIRECTION('',(-6.E-17,-1.,0.));
#1854 = ORIENTED_EDGE('',*,*,#1855,.F.);
#1855 = EDGE_CURVE('',#1837,#1847,#1856,.T.);
#1856 = CIRCLE('',#1857,0.3);
#1857 = AXIS2_PLACEMENT_3D('',#1858,#1859,#1860);
#1858 = CARTESIAN_POINT('',(4.3,20.6,5.08));
#1859 = DIRECTION('',(0.,0.,1.));
#1860 = DIRECTION('',(-1.,0.,0.));
#1861 = TOROIDAL_SURFACE('',#1862,0.42,0.12);
#1862 = AXIS2_PLACEMENT_3D('',#1863,#1864,#1865);
#1863 = CARTESIAN_POINT('',(4.3,20.6,5.08));
#1864 = DIRECTION('',(0.,0.,1.));
#1865 = DIRECTION('',(-1.,0.,0.));
#1866 = ADVANCED_FACE('',(#1867),#1886,.T.);
#1867 = FACE_BOUND('',#1868,.F.);
#1868 = EDGE_LOOP('',(#1869,#1878,#1884,#1885));
#1869 = ORIENTED_EDGE('',*,*,#1870,.T.);
#1870 = EDGE_CURVE('',#1244,#1871,#1873,.T.);
#1871 = VERTEX_POINT('',#1872);
#1872 = CARTESIAN_POINT('',(4.,47.8,5.08));
#1873 = CIRCLE('',#1874,0.12);
#1874 = AXIS2_PLACEMENT_3D('',#1875,#1876,#1877);
#1875 = CARTESIAN_POINT('',(3.88,47.8,5.08));
#1876 = DIRECTION('',(-1.459E-14,1.,0.));
#1877 = DIRECTION('',(-1.,-1.459E-14,0.));
#1878 = ORIENTED_EDGE('',*,*,#1879,.T.);
#1879 = EDGE_CURVE('',#1871,#1837,#1880,.T.);
#1880 = LINE('',#1881,#1882);
#1881 = CARTESIAN_POINT('',(4.,47.8,5.08));
#1882 = VECTOR('',#1883,1.);
#1883 = DIRECTION('',(0.,-1.,0.));
#1884 = ORIENTED_EDGE('',*,*,#1836,.F.);
#1885 = ORIENTED_EDGE('',*,*,#1243,.F.);
#1886 = CYLINDRICAL_SURFACE('',#1887,0.12);
#1887 = AXIS2_PLACEMENT_3D('',#1888,#1889,#1890);
#1888 = CARTESIAN_POINT('',(3.88,47.8,5.08));
#1889 = DIRECTION('',(0.,-1.,0.));
#1890 = DIRECTION('',(0.,0.,1.));
#1891 = ADVANCED_FACE('',(#1892),#1911,.T.);
#1892 = FACE_BOUND('',#1893,.F.);
#1893 = EDGE_LOOP('',(#1894,#1895,#1903,#1910));
#1894 = ORIENTED_EDGE('',*,*,#1846,.T.);
#1895 = ORIENTED_EDGE('',*,*,#1896,.T.);
#1896 = EDGE_CURVE('',#1847,#1897,#1899,.T.);
#1897 = VERTEX_POINT('',#1898);
#1898 = CARTESIAN_POINT('',(31.5,20.3,5.08));
#1899 = LINE('',#1900,#1901);
#1900 = CARTESIAN_POINT('',(4.3,20.3,5.08));
#1901 = VECTOR('',#1902,1.);
#1902 = DIRECTION('',(1.,0.,0.));
#1903 = ORIENTED_EDGE('',*,*,#1904,.F.);
#1904 = EDGE_CURVE('',#1286,#1897,#1905,.T.);
#1905 = CIRCLE('',#1906,0.12);
#1906 = AXIS2_PLACEMENT_3D('',#1907,#1908,#1909);
#1907 = CARTESIAN_POINT('',(31.5,20.18,5.08));
#1908 = DIRECTION('',(-1.,0.,0.));
#1909 = DIRECTION('',(0.,0.,1.));
#1910 = ORIENTED_EDGE('',*,*,#1294,.F.);
#1911 = CYLINDRICAL_SURFACE('',#1912,0.12);
#1912 = AXIS2_PLACEMENT_3D('',#1913,#1914,#1915);
#1913 = CARTESIAN_POINT('',(4.3,20.18,5.08));
#1914 = DIRECTION('',(1.,0.,0.));
#1915 = DIRECTION('',(0.,0.,1.));
#1916 = ADVANCED_FACE('',(#1917),#1937,.T.);
#1917 = FACE_BOUND('',#1918,.T.);
#1918 = EDGE_LOOP('',(#1919,#1928,#1929,#1930));
#1919 = ORIENTED_EDGE('',*,*,#1920,.F.);
#1920 = EDGE_CURVE('',#1252,#1921,#1923,.T.);
#1921 = VERTEX_POINT('',#1922);
#1922 = CARTESIAN_POINT('',(4.3,48.1,5.08));
#1923 = CIRCLE('',#1924,0.12);
#1924 = AXIS2_PLACEMENT_3D('',#1925,#1926,#1927);
#1925 = CARTESIAN_POINT('',(4.3,48.22,5.08));
#1926 = DIRECTION('',(1.,0.,-0.));
#1927 = DIRECTION('',(0.,0.,1.));
#1928 = ORIENTED_EDGE('',*,*,#1251,.T.);
#1929 = ORIENTED_EDGE('',*,*,#1870,.T.);
#1930 = ORIENTED_EDGE('',*,*,#1931,.F.);
#1931 = EDGE_CURVE('',#1921,#1871,#1932,.T.);
#1932 = CIRCLE('',#1933,0.3);
#1933 = AXIS2_PLACEMENT_3D('',#1934,#1935,#1936);
#1934 = CARTESIAN_POINT('',(4.3,47.8,5.08));
#1935 = DIRECTION('',(0.,-0.,1.));
#1936 = DIRECTION('',(8.88E-15,1.,0.));
#1937 = TOROIDAL_SURFACE('',#1938,0.42,0.12);
#1938 = AXIS2_PLACEMENT_3D('',#1939,#1940,#1941);
#1939 = CARTESIAN_POINT('',(4.3,47.8,5.08));
#1940 = DIRECTION('',(0.,0.,1.));
#1941 = DIRECTION('',(8.88E-15,1.,0.));
#1942 = ADVANCED_FACE('',(#1943),#1963,.T.);
#1943 = FACE_BOUND('',#1944,.T.);
#1944 = EDGE_LOOP('',(#1945,#1946,#1947,#1956));
#1945 = ORIENTED_EDGE('',*,*,#1904,.F.);
#1946 = ORIENTED_EDGE('',*,*,#1285,.T.);
#1947 = ORIENTED_EDGE('',*,*,#1948,.T.);
#1948 = EDGE_CURVE('',#1278,#1949,#1951,.T.);
#1949 = VERTEX_POINT('',#1950);
#1950 = CARTESIAN_POINT('',(31.8,20.6,5.08));
#1951 = CIRCLE('',#1952,0.12);
#1952 = AXIS2_PLACEMENT_3D('',#1953,#1954,#1955);
#1953 = CARTESIAN_POINT('',(31.92,20.6,5.08));
#1954 = DIRECTION('',(-6.E-17,-1.,0.));
#1955 = DIRECTION('',(1.,-6.E-17,0.));
#1956 = ORIENTED_EDGE('',*,*,#1957,.F.);
#1957 = EDGE_CURVE('',#1897,#1949,#1958,.T.);
#1958 = CIRCLE('',#1959,0.3);
#1959 = AXIS2_PLACEMENT_3D('',#1960,#1961,#1962);
#1960 = CARTESIAN_POINT('',(31.5,20.6,5.08));
#1961 = DIRECTION('',(-0.,0.,1.));
#1962 = DIRECTION('',(0.,-1.,0.));
#1963 = TOROIDAL_SURFACE('',#1964,0.42,0.12);
#1964 = AXIS2_PLACEMENT_3D('',#1965,#1966,#1967);
#1965 = CARTESIAN_POINT('',(31.5,20.6,5.08));
#1966 = DIRECTION('',(0.,0.,1.));
#1967 = DIRECTION('',(0.,-1.,0.));
#1968 = ADVANCED_FACE('',(#1969),#1988,.T.);
#1969 = FACE_BOUND('',#1970,.F.);
#1970 = EDGE_LOOP('',(#1971,#1980,#1986,#1987));
#1971 = ORIENTED_EDGE('',*,*,#1972,.T.);
#1972 = EDGE_CURVE('',#1261,#1973,#1975,.T.);
#1973 = VERTEX_POINT('',#1974);
#1974 = CARTESIAN_POINT('',(31.5,48.1,5.08));
#1975 = CIRCLE('',#1976,0.12);
#1976 = AXIS2_PLACEMENT_3D('',#1977,#1978,#1979);
#1977 = CARTESIAN_POINT('',(31.5,48.22,5.08));
#1978 = DIRECTION('',(1.,-6.E-17,0.));
#1979 = DIRECTION('',(6.E-17,1.,0.));
#1980 = ORIENTED_EDGE('',*,*,#1981,.T.);
#1981 = EDGE_CURVE('',#1973,#1921,#1982,.T.);
#1982 = LINE('',#1983,#1984);
#1983 = CARTESIAN_POINT('',(31.5,48.1,5.08));
#1984 = VECTOR('',#1985,1.);
#1985 = DIRECTION('',(-1.,0.,0.));
#1986 = ORIENTED_EDGE('',*,*,#1920,.F.);
#1987 = ORIENTED_EDGE('',*,*,#1260,.F.);
#1988 = CYLINDRICAL_SURFACE('',#1989,0.12);
#1989 = AXIS2_PLACEMENT_3D('',#1990,#1991,#1992);
#1990 = CARTESIAN_POINT('',(31.5,48.22,5.08));
#1991 = DIRECTION('',(-1.,0.,0.));
#1992 = DIRECTION('',(0.,0.,1.));
#1993 = ADVANCED_FACE('',(#1994),#2013,.T.);
#1994 = FACE_BOUND('',#1995,.F.);
#1995 = EDGE_LOOP('',(#1996,#1997,#2005,#2012));
#1996 = ORIENTED_EDGE('',*,*,#1948,.T.);
#1997 = ORIENTED_EDGE('',*,*,#1998,.T.);
#1998 = EDGE_CURVE('',#1949,#1999,#2001,.T.);
#1999 = VERTEX_POINT('',#2000);
#2000 = CARTESIAN_POINT('',(31.8,47.8,5.08));
#2001 = LINE('',#2002,#2003);
#2002 = CARTESIAN_POINT('',(31.8,20.6,5.08));
#2003 = VECTOR('',#2004,1.);
#2004 = DIRECTION('',(0.,1.,0.));
#2005 = ORIENTED_EDGE('',*,*,#2006,.F.);
#2006 = EDGE_CURVE('',#1269,#1999,#2007,.T.);
#2007 = CIRCLE('',#2008,0.12);
#2008 = AXIS2_PLACEMENT_3D('',#2009,#2010,#2011);
#2009 = CARTESIAN_POINT('',(31.92,47.8,5.08));
#2010 = DIRECTION('',(0.,-1.,0.));
#2011 = DIRECTION('',(0.,0.,1.));
#2012 = ORIENTED_EDGE('',*,*,#1277,.F.);
#2013 = CYLINDRICAL_SURFACE('',#2014,0.12);
#2014 = AXIS2_PLACEMENT_3D('',#2015,#2016,#2017);
#2015 = CARTESIAN_POINT('',(31.92,20.6,5.08));
#2016 = DIRECTION('',(0.,1.,0.));
#2017 = DIRECTION('',(0.,0.,1.));
#2018 = ADVANCED_FACE('',(#2019),#2031,.T.);
#2019 = FACE_BOUND('',#2020,.T.);
#2020 = EDGE_LOOP('',(#2021,#2022,#2023,#2024));
#2021 = ORIENTED_EDGE('',*,*,#2006,.F.);
#2022 = ORIENTED_EDGE('',*,*,#1268,.T.);
#2023 = ORIENTED_EDGE('',*,*,#1972,.T.);
#2024 = ORIENTED_EDGE('',*,*,#2025,.F.);
#2025 = EDGE_CURVE('',#1999,#1973,#2026,.T.);
#2026 = CIRCLE('',#2027,0.3);
#2027 = AXIS2_PLACEMENT_3D('',#2028,#2029,#2030);
#2028 = CARTESIAN_POINT('',(31.5,47.8,5.08));
#2029 = DIRECTION('',(0.,0.,1.));
#2030 = DIRECTION('',(1.,0.,0.));
#2031 = TOROIDAL_SURFACE('',#2032,0.42,0.12);
#2032 = AXIS2_PLACEMENT_3D('',#2033,#2034,#2035);
#2033 = CARTESIAN_POINT('',(31.5,47.8,5.08));
#2034 = DIRECTION('',(0.,0.,1.));
#2035 = DIRECTION('',(1.,0.,0.));
#2036 = ADVANCED_FACE('',(#2037),#2055,.T.);
#2037 = FACE_BOUND('',#2038,.T.);
#2038 = EDGE_LOOP('',(#2039,#2040,#2048,#2054));
#2039 = ORIENTED_EDGE('',*,*,#1469,.F.);
#2040 = ORIENTED_EDGE('',*,*,#2041,.F.);
#2041 = EDGE_CURVE('',#2042,#1458,#2044,.T.);
#2042 = VERTEX_POINT('',#2043);
#2043 = CARTESIAN_POINT('',(83.1,20.02054,4.52));
#2044 = LINE('',#2045,#2046);
#2045 = CARTESIAN_POINT('',(83.1,20.02054,4.4));
#2046 = VECTOR('',#2047,1.);
#2047 = DIRECTION('',(0.,0.,1.));
#2048 = ORIENTED_EDGE('',*,*,#2049,.T.);
#2049 = EDGE_CURVE('',#2042,#961,#2050,.T.);
#2050 = LINE('',#2051,#2052);
#2051 = CARTESIAN_POINT('',(83.1,19.90054,4.52));
#2052 = VECTOR('',#2053,1.);
#2053 = DIRECTION('',(0.,1.,0.));
#2054 = ORIENTED_EDGE('',*,*,#1441,.T.);
#2055 = PLANE('',#2056);
#2056 = AXIS2_PLACEMENT_3D('',#2057,#2058,#2059);
#2057 = CARTESIAN_POINT('',(83.1,19.90054,-1.6));
#2058 = DIRECTION('',(1.,0.,0.));
#2059 = DIRECTION('',(0.,0.,1.));
#2060 = ADVANCED_FACE('',(#2061),#2076,.T.);
#2061 = FACE_BOUND('',#2062,.T.);
#2062 = EDGE_LOOP('',(#2063,#2064,#2074,#2075));
#2063 = ORIENTED_EDGE('',*,*,#2049,.F.);
#2064 = ORIENTED_EDGE('',*,*,#2065,.F.);
#2065 = EDGE_CURVE('',#815,#2042,#2066,.T.);
#2066 = B_SPLINE_CURVE_WITH_KNOTS('',6,(#2067,#2068,#2069,#2070,#2071,
    #2072,#2073),.UNSPECIFIED.,.F.,.F.,(7,7),(0.,1.),
  .PIECEWISE_BEZIER_KNOTS.);
#2067 = CARTESIAN_POINT('',(82.98,20.02054,4.4));
#2068 = CARTESIAN_POINT('',(83.011415926536,20.02054,4.4));
#2069 = CARTESIAN_POINT('',(83.042829180084,20.02054,4.409867322322));
#2070 = CARTESIAN_POINT('',(83.070382817957,20.02054,4.429617182043));
#2071 = CARTESIAN_POINT('',(83.090132677677,20.02054,4.457170819915));
#2072 = CARTESIAN_POINT('',(83.1,20.02054,4.488584073464));
#2073 = CARTESIAN_POINT('',(83.1,20.02054,4.52));
#2074 = ORIENTED_EDGE('',*,*,#828,.T.);
#2075 = ORIENTED_EDGE('',*,*,#960,.T.);
#2076 = CYLINDRICAL_SURFACE('',#2077,0.12);
#2077 = AXIS2_PLACEMENT_3D('',#2078,#2079,#2080);
#2078 = CARTESIAN_POINT('',(82.98,19.90054,4.52));
#2079 = DIRECTION('',(0.,1.,0.));
#2080 = DIRECTION('',(1.,0.,0.));
#2081 = ADVANCED_FACE('',(#2082),#2098,.T.);
#2082 = FACE_BOUND('',#2083,.T.);
#2083 = EDGE_LOOP('',(#2084,#2085,#2086));
#2084 = ORIENTED_EDGE('',*,*,#814,.F.);
#2085 = ORIENTED_EDGE('',*,*,#2065,.T.);
#2086 = ORIENTED_EDGE('',*,*,#2087,.T.);
#2087 = EDGE_CURVE('',#2042,#807,#2088,.T.);
#2088 = B_SPLINE_CURVE_WITH_KNOTS('',8,(#2089,#2090,#2091,#2092,#2093,
    #2094,#2095,#2096,#2097),.UNSPECIFIED.,.F.,.F.,(9,9),(0.,1.),
  .PIECEWISE_BEZIER_KNOTS.);
#2089 = CARTESIAN_POINT('',(83.1,20.02054,4.52));
#2090 = CARTESIAN_POINT('',(83.1,19.996978055098,4.505));
#2091 = CARTESIAN_POINT('',(83.105287294675,19.973416102779,4.49));
#2092 = CARTESIAN_POINT('',(83.115861832096,19.95123841188,4.475));
#2093 = CARTESIAN_POINT('',(83.131288949306,19.931828949305,4.46));
#2094 = CARTESIAN_POINT('',(83.15069841188,19.916401832096,4.445));
#2095 = CARTESIAN_POINT('',(83.172876102779,19.905827294675,4.43));
#2096 = CARTESIAN_POINT('',(83.196438055098,19.90054,4.415));
#2097 = CARTESIAN_POINT('',(83.22,19.90054,4.4));
#2098 = B_SPLINE_SURFACE_WITH_KNOTS('',6,8,(
    (#2099,#2100,#2101,#2102,#2103,#2104,#2105,#2106,#2107)
    ,(#2108,#2109,#2110,#2111,#2112,#2113,#2114,#2115,#2116)
    ,(#2117,#2118,#2119,#2120,#2121,#2122,#2123,#2124,#2125)
    ,(#2126,#2127,#2128,#2129,#2130,#2131,#2132,#2133,#2134)
    ,(#2135,#2136,#2137,#2138,#2139,#2140,#2141,#2142,#2143)
    ,(#2144,#2145,#2146,#2147,#2148,#2149,#2150,#2151,#2152)
    ,(#2153,#2154,#2155,#2156,#2157,#2158,#2159,#2160,#2161
  )),.UNSPECIFIED.,.F.,.F.,.F.,(7,7),(9,9),(0.,1.),(0.,1.),
  .PIECEWISE_BEZIER_KNOTS.);
#2099 = CARTESIAN_POINT('',(82.98,20.02054,4.4));
#2100 = CARTESIAN_POINT('',(82.98,19.984454157496,4.4));
#2101 = CARTESIAN_POINT('',(83.01592088648,19.950648903068,4.4));
#2102 = CARTESIAN_POINT('',(83.045130696852,19.945222681428,4.4));
#2103 = CARTESIAN_POINT('',(83.076873867409,19.917449325613,4.4));
#2104 = CARTESIAN_POINT('',(83.113746943393,19.915111697982,4.4));
#2105 = CARTESIAN_POINT('',(83.147879351048,19.903977450033,4.4));
#2106 = CARTESIAN_POINT('',(83.184075905528,19.90054,4.4));
#2107 = CARTESIAN_POINT('',(83.22,19.90054,4.4));
#2108 = CARTESIAN_POINT('',(83.011415926536,20.02054,4.4));
#2109 = CARTESIAN_POINT('',(83.009988935719,19.986541473763,4.4));
#2110 = CARTESIAN_POINT('',(83.039377232748,19.954443436353,4.4));
#2111 = CARTESIAN_POINT('',(83.064054173478,19.94622530317,4.4));
#2112 = CARTESIAN_POINT('',(83.091651010992,19.919845929562,4.4));
#2113 = CARTESIAN_POINT('',(83.124186493925,19.915326720334,4.4));
#2114 = CARTESIAN_POINT('',(83.15489945797,19.904285757473,4.4));
#2115 = CARTESIAN_POINT('',(83.187563254607,19.90054,4.4));
#2116 = CARTESIAN_POINT('',(83.22,19.90054,4.4));
#2117 = CARTESIAN_POINT('',(83.042829180084,20.02054,4.409867322322));
#2118 = CARTESIAN_POINT('',(83.040767357779,19.98862879003,
    4.408938805172));
#2119 = CARTESIAN_POINT('',(83.062610720584,19.959328945279,
    4.410972901059));
#2120 = CARTESIAN_POINT('',(83.08211307667,19.945736356757,
    4.409739485769));
#2121 = CARTESIAN_POINT('',(83.105402325222,19.922519182117,
    4.407791588615));
#2122 = CARTESIAN_POINT('',(83.133249880051,19.914499041286,
    4.40548645053));
#2123 = CARTESIAN_POINT('',(83.161166888321,19.90437759012,
    4.403181312444));
#2124 = CARTESIAN_POINT('',(83.192557297641,19.90054,4.403429203673));
#2125 = CARTESIAN_POINT('',(83.22,19.90054,4.4));
#2126 = CARTESIAN_POINT('',(83.070382817957,20.02054,4.429617182043));
#2127 = CARTESIAN_POINT('',(83.067945309877,19.990716106297,
    4.427051534938));
#2128 = CARTESIAN_POINT('',(83.082560087406,19.963024422889,
    4.424212973903));
#2129 = CARTESIAN_POINT('',(83.098300380412,19.948437183856,
    4.420510826147));
#2130 = CARTESIAN_POINT('',(83.118223765129,19.925241617466,
    4.416408660918));
#2131 = CARTESIAN_POINT('',(83.142674542554,19.915707338997,
    4.412106486951));
#2132 = CARTESIAN_POINT('',(83.167677532477,19.904933827613,
    4.407804312985));
#2133 = CARTESIAN_POINT('',(83.193791272048,19.90054,4.403965708265));
#2134 = CARTESIAN_POINT('',(83.22,19.90054,4.4));
#2135 = CARTESIAN_POINT('',(83.090132677677,20.02054,4.457170819915));
#2136 = CARTESIAN_POINT('',(83.087083257912,19.992803422564,
    4.450949192812));
#2137 = CARTESIAN_POINT('',(83.095730035524,19.966499473839,
    4.441543806245));
#2138 = CARTESIAN_POINT('',(83.108762410751,19.951092091577,
    4.434397453756));
#2139 = CARTESIAN_POINT('',(83.126487416532,19.927830168368,
    4.427517963004));
#2140 = CARTESIAN_POINT('',(83.148826414261,19.916926620273,
    4.420771903123));
#2141 = CARTESIAN_POINT('',(83.172080731876,19.905483075049,
    4.414025843241));
#2142 = CARTESIAN_POINT('',(83.194239848292,19.90054,4.40528761102));
#2143 = CARTESIAN_POINT('',(83.22,19.90054,4.4));
#2144 = CARTESIAN_POINT('',(83.1,20.02054,4.488584073464));
#2145 = CARTESIAN_POINT('',(83.098036504592,19.994890738831,
    4.477511064281));
#2146 = CARTESIAN_POINT('',(83.10349493907,19.970723702788,
    4.466438055098));
#2147 = CARTESIAN_POINT('',(83.114281990154,19.950465387029,
    4.455365045915));
#2148 = CARTESIAN_POINT('',(83.130274562382,19.930101767586,
    4.444292036732));
#2149 = CARTESIAN_POINT('',(83.150506263905,19.916131891919,
    4.433219027549));
#2150 = CARTESIAN_POINT('',(83.173186302645,19.905553937523,
    4.422146018366));
#2151 = CARTESIAN_POINT('',(83.196877696836,19.90054,4.411073009183));
#2152 = CARTESIAN_POINT('',(83.22,19.90054,4.4));
#2153 = CARTESIAN_POINT('',(83.1,20.02054,4.52));
#2154 = CARTESIAN_POINT('',(83.1,19.996978055098,4.505));
#2155 = CARTESIAN_POINT('',(83.105287294675,19.973416102779,4.49));
#2156 = CARTESIAN_POINT('',(83.115861832096,19.95123841188,4.475));
#2157 = CARTESIAN_POINT('',(83.131288949306,19.931828949305,4.46));
#2158 = CARTESIAN_POINT('',(83.15069841188,19.916401832096,4.445));
#2159 = CARTESIAN_POINT('',(83.172876102779,19.905827294675,4.43));
#2160 = CARTESIAN_POINT('',(83.196438055098,19.90054,4.415));
#2161 = CARTESIAN_POINT('',(83.22,19.90054,4.4));
#2162 = ADVANCED_FACE('',(#2163),#2174,.F.);
#2163 = FACE_BOUND('',#2164,.F.);
#2164 = EDGE_LOOP('',(#2165,#2171,#2172,#2173));
#2165 = ORIENTED_EDGE('',*,*,#2166,.T.);
#2166 = EDGE_CURVE('',#851,#1759,#2167,.T.);
#2167 = LINE('',#2168,#2169);
#2168 = CARTESIAN_POINT('',(43.7,4.5,3.9));
#2169 = VECTOR('',#2170,1.);
#2170 = DIRECTION('',(0.,0.,1.));
#2171 = ORIENTED_EDGE('',*,*,#1769,.F.);
#2172 = ORIENTED_EDGE('',*,*,#2166,.F.);
#2173 = ORIENTED_EDGE('',*,*,#850,.T.);
#2174 = CYLINDRICAL_SURFACE('',#2175,2.6);
#2175 = AXIS2_PLACEMENT_3D('',#2176,#2177,#2178);
#2176 = CARTESIAN_POINT('',(41.1,4.5,3.9));
#2177 = DIRECTION('',(0.,0.,1.));
#2178 = DIRECTION('',(1.,0.,0.));
#2179 = ADVANCED_FACE('',(#2180),#2191,.F.);
#2180 = FACE_BOUND('',#2181,.F.);
#2181 = EDGE_LOOP('',(#2182,#2188,#2189,#2190));
#2182 = ORIENTED_EDGE('',*,*,#2183,.T.);
#2183 = EDGE_CURVE('',#862,#1785,#2184,.T.);
#2184 = LINE('',#2185,#2186);
#2185 = CARTESIAN_POINT('',(52.2,8.80000526,3.9));
#2186 = VECTOR('',#2187,1.);
#2187 = DIRECTION('',(0.,0.,1.));
#2188 = ORIENTED_EDGE('',*,*,#1795,.F.);
#2189 = ORIENTED_EDGE('',*,*,#2183,.F.);
#2190 = ORIENTED_EDGE('',*,*,#861,.T.);
#2191 = CYLINDRICAL_SURFACE('',#2192,2.6);
#2192 = AXIS2_PLACEMENT_3D('',#2193,#2194,#2195);
#2193 = CARTESIAN_POINT('',(49.6,8.80000526,3.9));
#2194 = DIRECTION('',(0.,0.,1.));
#2195 = DIRECTION('',(1.,0.,0.));
#2196 = ADVANCED_FACE('',(#2197),#2208,.F.);
#2197 = FACE_BOUND('',#2198,.F.);
#2198 = EDGE_LOOP('',(#2199,#2205,#2206,#2207));
#2199 = ORIENTED_EDGE('',*,*,#2200,.T.);
#2200 = EDGE_CURVE('',#873,#1811,#2201,.T.);
#2201 = LINE('',#2202,#2203);
#2202 = CARTESIAN_POINT('',(43.7,14.4,3.9));
#2203 = VECTOR('',#2204,1.);
#2204 = DIRECTION('',(0.,0.,1.));
#2205 = ORIENTED_EDGE('',*,*,#1821,.F.);
#2206 = ORIENTED_EDGE('',*,*,#2200,.F.);
#2207 = ORIENTED_EDGE('',*,*,#872,.T.);
#2208 = CYLINDRICAL_SURFACE('',#2209,2.6);
#2209 = AXIS2_PLACEMENT_3D('',#2210,#2211,#2212);
#2210 = CARTESIAN_POINT('',(41.1,14.4,3.9));
#2211 = DIRECTION('',(0.,0.,1.));
#2212 = DIRECTION('',(1.,0.,0.));
#2213 = ADVANCED_FACE('',(#2214),#2230,.F.);
#2214 = FACE_BOUND('',#2215,.F.);
#2215 = EDGE_LOOP('',(#2216,#2222,#2223,#2229));
#2216 = ORIENTED_EDGE('',*,*,#2217,.T.);
#2217 = EDGE_CURVE('',#886,#1847,#2218,.T.);
#2218 = LINE('',#2219,#2220);
#2219 = CARTESIAN_POINT('',(4.3,20.3,3.9));
#2220 = VECTOR('',#2221,1.);
#2221 = DIRECTION('',(0.,0.,1.));
#2222 = ORIENTED_EDGE('',*,*,#1855,.F.);
#2223 = ORIENTED_EDGE('',*,*,#2224,.F.);
#2224 = EDGE_CURVE('',#884,#1837,#2225,.T.);
#2225 = LINE('',#2226,#2227);
#2226 = CARTESIAN_POINT('',(4.,20.6,3.9));
#2227 = VECTOR('',#2228,1.);
#2228 = DIRECTION('',(0.,0.,1.));
#2229 = ORIENTED_EDGE('',*,*,#883,.T.);
#2230 = CYLINDRICAL_SURFACE('',#2231,0.3);
#2231 = AXIS2_PLACEMENT_3D('',#2232,#2233,#2234);
#2232 = CARTESIAN_POINT('',(4.3,20.6,3.9));
#2233 = DIRECTION('',(0.,0.,1.));
#2234 = DIRECTION('',(1.,0.,0.));
#2235 = ADVANCED_FACE('',(#2236),#2247,.T.);
#2236 = FACE_BOUND('',#2237,.T.);
#2237 = EDGE_LOOP('',(#2238,#2239,#2240,#2246));
#2238 = ORIENTED_EDGE('',*,*,#2224,.F.);
#2239 = ORIENTED_EDGE('',*,*,#894,.T.);
#2240 = ORIENTED_EDGE('',*,*,#2241,.T.);
#2241 = EDGE_CURVE('',#895,#1871,#2242,.T.);
#2242 = LINE('',#2243,#2244);
#2243 = CARTESIAN_POINT('',(4.,47.8,3.9));
#2244 = VECTOR('',#2245,1.);
#2245 = DIRECTION('',(0.,0.,1.));
#2246 = ORIENTED_EDGE('',*,*,#1879,.T.);
#2247 = PLANE('',#2248);
#2248 = AXIS2_PLACEMENT_3D('',#2249,#2250,#2251);
#2249 = CARTESIAN_POINT('',(4.,20.6,3.9));
#2250 = DIRECTION('',(1.,0.,0.));
#2251 = DIRECTION('',(0.,0.,1.));
#2252 = ADVANCED_FACE('',(#2253),#2264,.T.);
#2253 = FACE_BOUND('',#2254,.T.);
#2254 = EDGE_LOOP('',(#2255,#2261,#2262,#2263));
#2255 = ORIENTED_EDGE('',*,*,#2256,.F.);
#2256 = EDGE_CURVE('',#937,#1897,#2257,.T.);
#2257 = LINE('',#2258,#2259);
#2258 = CARTESIAN_POINT('',(31.5,20.3,3.9));
#2259 = VECTOR('',#2260,1.);
#2260 = DIRECTION('',(0.,0.,1.));
#2261 = ORIENTED_EDGE('',*,*,#945,.T.);
#2262 = ORIENTED_EDGE('',*,*,#2217,.T.);
#2263 = ORIENTED_EDGE('',*,*,#1896,.T.);
#2264 = PLANE('',#2265);
#2265 = AXIS2_PLACEMENT_3D('',#2266,#2267,#2268);
#2266 = CARTESIAN_POINT('',(4.3,20.3,3.9));
#2267 = DIRECTION('',(0.,1.,0.));
#2268 = DIRECTION('',(0.,0.,1.));
#2269 = ADVANCED_FACE('',(#2270),#2281,.F.);
#2270 = FACE_BOUND('',#2271,.F.);
#2271 = EDGE_LOOP('',(#2272,#2273,#2274,#2280));
#2272 = ORIENTED_EDGE('',*,*,#2241,.T.);
#2273 = ORIENTED_EDGE('',*,*,#1931,.F.);
#2274 = ORIENTED_EDGE('',*,*,#2275,.F.);
#2275 = EDGE_CURVE('',#903,#1921,#2276,.T.);
#2276 = LINE('',#2277,#2278);
#2277 = CARTESIAN_POINT('',(4.3,48.1,3.9));
#2278 = VECTOR('',#2279,1.);
#2279 = DIRECTION('',(0.,0.,1.));
#2280 = ORIENTED_EDGE('',*,*,#902,.T.);
#2281 = CYLINDRICAL_SURFACE('',#2282,0.3);
#2282 = AXIS2_PLACEMENT_3D('',#2283,#2284,#2285);
#2283 = CARTESIAN_POINT('',(4.3,47.8,3.9));
#2284 = DIRECTION('',(0.,0.,1.));
#2285 = DIRECTION('',(1.,0.,0.));
#2286 = ADVANCED_FACE('',(#2287),#2298,.F.);
#2287 = FACE_BOUND('',#2288,.F.);
#2288 = EDGE_LOOP('',(#2289,#2295,#2296,#2297));
#2289 = ORIENTED_EDGE('',*,*,#2290,.T.);
#2290 = EDGE_CURVE('',#929,#1949,#2291,.T.);
#2291 = LINE('',#2292,#2293);
#2292 = CARTESIAN_POINT('',(31.8,20.6,3.9));
#2293 = VECTOR('',#2294,1.);
#2294 = DIRECTION('',(0.,0.,1.));
#2295 = ORIENTED_EDGE('',*,*,#1957,.F.);
#2296 = ORIENTED_EDGE('',*,*,#2256,.F.);
#2297 = ORIENTED_EDGE('',*,*,#936,.T.);
#2298 = CYLINDRICAL_SURFACE('',#2299,0.3);
#2299 = AXIS2_PLACEMENT_3D('',#2300,#2301,#2302);
#2300 = CARTESIAN_POINT('',(31.5,20.6,3.9));
#2301 = DIRECTION('',(0.,0.,1.));
#2302 = DIRECTION('',(1.,0.,0.));
#2303 = ADVANCED_FACE('',(#2304),#2315,.F.);
#2304 = FACE_BOUND('',#2305,.F.);
#2305 = EDGE_LOOP('',(#2306,#2312,#2313,#2314));
#2306 = ORIENTED_EDGE('',*,*,#2307,.F.);
#2307 = EDGE_CURVE('',#912,#1973,#2308,.T.);
#2308 = LINE('',#2309,#2310);
#2309 = CARTESIAN_POINT('',(31.5,48.1,3.9));
#2310 = VECTOR('',#2311,1.);
#2311 = DIRECTION('',(0.,0.,1.));
#2312 = ORIENTED_EDGE('',*,*,#911,.T.);
#2313 = ORIENTED_EDGE('',*,*,#2275,.T.);
#2314 = ORIENTED_EDGE('',*,*,#1981,.F.);
#2315 = PLANE('',#2316);
#2316 = AXIS2_PLACEMENT_3D('',#2317,#2318,#2319);
#2317 = CARTESIAN_POINT('',(4.3,48.1,3.9));
#2318 = DIRECTION('',(0.,1.,0.));
#2319 = DIRECTION('',(0.,0.,1.));
#2320 = ADVANCED_FACE('',(#2321),#2332,.F.);
#2321 = FACE_BOUND('',#2322,.F.);
#2322 = EDGE_LOOP('',(#2323,#2324,#2325,#2331));
#2323 = ORIENTED_EDGE('',*,*,#2290,.F.);
#2324 = ORIENTED_EDGE('',*,*,#928,.T.);
#2325 = ORIENTED_EDGE('',*,*,#2326,.T.);
#2326 = EDGE_CURVE('',#920,#1999,#2327,.T.);
#2327 = LINE('',#2328,#2329);
#2328 = CARTESIAN_POINT('',(31.8,47.8,3.9));
#2329 = VECTOR('',#2330,1.);
#2330 = DIRECTION('',(0.,0.,1.));
#2331 = ORIENTED_EDGE('',*,*,#1998,.F.);
#2332 = PLANE('',#2333);
#2333 = AXIS2_PLACEMENT_3D('',#2334,#2335,#2336);
#2334 = CARTESIAN_POINT('',(31.8,20.6,3.9));
#2335 = DIRECTION('',(1.,0.,0.));
#2336 = DIRECTION('',(0.,0.,1.));
#2337 = ADVANCED_FACE('',(#2338),#2344,.F.);
#2338 = FACE_BOUND('',#2339,.F.);
#2339 = EDGE_LOOP('',(#2340,#2341,#2342,#2343));
#2340 = ORIENTED_EDGE('',*,*,#2307,.T.);
#2341 = ORIENTED_EDGE('',*,*,#2025,.F.);
#2342 = ORIENTED_EDGE('',*,*,#2326,.F.);
#2343 = ORIENTED_EDGE('',*,*,#919,.T.);
#2344 = CYLINDRICAL_SURFACE('',#2345,0.3);
#2345 = AXIS2_PLACEMENT_3D('',#2346,#2347,#2348);
#2346 = CARTESIAN_POINT('',(31.5,47.8,3.9));
#2347 = DIRECTION('',(0.,0.,1.));
#2348 = DIRECTION('',(1.,0.,0.));
#2349 = ADVANCED_FACE('',(#2350),#2361,.F.);
#2350 = FACE_BOUND('',#2351,.F.);
#2351 = EDGE_LOOP('',(#2352,#2353,#2359,#2360));
#2352 = ORIENTED_EDGE('',*,*,#2087,.T.);
#2353 = ORIENTED_EDGE('',*,*,#2354,.T.);
#2354 = EDGE_CURVE('',#807,#1154,#2355,.T.);
#2355 = LINE('',#2356,#2357);
#2356 = CARTESIAN_POINT('',(83.22,19.90054,4.4));
#2357 = VECTOR('',#2358,1.);
#2358 = DIRECTION('',(0.,0.,1.));
#2359 = ORIENTED_EDGE('',*,*,#1487,.F.);
#2360 = ORIENTED_EDGE('',*,*,#2041,.F.);
#2361 = CYLINDRICAL_SURFACE('',#2362,0.12);
#2362 = AXIS2_PLACEMENT_3D('',#2363,#2364,#2365);
#2363 = CARTESIAN_POINT('',(83.22,20.02054,4.4));
#2364 = DIRECTION('',(0.,0.,1.));
#2365 = DIRECTION('',(-1.,0.,0.));
#2366 = ADVANCED_FACE('',(#2367),#2378,.T.);
#2367 = FACE_BOUND('',#2368,.T.);
#2368 = EDGE_LOOP('',(#2369,#2370,#2371,#2377));
#2369 = ORIENTED_EDGE('',*,*,#674,.F.);
#2370 = ORIENTED_EDGE('',*,*,#230,.T.);
#2371 = ORIENTED_EDGE('',*,*,#2372,.T.);
#2372 = EDGE_CURVE('',#233,#1052,#2373,.T.);
#2373 = LINE('',#2374,#2375);
#2374 = CARTESIAN_POINT('',(84.6,49.4,0.));
#2375 = VECTOR('',#2376,1.);
#2376 = DIRECTION('',(0.,0.,1.));
#2377 = ORIENTED_EDGE('',*,*,#1051,.F.);
#2378 = PLANE('',#2379);
#2379 = AXIS2_PLACEMENT_3D('',#2380,#2381,#2382);
#2380 = CARTESIAN_POINT('',(84.6,40.75027,2.35));
#2381 = DIRECTION('',(1.,0.,0.));
#2382 = DIRECTION('',(-0.,0.,1.));
#2383 = ADVANCED_FACE('',(#2384),#2400,.T.);
#2384 = FACE_BOUND('',#2385,.T.);
#2385 = EDGE_LOOP('',(#2386,#2387,#2393,#2394));
#2386 = ORIENTED_EDGE('',*,*,#322,.T.);
#2387 = ORIENTED_EDGE('',*,*,#2388,.T.);
#2388 = EDGE_CURVE('',#325,#1634,#2389,.T.);
#2389 = LINE('',#2390,#2391);
#2390 = CARTESIAN_POINT('',(84.6,19.90054,-0.5));
#2391 = VECTOR('',#2392,1.);
#2392 = DIRECTION('',(0.,0.,1.));
#2393 = ORIENTED_EDGE('',*,*,#1631,.F.);
#2394 = ORIENTED_EDGE('',*,*,#2395,.F.);
#2395 = EDGE_CURVE('',#323,#1632,#2396,.T.);
#2396 = LINE('',#2397,#2398);
#2397 = CARTESIAN_POINT('',(84.6,2.6,-0.6));
#2398 = VECTOR('',#2399,1.);
#2399 = DIRECTION('',(0.,0.,1.));
#2400 = PLANE('',#2401);
#2401 = AXIS2_PLACEMENT_3D('',#2402,#2403,#2404);
#2402 = CARTESIAN_POINT('',(84.6,11.25027,2.35));
#2403 = DIRECTION('',(1.,0.,0.));
#2404 = DIRECTION('',(-0.,0.,1.));
#2405 = ADVANCED_FACE('',(#2406),#2417,.T.);
#2406 = FACE_BOUND('',#2407,.T.);
#2407 = EDGE_LOOP('',(#2408,#2409,#2410,#2416));
#2408 = ORIENTED_EDGE('',*,*,#715,.T.);
#2409 = ORIENTED_EDGE('',*,*,#730,.T.);
#2410 = ORIENTED_EDGE('',*,*,#2411,.F.);
#2411 = EDGE_CURVE('',#22,#731,#2412,.T.);
#2412 = LINE('',#2413,#2414);
#2413 = CARTESIAN_POINT('',(83.4,49.4,-1.6));
#2414 = VECTOR('',#2415,1.);
#2415 = DIRECTION('',(0.,0.,1.));
#2416 = ORIENTED_EDGE('',*,*,#49,.T.);
#2417 = PLANE('',#2418);
#2418 = AXIS2_PLACEMENT_3D('',#2419,#2420,#2421);
#2419 = CARTESIAN_POINT('',(83.4,40.75027,2.24));
#2420 = DIRECTION('',(-1.,-0.,-0.));
#2421 = DIRECTION('',(0.,0.,-1.));
#2422 = ADVANCED_FACE('',(#2423),#2439,.T.);
#2423 = FACE_BOUND('',#2424,.T.);
#2424 = EDGE_LOOP('',(#2425,#2431,#2432,#2438));
#2425 = ORIENTED_EDGE('',*,*,#2426,.T.);
#2426 = EDGE_CURVE('',#300,#790,#2427,.T.);
#2427 = LINE('',#2428,#2429);
#2428 = CARTESIAN_POINT('',(83.4,2.6,-1.));
#2429 = VECTOR('',#2430,1.);
#2430 = DIRECTION('',(0.,0.,1.));
#2431 = ORIENTED_EDGE('',*,*,#798,.T.);
#2432 = ORIENTED_EDGE('',*,*,#2433,.F.);
#2433 = EDGE_CURVE('',#290,#799,#2434,.T.);
#2434 = LINE('',#2435,#2436);
#2435 = CARTESIAN_POINT('',(83.4,19.90054,-1.6));
#2436 = VECTOR('',#2437,1.);
#2437 = DIRECTION('',(0.,0.,1.));
#2438 = ORIENTED_EDGE('',*,*,#308,.T.);
#2439 = PLANE('',#2440);
#2440 = AXIS2_PLACEMENT_3D('',#2441,#2442,#2443);
#2441 = CARTESIAN_POINT('',(83.4,11.25027,2.24));
#2442 = DIRECTION('',(-1.,-0.,-0.));
#2443 = DIRECTION('',(0.,0.,-1.));
#2444 = ADVANCED_FACE('',(#2445),#2456,.T.);
#2445 = FACE_BOUND('',#2446,.T.);
#2446 = EDGE_LOOP('',(#2447,#2448,#2449,#2450,#2451,#2452,#2453,#2454,
    #2455));
#2447 = ORIENTED_EDGE('',*,*,#289,.F.);
#2448 = ORIENTED_EDGE('',*,*,#2433,.T.);
#2449 = ORIENTED_EDGE('',*,*,#806,.T.);
#2450 = ORIENTED_EDGE('',*,*,#2354,.T.);
#2451 = ORIENTED_EDGE('',*,*,#1153,.F.);
#2452 = ORIENTED_EDGE('',*,*,#1649,.T.);
#2453 = ORIENTED_EDGE('',*,*,#2388,.F.);
#2454 = ORIENTED_EDGE('',*,*,#340,.T.);
#2455 = ORIENTED_EDGE('',*,*,#63,.F.);
#2456 = PLANE('',#2457);
#2457 = AXIS2_PLACEMENT_3D('',#2458,#2459,#2460);
#2458 = CARTESIAN_POINT('',(83.914625808373,19.90054,2.618061444966));
#2459 = DIRECTION('',(0.,1.,0.));
#2460 = DIRECTION('',(0.,-0.,1.));
#2461 = ADVANCED_FACE('',(#2462),#2478,.T.);
#2462 = FACE_BOUND('',#2463,.T.);
#2463 = EDGE_LOOP('',(#2464,#2465,#2471,#2472));
#2464 = ORIENTED_EDGE('',*,*,#418,.T.);
#2465 = ORIENTED_EDGE('',*,*,#2466,.T.);
#2466 = EDGE_CURVE('',#410,#773,#2467,.T.);
#2467 = LINE('',#2468,#2469);
#2468 = CARTESIAN_POINT('',(2.6,0.6,-1.));
#2469 = VECTOR('',#2470,1.);
#2470 = DIRECTION('',(0.,0.,1.));
#2471 = ORIENTED_EDGE('',*,*,#781,.T.);
#2472 = ORIENTED_EDGE('',*,*,#2473,.F.);
#2473 = EDGE_CURVE('',#357,#782,#2474,.T.);
#2474 = LINE('',#2475,#2476);
#2475 = CARTESIAN_POINT('',(81.4,0.6,-1.6));
#2476 = VECTOR('',#2477,1.);
#2477 = DIRECTION('',(0.,0.,1.));
#2478 = PLANE('',#2479);
#2479 = AXIS2_PLACEMENT_3D('',#2480,#2481,#2482);
#2480 = CARTESIAN_POINT('',(42.,0.6,2.24));
#2481 = DIRECTION('',(0.,1.,0.));
#2482 = DIRECTION('',(0.,-0.,1.));
#2483 = ADVANCED_FACE('',(#2484),#2500,.T.);
#2484 = FACE_BOUND('',#2485,.T.);
#2485 = EDGE_LOOP('',(#2486,#2492,#2493,#2499));
#2486 = ORIENTED_EDGE('',*,*,#2487,.T.);
#2487 = EDGE_CURVE('',#382,#1690,#2488,.T.);
#2488 = LINE('',#2489,#2490);
#2489 = CARTESIAN_POINT('',(81.4,-0.6,0.));
#2490 = VECTOR('',#2491,1.);
#2491 = DIRECTION('',(0.,0.,1.));
#2492 = ORIENTED_EDGE('',*,*,#1744,.F.);
#2493 = ORIENTED_EDGE('',*,*,#2494,.F.);
#2494 = EDGE_CURVE('',#433,#1717,#2495,.T.);
#2495 = LINE('',#2496,#2497);
#2496 = CARTESIAN_POINT('',(2.6,-0.6,-0.6));
#2497 = VECTOR('',#2498,1.);
#2498 = DIRECTION('',(0.,0.,1.));
#2499 = ORIENTED_EDGE('',*,*,#443,.T.);
#2500 = PLANE('',#2501);
#2501 = AXIS2_PLACEMENT_3D('',#2502,#2503,#2504);
#2502 = CARTESIAN_POINT('',(42.,-0.6,2.35));
#2503 = DIRECTION('',(-0.,-1.,-0.));
#2504 = DIRECTION('',(0.,0.,-1.));
#2505 = ADVANCED_FACE('',(#2506),#2522,.T.);
#2506 = FACE_BOUND('',#2507,.T.);
#2507 = EDGE_LOOP('',(#2508,#2509,#2515,#2516));
#2508 = ORIENTED_EDGE('',*,*,#520,.T.);
#2509 = ORIENTED_EDGE('',*,*,#2510,.T.);
#2510 = EDGE_CURVE('',#512,#756,#2511,.T.);
#2511 = LINE('',#2512,#2513);
#2512 = CARTESIAN_POINT('',(0.6,49.4,-1.));
#2513 = VECTOR('',#2514,1.);
#2514 = DIRECTION('',(0.,0.,1.));
#2515 = ORIENTED_EDGE('',*,*,#764,.F.);
#2516 = ORIENTED_EDGE('',*,*,#2517,.F.);
#2517 = EDGE_CURVE('',#459,#765,#2518,.T.);
#2518 = LINE('',#2519,#2520);
#2519 = CARTESIAN_POINT('',(0.6,2.6,-1.6));
#2520 = VECTOR('',#2521,1.);
#2521 = DIRECTION('',(0.,0.,1.));
#2522 = PLANE('',#2523);
#2523 = AXIS2_PLACEMENT_3D('',#2524,#2525,#2526);
#2524 = CARTESIAN_POINT('',(0.6,26.,2.24));
#2525 = DIRECTION('',(1.,0.,0.));
#2526 = DIRECTION('',(-0.,0.,1.));
#2527 = ADVANCED_FACE('',(#2528),#2544,.T.);
#2528 = FACE_BOUND('',#2529,.T.);
#2529 = EDGE_LOOP('',(#2530,#2536,#2537,#2543));
#2530 = ORIENTED_EDGE('',*,*,#2531,.T.);
#2531 = EDGE_CURVE('',#484,#1667,#2532,.T.);
#2532 = LINE('',#2533,#2534);
#2533 = CARTESIAN_POINT('',(-0.6,2.6,0.));
#2534 = VECTOR('',#2535,1.);
#2535 = DIRECTION('',(0.,0.,1.));
#2536 = ORIENTED_EDGE('',*,*,#1675,.F.);
#2537 = ORIENTED_EDGE('',*,*,#2538,.F.);
#2538 = EDGE_CURVE('',#535,#1607,#2539,.T.);
#2539 = LINE('',#2540,#2541);
#2540 = CARTESIAN_POINT('',(-0.6,49.4,-0.6));
#2541 = VECTOR('',#2542,1.);
#2542 = DIRECTION('',(0.,0.,1.));
#2543 = ORIENTED_EDGE('',*,*,#545,.T.);
#2544 = PLANE('',#2545);
#2545 = AXIS2_PLACEMENT_3D('',#2546,#2547,#2548);
#2546 = CARTESIAN_POINT('',(-0.6,26.,2.35));
#2547 = DIRECTION('',(-1.,-0.,-0.));
#2548 = DIRECTION('',(0.,0.,-1.));
#2549 = ADVANCED_FACE('',(#2550),#2566,.T.);
#2550 = FACE_BOUND('',#2551,.T.);
#2551 = EDGE_LOOP('',(#2552,#2558,#2559,#2565));
#2552 = ORIENTED_EDGE('',*,*,#2553,.T.);
#2553 = EDGE_CURVE('',#264,#739,#2554,.T.);
#2554 = LINE('',#2555,#2556);
#2555 = CARTESIAN_POINT('',(81.4,51.4,-1.));
#2556 = VECTOR('',#2557,1.);
#2557 = DIRECTION('',(0.,0.,1.));
#2558 = ORIENTED_EDGE('',*,*,#747,.F.);
#2559 = ORIENTED_EDGE('',*,*,#2560,.F.);
#2560 = EDGE_CURVE('',#561,#748,#2561,.T.);
#2561 = LINE('',#2562,#2563);
#2562 = CARTESIAN_POINT('',(2.6,51.4,-1.6));
#2563 = VECTOR('',#2564,1.);
#2564 = DIRECTION('',(0.,0.,1.));
#2565 = ORIENTED_EDGE('',*,*,#614,.T.);
#2566 = PLANE('',#2567);
#2567 = AXIS2_PLACEMENT_3D('',#2568,#2569,#2570);
#2568 = CARTESIAN_POINT('',(42.,51.4,2.24));
#2569 = DIRECTION('',(-0.,-1.,-0.));
#2570 = DIRECTION('',(0.,0.,-1.));
#2571 = ADVANCED_FACE('',(#2572),#2588,.T.);
#2572 = FACE_BOUND('',#2573,.T.);
#2573 = EDGE_LOOP('',(#2574,#2575,#2581,#2582));
#2574 = ORIENTED_EDGE('',*,*,#639,.T.);
#2575 = ORIENTED_EDGE('',*,*,#2576,.T.);
#2576 = EDGE_CURVE('',#586,#1583,#2577,.T.);
#2577 = LINE('',#2578,#2579);
#2578 = CARTESIAN_POINT('',(2.6,52.6,0.));
#2579 = VECTOR('',#2580,1.);
#2580 = DIRECTION('',(0.,0.,1.));
#2581 = ORIENTED_EDGE('',*,*,#1591,.F.);
#2582 = ORIENTED_EDGE('',*,*,#2583,.F.);
#2583 = EDGE_CURVE('',#629,#1310,#2584,.T.);
#2584 = LINE('',#2585,#2586);
#2585 = CARTESIAN_POINT('',(81.4,52.6,-0.6));
#2586 = VECTOR('',#2587,1.);
#2587 = DIRECTION('',(0.,0.,1.));
#2588 = PLANE('',#2589);
#2589 = AXIS2_PLACEMENT_3D('',#2590,#2591,#2592);
#2590 = CARTESIAN_POINT('',(42.,52.6,2.35));
#2591 = DIRECTION('',(0.,1.,0.));
#2592 = DIRECTION('',(0.,-0.,1.));
#2593 = ADVANCED_FACE('',(#2594),#2600,.T.);
#2594 = FACE_BOUND('',#2595,.T.);
#2595 = EDGE_LOOP('',(#2596,#2597,#2598,#2599));
#2596 = ORIENTED_EDGE('',*,*,#2583,.T.);
#2597 = ORIENTED_EDGE('',*,*,#1309,.F.);
#2598 = ORIENTED_EDGE('',*,*,#2372,.F.);
#2599 = ORIENTED_EDGE('',*,*,#654,.T.);
#2600 = CYLINDRICAL_SURFACE('',#2601,3.2);
#2601 = AXIS2_PLACEMENT_3D('',#2602,#2603,#2604);
#2602 = CARTESIAN_POINT('',(81.4,49.4,0.));
#2603 = DIRECTION('',(0.,0.,1.));
#2604 = DIRECTION('',(1.,0.,0.));
#2605 = ADVANCED_FACE('',(#2606),#2612,.F.);
#2606 = FACE_BOUND('',#2607,.F.);
#2607 = EDGE_LOOP('',(#2608,#2609,#2610,#2611));
#2608 = ORIENTED_EDGE('',*,*,#738,.F.);
#2609 = ORIENTED_EDGE('',*,*,#2411,.F.);
#2610 = ORIENTED_EDGE('',*,*,#272,.F.);
#2611 = ORIENTED_EDGE('',*,*,#2553,.T.);
#2612 = CYLINDRICAL_SURFACE('',#2613,2.);
#2613 = AXIS2_PLACEMENT_3D('',#2614,#2615,#2616);
#2614 = CARTESIAN_POINT('',(81.4,49.4,-1.));
#2615 = DIRECTION('',(0.,0.,1.));
#2616 = DIRECTION('',(1.,0.,0.));
#2617 = ADVANCED_FACE('',(#2618),#2624,.F.);
#2618 = FACE_BOUND('',#2619,.F.);
#2619 = EDGE_LOOP('',(#2620,#2621,#2622,#2623));
#2620 = ORIENTED_EDGE('',*,*,#789,.F.);
#2621 = ORIENTED_EDGE('',*,*,#2473,.F.);
#2622 = ORIENTED_EDGE('',*,*,#356,.F.);
#2623 = ORIENTED_EDGE('',*,*,#2426,.T.);
#2624 = CYLINDRICAL_SURFACE('',#2625,2.);
#2625 = AXIS2_PLACEMENT_3D('',#2626,#2627,#2628);
#2626 = CARTESIAN_POINT('',(81.4,2.6,-1.));
#2627 = DIRECTION('',(0.,0.,1.));
#2628 = DIRECTION('',(1.,0.,0.));
#2629 = ADVANCED_FACE('',(#2630),#2636,.T.);
#2630 = FACE_BOUND('',#2631,.T.);
#2631 = EDGE_LOOP('',(#2632,#2633,#2634,#2635));
#2632 = ORIENTED_EDGE('',*,*,#2395,.T.);
#2633 = ORIENTED_EDGE('',*,*,#1698,.F.);
#2634 = ORIENTED_EDGE('',*,*,#2487,.F.);
#2635 = ORIENTED_EDGE('',*,*,#390,.T.);
#2636 = CYLINDRICAL_SURFACE('',#2637,3.2);
#2637 = AXIS2_PLACEMENT_3D('',#2638,#2639,#2640);
#2638 = CARTESIAN_POINT('',(81.4,2.6,0.));
#2639 = DIRECTION('',(0.,0.,1.));
#2640 = DIRECTION('',(1.,0.,0.));
#2641 = ADVANCED_FACE('',(#2642),#2648,.F.);
#2642 = FACE_BOUND('',#2643,.F.);
#2643 = EDGE_LOOP('',(#2644,#2645,#2646,#2647));
#2644 = ORIENTED_EDGE('',*,*,#772,.F.);
#2645 = ORIENTED_EDGE('',*,*,#2517,.F.);
#2646 = ORIENTED_EDGE('',*,*,#458,.F.);
#2647 = ORIENTED_EDGE('',*,*,#2466,.T.);
#2648 = CYLINDRICAL_SURFACE('',#2649,2.);
#2649 = AXIS2_PLACEMENT_3D('',#2650,#2651,#2652);
#2650 = CARTESIAN_POINT('',(2.6,2.6,-1.));
#2651 = DIRECTION('',(0.,0.,1.));
#2652 = DIRECTION('',(1.,0.,0.));
#2653 = ADVANCED_FACE('',(#2654),#2660,.T.);
#2654 = FACE_BOUND('',#2655,.T.);
#2655 = EDGE_LOOP('',(#2656,#2657,#2658,#2659));
#2656 = ORIENTED_EDGE('',*,*,#2494,.T.);
#2657 = ORIENTED_EDGE('',*,*,#1716,.F.);
#2658 = ORIENTED_EDGE('',*,*,#2531,.F.);
#2659 = ORIENTED_EDGE('',*,*,#492,.T.);
#2660 = CYLINDRICAL_SURFACE('',#2661,3.2);
#2661 = AXIS2_PLACEMENT_3D('',#2662,#2663,#2664);
#2662 = CARTESIAN_POINT('',(2.6,2.6,0.));
#2663 = DIRECTION('',(0.,0.,1.));
#2664 = DIRECTION('',(1.,0.,0.));
#2665 = ADVANCED_FACE('',(#2666),#2672,.F.);
#2666 = FACE_BOUND('',#2667,.F.);
#2667 = EDGE_LOOP('',(#2668,#2669,#2670,#2671));
#2668 = ORIENTED_EDGE('',*,*,#755,.F.);
#2669 = ORIENTED_EDGE('',*,*,#2560,.F.);
#2670 = ORIENTED_EDGE('',*,*,#560,.F.);
#2671 = ORIENTED_EDGE('',*,*,#2510,.T.);
#2672 = CYLINDRICAL_SURFACE('',#2673,2.);
#2673 = AXIS2_PLACEMENT_3D('',#2674,#2675,#2676);
#2674 = CARTESIAN_POINT('',(2.6,49.4,-1.));
#2675 = DIRECTION('',(0.,0.,1.));
#2676 = DIRECTION('',(1.,0.,0.));
#2677 = ADVANCED_FACE('',(#2678),#2684,.T.);
#2678 = FACE_BOUND('',#2679,.T.);
#2679 = EDGE_LOOP('',(#2680,#2681,#2682,#2683));
#2680 = ORIENTED_EDGE('',*,*,#2538,.T.);
#2681 = ORIENTED_EDGE('',*,*,#1606,.F.);
#2682 = ORIENTED_EDGE('',*,*,#2576,.F.);
#2683 = ORIENTED_EDGE('',*,*,#594,.T.);
#2684 = CYLINDRICAL_SURFACE('',#2685,3.2);
#2685 = AXIS2_PLACEMENT_3D('',#2686,#2687,#2688);
#2686 = CARTESIAN_POINT('',(2.6,49.4,0.));
#2687 = DIRECTION('',(0.,0.,1.));
#2688 = DIRECTION('',(1.,0.,0.));
#2689 = ( GEOMETRIC_REPRESENTATION_CONTEXT(3) 
GLOBAL_UNCERTAINTY_ASSIGNED_CONTEXT((#2693)) 
GLOBAL_UNIT_ASSIGNED_CONTEXT((#2690,#2691,#2692)) REPRESENTATION_CONTEXT
('Context #1','3D Context with UNIT and UNCERTAINTY') );
#2690 = ( LENGTH_UNIT() NAMED_UNIT(*) SI_UNIT(.MILLI.,.METRE.) );
#2691 = ( NAMED_UNIT(*) PLANE_ANGLE_UNIT() SI_UNIT($,.RADIAN.) );
#2692 = ( NAMED_UNIT(*) SI_UNIT($,.STERADIAN.) SOLID_ANGLE_UNIT() );
#2693 = UNCERTAINTY_MEASURE_WITH_UNIT(LENGTH_MEASURE(2.E-04),#2690,
  'distance_accuracy_value','confusion accuracy');
#2694 = PRODUCT_RELATED_PRODUCT_CATEGORY('part',$,(#7));
ENDSEC;
END-ISO-10303-21;
