ISO-10303-21;
HEADER;
FILE_DESCRIPTION(('FreeCAD Model'),'2;1');
FILE_NAME('Open CASCADE Shape Model','2026-09-23T21:06:30',('FreeCAD'),(
    'FreeCAD'),'Open CASCADE STEP processor 7.8','FreeCAD','Unknown');
FILE_SCHEMA(('AUTOMOTIVE_DESIGN { 1 0 10303 214 1 1 1 1 }'));
ENDSEC;
DATA;
#1 = APPLICATION_PROTOCOL_DEFINITION('international standard',
  'automotive_design',2000,#2);
#2 = APPLICATION_CONTEXT(
  'core data for automotive mechanical design processes');
#3 = SHAPE_DEFINITION_REPRESENTATION(#4,#10);
#4 = PRODUCT_DEFINITION_SHAPE('','',#5);
#5 = PRODUCT_DEFINITION('design','',#6,#9);
#6 = PRODUCT_DEFINITION_FORMATION('','',#7);
#7 = PRODUCT('Open CASCADE STEP translator 7.8 2',
  'Open CASCADE STEP translator 7.8 2','',(#8));
#8 = PRODUCT_CONTEXT('',#2,'mechanical');
#9 = PRODUCT_DEFINITION_CONTEXT('part definition',#2,'design');
#10 = ADVANCED_BREP_SHAPE_REPRESENTATION('',(#11,#15),#3542);
#11 = AXIS2_PLACEMENT_3D('',#12,#13,#14);
#12 = CARTESIAN_POINT('',(0.,0.,0.));
#13 = DIRECTION('',(0.,0.,1.));
#14 = DIRECTION('',(1.,0.,-0.));
#15 = MANIFOLD_SOLID_BREP('',#16);
#16 = CLOSED_SHELL('',(#17,#57,#88,#128,#159,#201,#232,#263,#326,#359,
    #390,#453,#484,#524,#555,#586,#626,#659,#690,#740,#876,#900,#925,
    #981,#1012,#1066,#1091,#1115,#1157,#1179,#1242,#1266,#1288,#1300,
    #1379,#1389,#1420,#1451,#1482,#1506,#1530,#1609,#1640,#1726,#1757,
    #1788,#1819,#1836,#1858,#1889,#1920,#1942,#1954,#2001,#2032,#2056,
    #2087,#2111,#2135,#2168,#2192,#2216,#2249,#2280,#2311,#2342,#2366,
    #2397,#2421,#2477,#2494,#2534,#2565,#2612,#2636,#2661,#2686,#2717,
    #2766,#2783,#2814,#2836,#2848,#2881,#2912,#2943,#2985,#3007,#3195,
    #3227,#3251,#3268,#3292,#3314,#3336,#3353,#3385,#3417,#3442,#3458,
    #3476,#3492,#3504,#3517,#3529));
#17 = ADVANCED_FACE('',(#18),#52,.F.);
#18 = FACE_BOUND('',#19,.F.);
#19 = EDGE_LOOP('',(#20,#30,#38,#46));
#20 = ORIENTED_EDGE('',*,*,#21,.F.);
#21 = EDGE_CURVE('',#22,#24,#26,.T.);
#22 = VERTEX_POINT('',#23);
#23 = CARTESIAN_POINT('',(50.8,21.5,2.45));
#24 = VERTEX_POINT('',#25);
#25 = CARTESIAN_POINT('',(50.8,21.5,4.18));
#26 = LINE('',#27,#28);
#27 = CARTESIAN_POINT('',(50.8,21.5,2.45));
#28 = VECTOR('',#29,1.);
#29 = DIRECTION('',(0.,0.,1.));
#30 = ORIENTED_EDGE('',*,*,#31,.T.);
#31 = EDGE_CURVE('',#22,#32,#34,.T.);
#32 = VERTEX_POINT('',#33);
#33 = CARTESIAN_POINT('',(50.8,24.8,2.45));
#34 = LINE('',#35,#36);
#35 = CARTESIAN_POINT('',(50.8,21.5,2.45));
#36 = VECTOR('',#37,1.);
#37 = DIRECTION('',(0.,1.,0.));
#38 = ORIENTED_EDGE('',*,*,#39,.F.);
#39 = EDGE_CURVE('',#40,#32,#42,.T.);
#40 = VERTEX_POINT('',#41);
#41 = CARTESIAN_POINT('',(50.8,24.8,4.18));
#42 = LINE('',#43,#44);
#43 = CARTESIAN_POINT('',(50.8,24.8,1.89));
#44 = VECTOR('',#45,1.);
#45 = DIRECTION('',(0.,0.,-1.));
#46 = ORIENTED_EDGE('',*,*,#47,.F.);
#47 = EDGE_CURVE('',#24,#40,#48,.T.);
#48 = LINE('',#49,#50);
#49 = CARTESIAN_POINT('',(50.8,10.75,4.18));
#50 = VECTOR('',#51,1.);
#51 = DIRECTION('',(0.,1.,0.));
#52 = PLANE('',#53);
#53 = AXIS2_PLACEMENT_3D('',#54,#55,#56);
#54 = CARTESIAN_POINT('',(50.8,21.5,2.45));
#55 = DIRECTION('',(1.,0.,0.));
#56 = DIRECTION('',(0.,0.,1.));
#57 = ADVANCED_FACE('',(#58),#83,.T.);
#58 = FACE_BOUND('',#59,.T.);
#59 = EDGE_LOOP('',(#60,#68,#76,#82));
#60 = ORIENTED_EDGE('',*,*,#61,.F.);
#61 = EDGE_CURVE('',#62,#22,#64,.T.);
#62 = VERTEX_POINT('',#63);
#63 = CARTESIAN_POINT('',(50.2,21.5,2.45));
#64 = LINE('',#65,#66);
#65 = CARTESIAN_POINT('',(42.8,21.5,2.45));
#66 = VECTOR('',#67,1.);
#67 = DIRECTION('',(1.,0.,0.));
#68 = ORIENTED_EDGE('',*,*,#69,.T.);
#69 = EDGE_CURVE('',#62,#70,#72,.T.);
#70 = VERTEX_POINT('',#71);
#71 = CARTESIAN_POINT('',(50.2,21.5,4.18));
#72 = LINE('',#73,#74);
#73 = CARTESIAN_POINT('',(50.2,21.5,1.89));
#74 = VECTOR('',#75,1.);
#75 = DIRECTION('',(0.,0.,1.));
#76 = ORIENTED_EDGE('',*,*,#77,.F.);
#77 = EDGE_CURVE('',#24,#70,#78,.T.);
#78 = LINE('',#79,#80);
#79 = CARTESIAN_POINT('',(46.5,21.5,4.18));
#80 = VECTOR('',#81,1.);
#81 = DIRECTION('',(-1.,0.,0.));
#82 = ORIENTED_EDGE('',*,*,#21,.F.);
#83 = PLANE('',#84);
#84 = AXIS2_PLACEMENT_3D('',#85,#86,#87);
#85 = CARTESIAN_POINT('',(42.8,21.5,2.45));
#86 = DIRECTION('',(0.,1.,0.));
#87 = DIRECTION('',(0.,0.,1.));
#88 = ADVANCED_FACE('',(#89),#123,.F.);
#89 = FACE_BOUND('',#90,.F.);
#90 = EDGE_LOOP('',(#91,#101,#109,#117));
#91 = ORIENTED_EDGE('',*,*,#92,.T.);
#92 = EDGE_CURVE('',#93,#95,#97,.T.);
#93 = VERTEX_POINT('',#94);
#94 = CARTESIAN_POINT('',(69.5,4.2,1.33));
#95 = VERTEX_POINT('',#96);
#96 = CARTESIAN_POINT('',(69.5,4.2,4.18));
#97 = LINE('',#98,#99);
#98 = CARTESIAN_POINT('',(69.5,4.2,1.23));
#99 = VECTOR('',#100,1.);
#100 = DIRECTION('',(0.,0.,1.));
#101 = ORIENTED_EDGE('',*,*,#102,.F.);
#102 = EDGE_CURVE('',#103,#95,#105,.T.);
#103 = VERTEX_POINT('',#104);
#104 = CARTESIAN_POINT('',(69.5,0.,4.18));
#105 = LINE('',#106,#107);
#106 = CARTESIAN_POINT('',(69.5,12.95,4.18));
#107 = VECTOR('',#108,1.);
#108 = DIRECTION('',(0.,1.,0.));
#109 = ORIENTED_EDGE('',*,*,#110,.T.);
#110 = EDGE_CURVE('',#103,#111,#113,.T.);
#111 = VERTEX_POINT('',#112);
#112 = CARTESIAN_POINT('',(69.5,0.,1.33));
#113 = LINE('',#114,#115);
#114 = CARTESIAN_POINT('',(69.5,0.,1.28));
#115 = VECTOR('',#116,1.);
#116 = DIRECTION('',(0.,0.,-1.));
#117 = ORIENTED_EDGE('',*,*,#118,.T.);
#118 = EDGE_CURVE('',#111,#93,#119,.T.);
#119 = LINE('',#120,#121);
#120 = CARTESIAN_POINT('',(69.5,-5.E-02,1.33));
#121 = VECTOR('',#122,1.);
#122 = DIRECTION('',(0.,1.,0.));
#123 = PLANE('',#124);
#124 = AXIS2_PLACEMENT_3D('',#125,#126,#127);
#125 = CARTESIAN_POINT('',(69.5,-0.1,1.23));
#126 = DIRECTION('',(1.,0.,0.));
#127 = DIRECTION('',(0.,0.,1.));
#128 = ADVANCED_FACE('',(#129),#154,.F.);
#129 = FACE_BOUND('',#130,.F.);
#130 = EDGE_LOOP('',(#131,#132,#140,#148));
#131 = ORIENTED_EDGE('',*,*,#92,.F.);
#132 = ORIENTED_EDGE('',*,*,#133,.T.);
#133 = EDGE_CURVE('',#93,#134,#136,.T.);
#134 = VERTEX_POINT('',#135);
#135 = CARTESIAN_POINT('',(69.4,4.2,1.33));
#136 = LINE('',#137,#138);
#137 = CARTESIAN_POINT('',(62.95,4.2,1.33));
#138 = VECTOR('',#139,1.);
#139 = DIRECTION('',(-1.,0.,0.));
#140 = ORIENTED_EDGE('',*,*,#141,.T.);
#141 = EDGE_CURVE('',#134,#142,#144,.T.);
#142 = VERTEX_POINT('',#143);
#143 = CARTESIAN_POINT('',(69.4,4.2,4.18));
#144 = LINE('',#145,#146);
#145 = CARTESIAN_POINT('',(69.4,4.2,1.28));
#146 = VECTOR('',#147,1.);
#147 = DIRECTION('',(0.,0.,1.));
#148 = ORIENTED_EDGE('',*,*,#149,.F.);
#149 = EDGE_CURVE('',#95,#142,#150,.T.);
#150 = LINE('',#151,#152);
#151 = CARTESIAN_POINT('',(62.95,4.2,4.18));
#152 = VECTOR('',#153,1.);
#153 = DIRECTION('',(-1.,0.,0.));
#154 = PLANE('',#155);
#155 = AXIS2_PLACEMENT_3D('',#156,#157,#158);
#156 = CARTESIAN_POINT('',(56.5,4.2,1.23));
#157 = DIRECTION('',(0.,1.,0.));
#158 = DIRECTION('',(0.,0.,1.));
#159 = ADVANCED_FACE('',(#160),#196,.T.);
#160 = FACE_BOUND('',#161,.T.);
#161 = EDGE_LOOP('',(#162,#173,#181,#190));
#162 = ORIENTED_EDGE('',*,*,#163,.F.);
#163 = EDGE_CURVE('',#164,#166,#168,.T.);
#164 = VERTEX_POINT('',#165);
#165 = CARTESIAN_POINT('',(84.,50.,4.18));
#166 = VERTEX_POINT('',#167);
#167 = CARTESIAN_POINT('',(82.,52.,4.18));
#168 = CIRCLE('',#169,2.);
#169 = AXIS2_PLACEMENT_3D('',#170,#171,#172);
#170 = CARTESIAN_POINT('',(82.,50.,4.18));
#171 = DIRECTION('',(0.,0.,1.));
#172 = DIRECTION('',(1.,0.,0.));
#173 = ORIENTED_EDGE('',*,*,#174,.F.);
#174 = EDGE_CURVE('',#175,#164,#177,.T.);
#175 = VERTEX_POINT('',#176);
#176 = CARTESIAN_POINT('',(84.,50.,1.33));
#177 = LINE('',#178,#179);
#178 = CARTESIAN_POINT('',(84.,50.,1.33));
#179 = VECTOR('',#180,1.);
#180 = DIRECTION('',(0.,0.,1.));
#181 = ORIENTED_EDGE('',*,*,#182,.T.);
#182 = EDGE_CURVE('',#175,#183,#185,.T.);
#183 = VERTEX_POINT('',#184);
#184 = CARTESIAN_POINT('',(82.,52.,1.33));
#185 = CIRCLE('',#186,2.);
#186 = AXIS2_PLACEMENT_3D('',#187,#188,#189);
#187 = CARTESIAN_POINT('',(82.,50.,1.33));
#188 = DIRECTION('',(0.,0.,1.));
#189 = DIRECTION('',(1.,0.,0.));
#190 = ORIENTED_EDGE('',*,*,#191,.T.);
#191 = EDGE_CURVE('',#183,#166,#192,.T.);
#192 = LINE('',#193,#194);
#193 = CARTESIAN_POINT('',(82.,52.,1.33));
#194 = VECTOR('',#195,1.);
#195 = DIRECTION('',(0.,0.,1.));
#196 = CYLINDRICAL_SURFACE('',#197,2.);
#197 = AXIS2_PLACEMENT_3D('',#198,#199,#200);
#198 = CARTESIAN_POINT('',(82.,50.,1.33));
#199 = DIRECTION('',(0.,0.,1.));
#200 = DIRECTION('',(1.,0.,0.));
#201 = ADVANCED_FACE('',(#202),#227,.T.);
#202 = FACE_BOUND('',#203,.T.);
#203 = EDGE_LOOP('',(#204,#214,#220,#221));
#204 = ORIENTED_EDGE('',*,*,#205,.F.);
#205 = EDGE_CURVE('',#206,#208,#210,.T.);
#206 = VERTEX_POINT('',#207);
#207 = CARTESIAN_POINT('',(84.,22.1,1.33));
#208 = VERTEX_POINT('',#209);
#209 = CARTESIAN_POINT('',(84.,22.1,4.18));
#210 = LINE('',#211,#212);
#211 = CARTESIAN_POINT('',(84.,22.1,0.615));
#212 = VECTOR('',#213,1.);
#213 = DIRECTION('',(0.,0.,1.));
#214 = ORIENTED_EDGE('',*,*,#215,.T.);
#215 = EDGE_CURVE('',#206,#175,#216,.T.);
#216 = LINE('',#217,#218);
#217 = CARTESIAN_POINT('',(84.,2.,1.33));
#218 = VECTOR('',#219,1.);
#219 = DIRECTION('',(0.,1.,0.));
#220 = ORIENTED_EDGE('',*,*,#174,.T.);
#221 = ORIENTED_EDGE('',*,*,#222,.F.);
#222 = EDGE_CURVE('',#208,#164,#223,.T.);
#223 = LINE('',#224,#225);
#224 = CARTESIAN_POINT('',(84.,2.,4.18));
#225 = VECTOR('',#226,1.);
#226 = DIRECTION('',(0.,1.,0.));
#227 = PLANE('',#228);
#228 = AXIS2_PLACEMENT_3D('',#229,#230,#231);
#229 = CARTESIAN_POINT('',(84.,2.,1.33));
#230 = DIRECTION('',(1.,0.,0.));
#231 = DIRECTION('',(0.,0.,1.));
#232 = ADVANCED_FACE('',(#233),#258,.F.);
#233 = FACE_BOUND('',#234,.F.);
#234 = EDGE_LOOP('',(#235,#243,#244,#252));
#235 = ORIENTED_EDGE('',*,*,#236,.F.);
#236 = EDGE_CURVE('',#208,#237,#239,.T.);
#237 = VERTEX_POINT('',#238);
#238 = CARTESIAN_POINT('',(83.,22.1,4.18));
#239 = LINE('',#240,#241);
#240 = CARTESIAN_POINT('',(59.325,22.1,4.18));
#241 = VECTOR('',#242,1.);
#242 = DIRECTION('',(-1.,0.,0.));
#243 = ORIENTED_EDGE('',*,*,#205,.F.);
#244 = ORIENTED_EDGE('',*,*,#245,.F.);
#245 = EDGE_CURVE('',#246,#206,#248,.T.);
#246 = VERTEX_POINT('',#247);
#247 = CARTESIAN_POINT('',(83.,22.1,1.33));
#248 = LINE('',#249,#250);
#249 = CARTESIAN_POINT('',(59.325,22.1,1.33));
#250 = VECTOR('',#251,1.);
#251 = DIRECTION('',(1.,0.,0.));
#252 = ORIENTED_EDGE('',*,*,#253,.T.);
#253 = EDGE_CURVE('',#246,#237,#254,.T.);
#254 = LINE('',#255,#256);
#255 = CARTESIAN_POINT('',(83.,22.1,0.565));
#256 = VECTOR('',#257,1.);
#257 = DIRECTION('',(0.,0.,1.));
#258 = PLANE('',#259);
#259 = AXIS2_PLACEMENT_3D('',#260,#261,#262);
#260 = CARTESIAN_POINT('',(76.65,22.1,-0.1));
#261 = DIRECTION('',(0.,1.,0.));
#262 = DIRECTION('',(0.,0.,1.));
#263 = ADVANCED_FACE('',(#264),#321,.F.);
#264 = FACE_BOUND('',#265,.F.);
#265 = EDGE_LOOP('',(#266,#267,#275,#283,#291,#299,#307,#315));
#266 = ORIENTED_EDGE('',*,*,#253,.F.);
#267 = ORIENTED_EDGE('',*,*,#268,.F.);
#268 = EDGE_CURVE('',#269,#246,#271,.T.);
#269 = VERTEX_POINT('',#270);
#270 = CARTESIAN_POINT('',(83.,50.,1.33));
#271 = LINE('',#272,#273);
#272 = CARTESIAN_POINT('',(83.,14.,1.33));
#273 = VECTOR('',#274,1.);
#274 = DIRECTION('',(0.,-1.,0.));
#275 = ORIENTED_EDGE('',*,*,#276,.T.);
#276 = EDGE_CURVE('',#269,#277,#279,.T.);
#277 = VERTEX_POINT('',#278);
#278 = CARTESIAN_POINT('',(83.,50.,4.18));
#279 = LINE('',#280,#281);
#280 = CARTESIAN_POINT('',(83.,50.,1.23));
#281 = VECTOR('',#282,1.);
#282 = DIRECTION('',(0.,0.,1.));
#283 = ORIENTED_EDGE('',*,*,#284,.F.);
#284 = EDGE_CURVE('',#285,#277,#287,.T.);
#285 = VERTEX_POINT('',#286);
#286 = CARTESIAN_POINT('',(83.,24.8,4.18));
#287 = LINE('',#288,#289);
#288 = CARTESIAN_POINT('',(83.,14.,4.18));
#289 = VECTOR('',#290,1.);
#290 = DIRECTION('',(0.,1.,0.));
#291 = ORIENTED_EDGE('',*,*,#292,.F.);
#292 = EDGE_CURVE('',#293,#285,#295,.T.);
#293 = VERTEX_POINT('',#294);
#294 = CARTESIAN_POINT('',(83.,24.8,3.18));
#295 = LINE('',#296,#297);
#296 = CARTESIAN_POINT('',(83.,24.8,3.18));
#297 = VECTOR('',#298,1.);
#298 = DIRECTION('',(0.,0.,1.));
#299 = ORIENTED_EDGE('',*,*,#300,.F.);
#300 = EDGE_CURVE('',#301,#293,#303,.T.);
#301 = VERTEX_POINT('',#302);
#302 = CARTESIAN_POINT('',(83.,23.8,3.18));
#303 = LINE('',#304,#305);
#304 = CARTESIAN_POINT('',(83.,23.8,3.18));
#305 = VECTOR('',#306,1.);
#306 = DIRECTION('',(0.,1.,0.));
#307 = ORIENTED_EDGE('',*,*,#308,.T.);
#308 = EDGE_CURVE('',#301,#309,#311,.T.);
#309 = VERTEX_POINT('',#310);
#310 = CARTESIAN_POINT('',(83.,23.8,4.18));
#311 = LINE('',#312,#313);
#312 = CARTESIAN_POINT('',(83.,23.8,3.18));
#313 = VECTOR('',#314,1.);
#314 = DIRECTION('',(0.,0.,1.));
#315 = ORIENTED_EDGE('',*,*,#316,.F.);
#316 = EDGE_CURVE('',#237,#309,#317,.T.);
#317 = LINE('',#318,#319);
#318 = CARTESIAN_POINT('',(83.,14.,4.18));
#319 = VECTOR('',#320,1.);
#320 = DIRECTION('',(0.,1.,0.));
#321 = PLANE('',#322);
#322 = AXIS2_PLACEMENT_3D('',#323,#324,#325);
#323 = CARTESIAN_POINT('',(83.,2.,1.23));
#324 = DIRECTION('',(1.,0.,0.));
#325 = DIRECTION('',(0.,0.,1.));
#326 = ADVANCED_FACE('',(#327),#354,.F.);
#327 = FACE_BOUND('',#328,.F.);
#328 = EDGE_LOOP('',(#329,#338,#339,#348));
#329 = ORIENTED_EDGE('',*,*,#330,.F.);
#330 = EDGE_CURVE('',#277,#331,#333,.T.);
#331 = VERTEX_POINT('',#332);
#332 = CARTESIAN_POINT('',(82.,51.,4.18));
#333 = CIRCLE('',#334,1.);
#334 = AXIS2_PLACEMENT_3D('',#335,#336,#337);
#335 = CARTESIAN_POINT('',(82.,50.,4.18));
#336 = DIRECTION('',(0.,0.,1.));
#337 = DIRECTION('',(1.,0.,0.));
#338 = ORIENTED_EDGE('',*,*,#276,.F.);
#339 = ORIENTED_EDGE('',*,*,#340,.T.);
#340 = EDGE_CURVE('',#269,#341,#343,.T.);
#341 = VERTEX_POINT('',#342);
#342 = CARTESIAN_POINT('',(82.,51.,1.33));
#343 = CIRCLE('',#344,1.);
#344 = AXIS2_PLACEMENT_3D('',#345,#346,#347);
#345 = CARTESIAN_POINT('',(82.,50.,1.33));
#346 = DIRECTION('',(0.,0.,1.));
#347 = DIRECTION('',(1.,0.,0.));
#348 = ORIENTED_EDGE('',*,*,#349,.T.);
#349 = EDGE_CURVE('',#341,#331,#350,.T.);
#350 = LINE('',#351,#352);
#351 = CARTESIAN_POINT('',(82.,51.,1.23));
#352 = VECTOR('',#353,1.);
#353 = DIRECTION('',(0.,0.,1.));
#354 = CYLINDRICAL_SURFACE('',#355,1.);
#355 = AXIS2_PLACEMENT_3D('',#356,#357,#358);
#356 = CARTESIAN_POINT('',(82.,50.,1.23));
#357 = DIRECTION('',(0.,0.,1.));
#358 = DIRECTION('',(1.,0.,0.));
#359 = ADVANCED_FACE('',(#360),#385,.F.);
#360 = FACE_BOUND('',#361,.F.);
#361 = EDGE_LOOP('',(#362,#370,#378,#384));
#362 = ORIENTED_EDGE('',*,*,#363,.F.);
#363 = EDGE_CURVE('',#364,#341,#366,.T.);
#364 = VERTEX_POINT('',#365);
#365 = CARTESIAN_POINT('',(60.,51.,1.33));
#366 = LINE('',#367,#368);
#367 = CARTESIAN_POINT('',(22.,51.,1.33));
#368 = VECTOR('',#369,1.);
#369 = DIRECTION('',(1.,0.,0.));
#370 = ORIENTED_EDGE('',*,*,#371,.F.);
#371 = EDGE_CURVE('',#372,#364,#374,.T.);
#372 = VERTEX_POINT('',#373);
#373 = CARTESIAN_POINT('',(60.,51.,4.18));
#374 = LINE('',#375,#376);
#375 = CARTESIAN_POINT('',(60.,51.,1.28));
#376 = VECTOR('',#377,1.);
#377 = DIRECTION('',(0.,0.,-1.));
#378 = ORIENTED_EDGE('',*,*,#379,.F.);
#379 = EDGE_CURVE('',#331,#372,#380,.T.);
#380 = LINE('',#381,#382);
#381 = CARTESIAN_POINT('',(22.,51.,4.18));
#382 = VECTOR('',#383,1.);
#383 = DIRECTION('',(-1.,0.,0.));
#384 = ORIENTED_EDGE('',*,*,#349,.F.);
#385 = PLANE('',#386);
#386 = AXIS2_PLACEMENT_3D('',#387,#388,#389);
#387 = CARTESIAN_POINT('',(2.,51.,1.23));
#388 = DIRECTION('',(0.,1.,0.));
#389 = DIRECTION('',(0.,0.,1.));
#390 = ADVANCED_FACE('',(#391),#448,.T.);
#391 = FACE_BOUND('',#392,.T.);
#392 = EDGE_LOOP('',(#393,#403,#411,#417,#418,#426,#434,#442));
#393 = ORIENTED_EDGE('',*,*,#394,.F.);
#394 = EDGE_CURVE('',#395,#397,#399,.T.);
#395 = VERTEX_POINT('',#396);
#396 = CARTESIAN_POINT('',(60.,19.,4.18));
#397 = VERTEX_POINT('',#398);
#398 = CARTESIAN_POINT('',(60.,23.8,4.18));
#399 = LINE('',#400,#401);
#400 = CARTESIAN_POINT('',(60.,19.,4.18));
#401 = VECTOR('',#402,1.);
#402 = DIRECTION('',(0.,1.,0.));
#403 = ORIENTED_EDGE('',*,*,#404,.F.);
#404 = EDGE_CURVE('',#405,#395,#407,.T.);
#405 = VERTEX_POINT('',#406);
#406 = CARTESIAN_POINT('',(60.,19.,1.33));
#407 = LINE('',#408,#409);
#408 = CARTESIAN_POINT('',(60.,19.,1.33));
#409 = VECTOR('',#410,1.);
#410 = DIRECTION('',(0.,0.,1.));
#411 = ORIENTED_EDGE('',*,*,#412,.T.);
#412 = EDGE_CURVE('',#405,#364,#413,.T.);
#413 = LINE('',#414,#415);
#414 = CARTESIAN_POINT('',(60.,19.,1.33));
#415 = VECTOR('',#416,1.);
#416 = DIRECTION('',(0.,1.,0.));
#417 = ORIENTED_EDGE('',*,*,#371,.F.);
#418 = ORIENTED_EDGE('',*,*,#419,.F.);
#419 = EDGE_CURVE('',#420,#372,#422,.T.);
#420 = VERTEX_POINT('',#421);
#421 = CARTESIAN_POINT('',(60.,24.8,4.18));
#422 = LINE('',#423,#424);
#423 = CARTESIAN_POINT('',(60.,19.,4.18));
#424 = VECTOR('',#425,1.);
#425 = DIRECTION('',(0.,1.,0.));
#426 = ORIENTED_EDGE('',*,*,#427,.F.);
#427 = EDGE_CURVE('',#428,#420,#430,.T.);
#428 = VERTEX_POINT('',#429);
#429 = CARTESIAN_POINT('',(60.,24.8,3.18));
#430 = LINE('',#431,#432);
#431 = CARTESIAN_POINT('',(60.,24.8,2.255));
#432 = VECTOR('',#433,1.);
#433 = DIRECTION('',(0.,0.,1.));
#434 = ORIENTED_EDGE('',*,*,#435,.T.);
#435 = EDGE_CURVE('',#428,#436,#438,.T.);
#436 = VERTEX_POINT('',#437);
#437 = CARTESIAN_POINT('',(60.,23.8,3.18));
#438 = LINE('',#439,#440);
#439 = CARTESIAN_POINT('',(60.,21.4,3.18));
#440 = VECTOR('',#441,1.);
#441 = DIRECTION('',(0.,-1.,0.));
#442 = ORIENTED_EDGE('',*,*,#443,.T.);
#443 = EDGE_CURVE('',#436,#397,#444,.T.);
#444 = LINE('',#445,#446);
#445 = CARTESIAN_POINT('',(60.,23.8,2.255));
#446 = VECTOR('',#447,1.);
#447 = DIRECTION('',(0.,0.,1.));
#448 = PLANE('',#449);
#449 = AXIS2_PLACEMENT_3D('',#450,#451,#452);
#450 = CARTESIAN_POINT('',(60.,19.,1.33));
#451 = DIRECTION('',(1.,0.,0.));
#452 = DIRECTION('',(0.,0.,1.));
#453 = ADVANCED_FACE('',(#454),#479,.F.);
#454 = FACE_BOUND('',#455,.F.);
#455 = EDGE_LOOP('',(#456,#464,#472,#478));
#456 = ORIENTED_EDGE('',*,*,#457,.F.);
#457 = EDGE_CURVE('',#458,#405,#460,.T.);
#458 = VERTEX_POINT('',#459);
#459 = CARTESIAN_POINT('',(59.,19.,1.33));
#460 = LINE('',#461,#462);
#461 = CARTESIAN_POINT('',(59.,19.,1.33));
#462 = VECTOR('',#463,1.);
#463 = DIRECTION('',(1.,0.,0.));
#464 = ORIENTED_EDGE('',*,*,#465,.T.);
#465 = EDGE_CURVE('',#458,#466,#468,.T.);
#466 = VERTEX_POINT('',#467);
#467 = CARTESIAN_POINT('',(59.,19.,4.18));
#468 = LINE('',#469,#470);
#469 = CARTESIAN_POINT('',(59.,19.,1.33));
#470 = VECTOR('',#471,1.);
#471 = DIRECTION('',(0.,0.,1.));
#472 = ORIENTED_EDGE('',*,*,#473,.T.);
#473 = EDGE_CURVE('',#466,#395,#474,.T.);
#474 = LINE('',#475,#476);
#475 = CARTESIAN_POINT('',(59.,19.,4.18));
#476 = VECTOR('',#477,1.);
#477 = DIRECTION('',(1.,0.,0.));
#478 = ORIENTED_EDGE('',*,*,#404,.F.);
#479 = PLANE('',#480);
#480 = AXIS2_PLACEMENT_3D('',#481,#482,#483);
#481 = CARTESIAN_POINT('',(59.,19.,1.33));
#482 = DIRECTION('',(0.,1.,0.));
#483 = DIRECTION('',(0.,0.,1.));
#484 = ADVANCED_FACE('',(#485),#519,.F.);
#485 = FACE_BOUND('',#486,.F.);
#486 = EDGE_LOOP('',(#487,#497,#505,#513));
#487 = ORIENTED_EDGE('',*,*,#488,.F.);
#488 = EDGE_CURVE('',#489,#491,#493,.T.);
#489 = VERTEX_POINT('',#490);
#490 = CARTESIAN_POINT('',(44.4,51.,1.33));
#491 = VERTEX_POINT('',#492);
#492 = CARTESIAN_POINT('',(59.,51.,1.33));
#493 = LINE('',#494,#495);
#494 = CARTESIAN_POINT('',(22.,51.,1.33));
#495 = VECTOR('',#496,1.);
#496 = DIRECTION('',(1.,0.,0.));
#497 = ORIENTED_EDGE('',*,*,#498,.F.);
#498 = EDGE_CURVE('',#499,#489,#501,.T.);
#499 = VERTEX_POINT('',#500);
#500 = CARTESIAN_POINT('',(44.4,51.,4.18));
#501 = LINE('',#502,#503);
#502 = CARTESIAN_POINT('',(44.4,51.,1.28));
#503 = VECTOR('',#504,1.);
#504 = DIRECTION('',(0.,0.,-1.));
#505 = ORIENTED_EDGE('',*,*,#506,.F.);
#506 = EDGE_CURVE('',#507,#499,#509,.T.);
#507 = VERTEX_POINT('',#508);
#508 = CARTESIAN_POINT('',(59.,51.,4.18));
#509 = LINE('',#510,#511);
#510 = CARTESIAN_POINT('',(22.,51.,4.18));
#511 = VECTOR('',#512,1.);
#512 = DIRECTION('',(-1.,0.,0.));
#513 = ORIENTED_EDGE('',*,*,#514,.T.);
#514 = EDGE_CURVE('',#507,#491,#515,.T.);
#515 = LINE('',#516,#517);
#516 = CARTESIAN_POINT('',(59.,51.,1.28));
#517 = VECTOR('',#518,1.);
#518 = DIRECTION('',(0.,0.,-1.));
#519 = PLANE('',#520);
#520 = AXIS2_PLACEMENT_3D('',#521,#522,#523);
#521 = CARTESIAN_POINT('',(2.,51.,1.23));
#522 = DIRECTION('',(0.,1.,0.));
#523 = DIRECTION('',(0.,0.,1.));
#524 = ADVANCED_FACE('',(#525),#550,.T.);
#525 = FACE_BOUND('',#526,.T.);
#526 = EDGE_LOOP('',(#527,#535,#543,#549));
#527 = ORIENTED_EDGE('',*,*,#528,.F.);
#528 = EDGE_CURVE('',#529,#499,#531,.T.);
#529 = VERTEX_POINT('',#530);
#530 = CARTESIAN_POINT('',(44.4,44.,4.18));
#531 = LINE('',#532,#533);
#532 = CARTESIAN_POINT('',(44.4,44.,4.18));
#533 = VECTOR('',#534,1.);
#534 = DIRECTION('',(0.,1.,0.));
#535 = ORIENTED_EDGE('',*,*,#536,.F.);
#536 = EDGE_CURVE('',#537,#529,#539,.T.);
#537 = VERTEX_POINT('',#538);
#538 = CARTESIAN_POINT('',(44.4,44.,1.33));
#539 = LINE('',#540,#541);
#540 = CARTESIAN_POINT('',(44.4,44.,1.33));
#541 = VECTOR('',#542,1.);
#542 = DIRECTION('',(0.,0.,1.));
#543 = ORIENTED_EDGE('',*,*,#544,.T.);
#544 = EDGE_CURVE('',#537,#489,#545,.T.);
#545 = LINE('',#546,#547);
#546 = CARTESIAN_POINT('',(44.4,44.,1.33));
#547 = VECTOR('',#548,1.);
#548 = DIRECTION('',(0.,1.,0.));
#549 = ORIENTED_EDGE('',*,*,#498,.F.);
#550 = PLANE('',#551);
#551 = AXIS2_PLACEMENT_3D('',#552,#553,#554);
#552 = CARTESIAN_POINT('',(44.4,44.,1.33));
#553 = DIRECTION('',(1.,0.,0.));
#554 = DIRECTION('',(0.,0.,1.));
#555 = ADVANCED_FACE('',(#556),#581,.F.);
#556 = FACE_BOUND('',#557,.F.);
#557 = EDGE_LOOP('',(#558,#566,#574,#580));
#558 = ORIENTED_EDGE('',*,*,#559,.F.);
#559 = EDGE_CURVE('',#560,#537,#562,.T.);
#560 = VERTEX_POINT('',#561);
#561 = CARTESIAN_POINT('',(43.4,44.,1.33));
#562 = LINE('',#563,#564);
#563 = CARTESIAN_POINT('',(43.4,44.,1.33));
#564 = VECTOR('',#565,1.);
#565 = DIRECTION('',(1.,0.,0.));
#566 = ORIENTED_EDGE('',*,*,#567,.T.);
#567 = EDGE_CURVE('',#560,#568,#570,.T.);
#568 = VERTEX_POINT('',#569);
#569 = CARTESIAN_POINT('',(43.4,44.,4.18));
#570 = LINE('',#571,#572);
#571 = CARTESIAN_POINT('',(43.4,44.,1.33));
#572 = VECTOR('',#573,1.);
#573 = DIRECTION('',(0.,0.,1.));
#574 = ORIENTED_EDGE('',*,*,#575,.T.);
#575 = EDGE_CURVE('',#568,#529,#576,.T.);
#576 = LINE('',#577,#578);
#577 = CARTESIAN_POINT('',(43.4,44.,4.18));
#578 = VECTOR('',#579,1.);
#579 = DIRECTION('',(1.,0.,0.));
#580 = ORIENTED_EDGE('',*,*,#536,.F.);
#581 = PLANE('',#582);
#582 = AXIS2_PLACEMENT_3D('',#583,#584,#585);
#583 = CARTESIAN_POINT('',(43.4,44.,1.33));
#584 = DIRECTION('',(0.,1.,0.));
#585 = DIRECTION('',(0.,0.,1.));
#586 = ADVANCED_FACE('',(#587),#621,.F.);
#587 = FACE_BOUND('',#588,.F.);
#588 = EDGE_LOOP('',(#589,#599,#607,#615));
#589 = ORIENTED_EDGE('',*,*,#590,.F.);
#590 = EDGE_CURVE('',#591,#593,#595,.T.);
#591 = VERTEX_POINT('',#592);
#592 = CARTESIAN_POINT('',(2.,51.,1.33));
#593 = VERTEX_POINT('',#594);
#594 = CARTESIAN_POINT('',(43.4,51.,1.33));
#595 = LINE('',#596,#597);
#596 = CARTESIAN_POINT('',(22.,51.,1.33));
#597 = VECTOR('',#598,1.);
#598 = DIRECTION('',(1.,0.,0.));
#599 = ORIENTED_EDGE('',*,*,#600,.T.);
#600 = EDGE_CURVE('',#591,#601,#603,.T.);
#601 = VERTEX_POINT('',#602);
#602 = CARTESIAN_POINT('',(2.,51.,4.18));
#603 = LINE('',#604,#605);
#604 = CARTESIAN_POINT('',(2.,51.,1.23));
#605 = VECTOR('',#606,1.);
#606 = DIRECTION('',(0.,0.,1.));
#607 = ORIENTED_EDGE('',*,*,#608,.F.);
#608 = EDGE_CURVE('',#609,#601,#611,.T.);
#609 = VERTEX_POINT('',#610);
#610 = CARTESIAN_POINT('',(43.4,51.,4.18));
#611 = LINE('',#612,#613);
#612 = CARTESIAN_POINT('',(22.,51.,4.18));
#613 = VECTOR('',#614,1.);
#614 = DIRECTION('',(-1.,0.,0.));
#615 = ORIENTED_EDGE('',*,*,#616,.T.);
#616 = EDGE_CURVE('',#609,#593,#617,.T.);
#617 = LINE('',#618,#619);
#618 = CARTESIAN_POINT('',(43.4,51.,1.28));
#619 = VECTOR('',#620,1.);
#620 = DIRECTION('',(0.,0.,-1.));
#621 = PLANE('',#622);
#622 = AXIS2_PLACEMENT_3D('',#623,#624,#625);
#623 = CARTESIAN_POINT('',(2.,51.,1.23));
#624 = DIRECTION('',(0.,1.,0.));
#625 = DIRECTION('',(0.,0.,1.));
#626 = ADVANCED_FACE('',(#627),#654,.F.);
#627 = FACE_BOUND('',#628,.F.);
#628 = EDGE_LOOP('',(#629,#638,#639,#648));
#629 = ORIENTED_EDGE('',*,*,#630,.F.);
#630 = EDGE_CURVE('',#601,#631,#633,.T.);
#631 = VERTEX_POINT('',#632);
#632 = CARTESIAN_POINT('',(1.,50.,4.18));
#633 = CIRCLE('',#634,1.);
#634 = AXIS2_PLACEMENT_3D('',#635,#636,#637);
#635 = CARTESIAN_POINT('',(2.,50.,4.18));
#636 = DIRECTION('',(0.,0.,1.));
#637 = DIRECTION('',(1.,0.,0.));
#638 = ORIENTED_EDGE('',*,*,#600,.F.);
#639 = ORIENTED_EDGE('',*,*,#640,.T.);
#640 = EDGE_CURVE('',#591,#641,#643,.T.);
#641 = VERTEX_POINT('',#642);
#642 = CARTESIAN_POINT('',(1.,50.,1.33));
#643 = CIRCLE('',#644,1.);
#644 = AXIS2_PLACEMENT_3D('',#645,#646,#647);
#645 = CARTESIAN_POINT('',(2.,50.,1.33));
#646 = DIRECTION('',(0.,0.,1.));
#647 = DIRECTION('',(1.,0.,0.));
#648 = ORIENTED_EDGE('',*,*,#649,.T.);
#649 = EDGE_CURVE('',#641,#631,#650,.T.);
#650 = LINE('',#651,#652);
#651 = CARTESIAN_POINT('',(1.,50.,1.23));
#652 = VECTOR('',#653,1.);
#653 = DIRECTION('',(0.,0.,1.));
#654 = CYLINDRICAL_SURFACE('',#655,1.);
#655 = AXIS2_PLACEMENT_3D('',#656,#657,#658);
#656 = CARTESIAN_POINT('',(2.,50.,1.23));
#657 = DIRECTION('',(0.,0.,1.));
#658 = DIRECTION('',(1.,0.,0.));
#659 = ADVANCED_FACE('',(#660),#685,.T.);
#660 = FACE_BOUND('',#661,.T.);
#661 = EDGE_LOOP('',(#662,#672,#678,#679));
#662 = ORIENTED_EDGE('',*,*,#663,.F.);
#663 = EDGE_CURVE('',#664,#666,#668,.T.);
#664 = VERTEX_POINT('',#665);
#665 = CARTESIAN_POINT('',(1.,17.032050807569,1.33));
#666 = VERTEX_POINT('',#667);
#667 = CARTESIAN_POINT('',(1.,17.032050807569,4.18));
#668 = LINE('',#669,#670);
#669 = CARTESIAN_POINT('',(1.,17.032050807569,0.31));
#670 = VECTOR('',#671,1.);
#671 = DIRECTION('',(0.,0.,1.));
#672 = ORIENTED_EDGE('',*,*,#673,.F.);
#673 = EDGE_CURVE('',#641,#664,#674,.T.);
#674 = LINE('',#675,#676);
#675 = CARTESIAN_POINT('',(1.,14.,1.33));
#676 = VECTOR('',#677,1.);
#677 = DIRECTION('',(0.,-1.,0.));
#678 = ORIENTED_EDGE('',*,*,#649,.T.);
#679 = ORIENTED_EDGE('',*,*,#680,.F.);
#680 = EDGE_CURVE('',#666,#631,#681,.T.);
#681 = LINE('',#682,#683);
#682 = CARTESIAN_POINT('',(1.,14.,4.18));
#683 = VECTOR('',#684,1.);
#684 = DIRECTION('',(0.,1.,0.));
#685 = PLANE('',#686);
#686 = AXIS2_PLACEMENT_3D('',#687,#688,#689);
#687 = CARTESIAN_POINT('',(1.,2.,1.23));
#688 = DIRECTION('',(1.,0.,0.));
#689 = DIRECTION('',(0.,0.,1.));
#690 = ADVANCED_FACE('',(#691),#735,.T.);
#691 = FACE_BOUND('',#692,.T.);
#692 = EDGE_LOOP('',(#693,#702,#710,#719,#727,#734));
#693 = ORIENTED_EDGE('',*,*,#694,.F.);
#694 = EDGE_CURVE('',#695,#666,#697,.T.);
#695 = VERTEX_POINT('',#696);
#696 = CARTESIAN_POINT('',(2.,17.3,4.18));
#697 = CIRCLE('',#698,2.);
#698 = AXIS2_PLACEMENT_3D('',#699,#700,#701);
#699 = CARTESIAN_POINT('',(2.,15.3,4.18));
#700 = DIRECTION('',(0.,0.,1.));
#701 = DIRECTION('',(1.,0.,0.));
#702 = ORIENTED_EDGE('',*,*,#703,.F.);
#703 = EDGE_CURVE('',#704,#695,#706,.T.);
#704 = VERTEX_POINT('',#705);
#705 = CARTESIAN_POINT('',(2.,17.3,0.31));
#706 = LINE('',#707,#708);
#707 = CARTESIAN_POINT('',(2.,17.3,0.31));
#708 = VECTOR('',#709,1.);
#709 = DIRECTION('',(0.,0.,1.));
#710 = ORIENTED_EDGE('',*,*,#711,.T.);
#711 = EDGE_CURVE('',#704,#712,#714,.T.);
#712 = VERTEX_POINT('',#713);
#713 = CARTESIAN_POINT('',(0.,15.3,0.31));
#714 = CIRCLE('',#715,2.);
#715 = AXIS2_PLACEMENT_3D('',#716,#717,#718);
#716 = CARTESIAN_POINT('',(2.,15.3,0.31));
#717 = DIRECTION('',(0.,0.,1.));
#718 = DIRECTION('',(1.,0.,0.));
#719 = ORIENTED_EDGE('',*,*,#720,.T.);
#720 = EDGE_CURVE('',#712,#721,#723,.T.);
#721 = VERTEX_POINT('',#722);
#722 = CARTESIAN_POINT('',(0.,15.3,1.33));
#723 = LINE('',#724,#725);
#724 = CARTESIAN_POINT('',(0.,15.3,0.31));
#725 = VECTOR('',#726,1.);
#726 = DIRECTION('',(0.,0.,1.));
#727 = ORIENTED_EDGE('',*,*,#728,.F.);
#728 = EDGE_CURVE('',#664,#721,#729,.T.);
#729 = CIRCLE('',#730,2.);
#730 = AXIS2_PLACEMENT_3D('',#731,#732,#733);
#731 = CARTESIAN_POINT('',(2.,15.3,1.33));
#732 = DIRECTION('',(0.,0.,1.));
#733 = DIRECTION('',(1.,0.,0.));
#734 = ORIENTED_EDGE('',*,*,#663,.T.);
#735 = CYLINDRICAL_SURFACE('',#736,2.);
#736 = AXIS2_PLACEMENT_3D('',#737,#738,#739);
#737 = CARTESIAN_POINT('',(2.,15.3,0.31));
#738 = DIRECTION('',(0.,0.,1.));
#739 = DIRECTION('',(1.,0.,0.));
#740 = ADVANCED_FACE('',(#741,#801),#871,.T.);
#741 = FACE_BOUND('',#742,.T.);
#742 = EDGE_LOOP('',(#743,#754,#760,#761,#769,#778,#786,#795));
#743 = ORIENTED_EDGE('',*,*,#744,.F.);
#744 = EDGE_CURVE('',#745,#747,#749,.T.);
#745 = VERTEX_POINT('',#746);
#746 = CARTESIAN_POINT('',(0.,2.,0.31));
#747 = VERTEX_POINT('',#748);
#748 = CARTESIAN_POINT('',(2.,0.,0.31));
#749 = CIRCLE('',#750,2.);
#750 = AXIS2_PLACEMENT_3D('',#751,#752,#753);
#751 = CARTESIAN_POINT('',(2.,2.,0.31));
#752 = DIRECTION('',(0.,0.,1.));
#753 = DIRECTION('',(1.,0.,0.));
#754 = ORIENTED_EDGE('',*,*,#755,.T.);
#755 = EDGE_CURVE('',#745,#712,#756,.T.);
#756 = LINE('',#757,#758);
#757 = CARTESIAN_POINT('',(0.,2.,0.31));
#758 = VECTOR('',#759,1.);
#759 = DIRECTION('',(0.,1.,0.));
#760 = ORIENTED_EDGE('',*,*,#711,.F.);
#761 = ORIENTED_EDGE('',*,*,#762,.T.);
#762 = EDGE_CURVE('',#704,#763,#765,.T.);
#763 = VERTEX_POINT('',#764);
#764 = CARTESIAN_POINT('',(33.5,17.3,0.31));
#765 = LINE('',#766,#767);
#766 = CARTESIAN_POINT('',(2.,17.3,0.31));
#767 = VECTOR('',#768,1.);
#768 = DIRECTION('',(1.,0.,0.));
#769 = ORIENTED_EDGE('',*,*,#770,.F.);
#770 = EDGE_CURVE('',#771,#763,#773,.T.);
#771 = VERTEX_POINT('',#772);
#772 = CARTESIAN_POINT('',(35.5,15.3,0.31));
#773 = CIRCLE('',#774,2.);
#774 = AXIS2_PLACEMENT_3D('',#775,#776,#777);
#775 = CARTESIAN_POINT('',(33.5,15.3,0.31));
#776 = DIRECTION('',(0.,0.,1.));
#777 = DIRECTION('',(1.,0.,0.));
#778 = ORIENTED_EDGE('',*,*,#779,.F.);
#779 = EDGE_CURVE('',#780,#771,#782,.T.);
#780 = VERTEX_POINT('',#781);
#781 = CARTESIAN_POINT('',(35.5,2.,0.31));
#782 = LINE('',#783,#784);
#783 = CARTESIAN_POINT('',(35.5,2.,0.31));
#784 = VECTOR('',#785,1.);
#785 = DIRECTION('',(0.,1.,0.));
#786 = ORIENTED_EDGE('',*,*,#787,.F.);
#787 = EDGE_CURVE('',#788,#780,#790,.T.);
#788 = VERTEX_POINT('',#789);
#789 = CARTESIAN_POINT('',(33.5,0.,0.31));
#790 = CIRCLE('',#791,2.);
#791 = AXIS2_PLACEMENT_3D('',#792,#793,#794);
#792 = CARTESIAN_POINT('',(33.5,2.,0.31));
#793 = DIRECTION('',(0.,0.,1.));
#794 = DIRECTION('',(1.,0.,0.));
#795 = ORIENTED_EDGE('',*,*,#796,.F.);
#796 = EDGE_CURVE('',#747,#788,#797,.T.);
#797 = LINE('',#798,#799);
#798 = CARTESIAN_POINT('',(2.,0.,0.31));
#799 = VECTOR('',#800,1.);
#800 = DIRECTION('',(1.,0.,0.));
#801 = FACE_BOUND('',#802,.T.);
#802 = EDGE_LOOP('',(#803,#813,#822,#830,#839,#847,#856,#864));
#803 = ORIENTED_EDGE('',*,*,#804,.T.);
#804 = EDGE_CURVE('',#805,#807,#809,.T.);
#805 = VERTEX_POINT('',#806);
#806 = CARTESIAN_POINT('',(0.9,15.3,0.31));
#807 = VERTEX_POINT('',#808);
#808 = CARTESIAN_POINT('',(0.9,2.,0.31));
#809 = LINE('',#810,#811);
#810 = CARTESIAN_POINT('',(0.9,5.325,0.31));
#811 = VECTOR('',#812,1.);
#812 = DIRECTION('',(0.,-1.,0.));
#813 = ORIENTED_EDGE('',*,*,#814,.T.);
#814 = EDGE_CURVE('',#807,#815,#817,.T.);
#815 = VERTEX_POINT('',#816);
#816 = CARTESIAN_POINT('',(2.,0.9,0.31));
#817 = CIRCLE('',#818,1.1);
#818 = AXIS2_PLACEMENT_3D('',#819,#820,#821);
#819 = CARTESIAN_POINT('',(2.,2.,0.31));
#820 = DIRECTION('',(0.,0.,1.));
#821 = DIRECTION('',(1.,0.,0.));
#822 = ORIENTED_EDGE('',*,*,#823,.T.);
#823 = EDGE_CURVE('',#815,#824,#826,.T.);
#824 = VERTEX_POINT('',#825);
#825 = CARTESIAN_POINT('',(33.5,0.9,0.31));
#826 = LINE('',#827,#828);
#827 = CARTESIAN_POINT('',(9.875,0.9,0.31));
#828 = VECTOR('',#829,1.);
#829 = DIRECTION('',(1.,0.,0.));
#830 = ORIENTED_EDGE('',*,*,#831,.T.);
#831 = EDGE_CURVE('',#824,#832,#834,.T.);
#832 = VERTEX_POINT('',#833);
#833 = CARTESIAN_POINT('',(34.6,2.,0.31));
#834 = CIRCLE('',#835,1.1);
#835 = AXIS2_PLACEMENT_3D('',#836,#837,#838);
#836 = CARTESIAN_POINT('',(33.5,2.,0.31));
#837 = DIRECTION('',(0.,0.,1.));
#838 = DIRECTION('',(1.,0.,0.));
#839 = ORIENTED_EDGE('',*,*,#840,.F.);
#840 = EDGE_CURVE('',#841,#832,#843,.T.);
#841 = VERTEX_POINT('',#842);
#842 = CARTESIAN_POINT('',(34.6,15.3,0.31));
#843 = LINE('',#844,#845);
#844 = CARTESIAN_POINT('',(34.6,5.325,0.31));
#845 = VECTOR('',#846,1.);
#846 = DIRECTION('',(0.,-1.,0.));
#847 = ORIENTED_EDGE('',*,*,#848,.T.);
#848 = EDGE_CURVE('',#841,#849,#851,.T.);
#849 = VERTEX_POINT('',#850);
#850 = CARTESIAN_POINT('',(33.5,16.4,0.31));
#851 = CIRCLE('',#852,1.1);
#852 = AXIS2_PLACEMENT_3D('',#853,#854,#855);
#853 = CARTESIAN_POINT('',(33.5,15.3,0.31));
#854 = DIRECTION('',(0.,0.,1.));
#855 = DIRECTION('',(1.,0.,0.));
#856 = ORIENTED_EDGE('',*,*,#857,.F.);
#857 = EDGE_CURVE('',#858,#849,#860,.T.);
#858 = VERTEX_POINT('',#859);
#859 = CARTESIAN_POINT('',(2.,16.4,0.31));
#860 = LINE('',#861,#862);
#861 = CARTESIAN_POINT('',(9.875,16.4,0.31));
#862 = VECTOR('',#863,1.);
#863 = DIRECTION('',(1.,0.,0.));
#864 = ORIENTED_EDGE('',*,*,#865,.T.);
#865 = EDGE_CURVE('',#858,#805,#866,.T.);
#866 = CIRCLE('',#867,1.1);
#867 = AXIS2_PLACEMENT_3D('',#868,#869,#870);
#868 = CARTESIAN_POINT('',(2.,15.3,0.31));
#869 = DIRECTION('',(0.,0.,1.));
#870 = DIRECTION('',(1.,0.,0.));
#871 = PLANE('',#872);
#872 = AXIS2_PLACEMENT_3D('',#873,#874,#875);
#873 = CARTESIAN_POINT('',(17.75,8.65,0.31));
#874 = DIRECTION('',(-0.,-0.,-1.));
#875 = DIRECTION('',(-1.,0.,0.));
#876 = ADVANCED_FACE('',(#877),#895,.T.);
#877 = FACE_BOUND('',#878,.T.);
#878 = EDGE_LOOP('',(#879,#880,#881,#889));
#879 = ORIENTED_EDGE('',*,*,#762,.F.);
#880 = ORIENTED_EDGE('',*,*,#703,.T.);
#881 = ORIENTED_EDGE('',*,*,#882,.T.);
#882 = EDGE_CURVE('',#695,#883,#885,.T.);
#883 = VERTEX_POINT('',#884);
#884 = CARTESIAN_POINT('',(33.5,17.3,4.18));
#885 = LINE('',#886,#887);
#886 = CARTESIAN_POINT('',(2.,17.3,4.18));
#887 = VECTOR('',#888,1.);
#888 = DIRECTION('',(1.,0.,0.));
#889 = ORIENTED_EDGE('',*,*,#890,.F.);
#890 = EDGE_CURVE('',#763,#883,#891,.T.);
#891 = LINE('',#892,#893);
#892 = CARTESIAN_POINT('',(33.5,17.3,0.31));
#893 = VECTOR('',#894,1.);
#894 = DIRECTION('',(0.,0.,1.));
#895 = PLANE('',#896);
#896 = AXIS2_PLACEMENT_3D('',#897,#898,#899);
#897 = CARTESIAN_POINT('',(2.,17.3,0.31));
#898 = DIRECTION('',(0.,1.,0.));
#899 = DIRECTION('',(0.,0.,1.));
#900 = ADVANCED_FACE('',(#901),#920,.T.);
#901 = FACE_BOUND('',#902,.T.);
#902 = EDGE_LOOP('',(#903,#912,#918,#919));
#903 = ORIENTED_EDGE('',*,*,#904,.F.);
#904 = EDGE_CURVE('',#905,#883,#907,.T.);
#905 = VERTEX_POINT('',#906);
#906 = CARTESIAN_POINT('',(35.5,15.3,4.18));
#907 = CIRCLE('',#908,2.);
#908 = AXIS2_PLACEMENT_3D('',#909,#910,#911);
#909 = CARTESIAN_POINT('',(33.5,15.3,4.18));
#910 = DIRECTION('',(0.,0.,1.));
#911 = DIRECTION('',(1.,0.,0.));
#912 = ORIENTED_EDGE('',*,*,#913,.F.);
#913 = EDGE_CURVE('',#771,#905,#914,.T.);
#914 = LINE('',#915,#916);
#915 = CARTESIAN_POINT('',(35.5,15.3,0.31));
#916 = VECTOR('',#917,1.);
#917 = DIRECTION('',(0.,0.,1.));
#918 = ORIENTED_EDGE('',*,*,#770,.T.);
#919 = ORIENTED_EDGE('',*,*,#890,.T.);
#920 = CYLINDRICAL_SURFACE('',#921,2.);
#921 = AXIS2_PLACEMENT_3D('',#922,#923,#924);
#922 = CARTESIAN_POINT('',(33.5,15.3,0.31));
#923 = DIRECTION('',(0.,0.,1.));
#924 = DIRECTION('',(1.,0.,0.));
#925 = ADVANCED_FACE('',(#926),#976,.T.);
#926 = FACE_BOUND('',#927,.T.);
#927 = EDGE_LOOP('',(#928,#936,#937,#938,#946,#954,#962,#970));
#928 = ORIENTED_EDGE('',*,*,#929,.F.);
#929 = EDGE_CURVE('',#780,#930,#932,.T.);
#930 = VERTEX_POINT('',#931);
#931 = CARTESIAN_POINT('',(35.5,2.,4.18));
#932 = LINE('',#933,#934);
#933 = CARTESIAN_POINT('',(35.5,2.,0.31));
#934 = VECTOR('',#935,1.);
#935 = DIRECTION('',(0.,0.,1.));
#936 = ORIENTED_EDGE('',*,*,#779,.T.);
#937 = ORIENTED_EDGE('',*,*,#913,.T.);
#938 = ORIENTED_EDGE('',*,*,#939,.F.);
#939 = EDGE_CURVE('',#940,#905,#942,.T.);
#940 = VERTEX_POINT('',#941);
#941 = CARTESIAN_POINT('',(35.5,10.5,4.18));
#942 = LINE('',#943,#944);
#943 = CARTESIAN_POINT('',(35.5,2.,4.18));
#944 = VECTOR('',#945,1.);
#945 = DIRECTION('',(0.,1.,0.));
#946 = ORIENTED_EDGE('',*,*,#947,.F.);
#947 = EDGE_CURVE('',#948,#940,#950,.T.);
#948 = VERTEX_POINT('',#949);
#949 = CARTESIAN_POINT('',(35.5,10.5,2.45));
#950 = LINE('',#951,#952);
#951 = CARTESIAN_POINT('',(35.5,10.5,1.38));
#952 = VECTOR('',#953,1.);
#953 = DIRECTION('',(0.,0.,1.));
#954 = ORIENTED_EDGE('',*,*,#955,.T.);
#955 = EDGE_CURVE('',#948,#956,#958,.T.);
#956 = VERTEX_POINT('',#957);
#957 = CARTESIAN_POINT('',(35.5,7.5,2.45));
#958 = LINE('',#959,#960);
#959 = CARTESIAN_POINT('',(35.5,4.75,2.45));
#960 = VECTOR('',#961,1.);
#961 = DIRECTION('',(0.,-1.,0.));
#962 = ORIENTED_EDGE('',*,*,#963,.T.);
#963 = EDGE_CURVE('',#956,#964,#966,.T.);
#964 = VERTEX_POINT('',#965);
#965 = CARTESIAN_POINT('',(35.5,7.5,4.18));
#966 = LINE('',#967,#968);
#967 = CARTESIAN_POINT('',(35.5,7.5,1.38));
#968 = VECTOR('',#969,1.);
#969 = DIRECTION('',(0.,0.,1.));
#970 = ORIENTED_EDGE('',*,*,#971,.F.);
#971 = EDGE_CURVE('',#930,#964,#972,.T.);
#972 = LINE('',#973,#974);
#973 = CARTESIAN_POINT('',(35.5,2.,4.18));
#974 = VECTOR('',#975,1.);
#975 = DIRECTION('',(0.,1.,0.));
#976 = PLANE('',#977);
#977 = AXIS2_PLACEMENT_3D('',#978,#979,#980);
#978 = CARTESIAN_POINT('',(35.5,2.,0.31));
#979 = DIRECTION('',(1.,0.,0.));
#980 = DIRECTION('',(0.,0.,1.));
#981 = ADVANCED_FACE('',(#982),#1007,.F.);
#982 = FACE_BOUND('',#983,.F.);
#983 = EDGE_LOOP('',(#984,#992,#1000,#1006));
#984 = ORIENTED_EDGE('',*,*,#985,.F.);
#985 = EDGE_CURVE('',#986,#948,#988,.T.);
#986 = VERTEX_POINT('',#987);
#987 = CARTESIAN_POINT('',(34.6,10.5,2.45));
#988 = LINE('',#989,#990);
#989 = CARTESIAN_POINT('',(34.,10.5,2.45));
#990 = VECTOR('',#991,1.);
#991 = DIRECTION('',(1.,0.,0.));
#992 = ORIENTED_EDGE('',*,*,#993,.T.);
#993 = EDGE_CURVE('',#986,#994,#996,.T.);
#994 = VERTEX_POINT('',#995);
#995 = CARTESIAN_POINT('',(34.6,10.5,4.18));
#996 = LINE('',#997,#998);
#997 = CARTESIAN_POINT('',(34.6,10.5,1.325));
#998 = VECTOR('',#999,1.);
#999 = DIRECTION('',(0.,0.,1.));
#1000 = ORIENTED_EDGE('',*,*,#1001,.F.);
#1001 = EDGE_CURVE('',#940,#994,#1002,.T.);
#1002 = LINE('',#1003,#1004);
#1003 = CARTESIAN_POINT('',(25.875,10.5,4.18));
#1004 = VECTOR('',#1005,1.);
#1005 = DIRECTION('',(-1.,0.,0.));
#1006 = ORIENTED_EDGE('',*,*,#947,.F.);
#1007 = PLANE('',#1008);
#1008 = AXIS2_PLACEMENT_3D('',#1009,#1010,#1011);
#1009 = CARTESIAN_POINT('',(34.,10.5,2.45));
#1010 = DIRECTION('',(0.,1.,0.));
#1011 = DIRECTION('',(0.,0.,1.));
#1012 = ADVANCED_FACE('',(#1013),#1061,.F.);
#1013 = FACE_BOUND('',#1014,.F.);
#1014 = EDGE_LOOP('',(#1015,#1023,#1024,#1032,#1038,#1039,#1047,#1055));
#1015 = ORIENTED_EDGE('',*,*,#1016,.F.);
#1016 = EDGE_CURVE('',#832,#1017,#1019,.T.);
#1017 = VERTEX_POINT('',#1018);
#1018 = CARTESIAN_POINT('',(34.6,2.,4.18));
#1019 = LINE('',#1020,#1021);
#1020 = CARTESIAN_POINT('',(34.6,2.,0.2));
#1021 = VECTOR('',#1022,1.);
#1022 = DIRECTION('',(0.,0.,1.));
#1023 = ORIENTED_EDGE('',*,*,#840,.F.);
#1024 = ORIENTED_EDGE('',*,*,#1025,.T.);
#1025 = EDGE_CURVE('',#841,#1026,#1028,.T.);
#1026 = VERTEX_POINT('',#1027);
#1027 = CARTESIAN_POINT('',(34.6,15.3,4.18));
#1028 = LINE('',#1029,#1030);
#1029 = CARTESIAN_POINT('',(34.6,15.3,0.2));
#1030 = VECTOR('',#1031,1.);
#1031 = DIRECTION('',(0.,0.,1.));
#1032 = ORIENTED_EDGE('',*,*,#1033,.F.);
#1033 = EDGE_CURVE('',#994,#1026,#1034,.T.);
#1034 = LINE('',#1035,#1036);
#1035 = CARTESIAN_POINT('',(34.6,5.325,4.18));
#1036 = VECTOR('',#1037,1.);
#1037 = DIRECTION('',(0.,1.,0.));
#1038 = ORIENTED_EDGE('',*,*,#993,.F.);
#1039 = ORIENTED_EDGE('',*,*,#1040,.T.);
#1040 = EDGE_CURVE('',#986,#1041,#1043,.T.);
#1041 = VERTEX_POINT('',#1042);
#1042 = CARTESIAN_POINT('',(34.6,7.5,2.45));
#1043 = LINE('',#1044,#1045);
#1044 = CARTESIAN_POINT('',(34.6,4.75,2.45));
#1045 = VECTOR('',#1046,1.);
#1046 = DIRECTION('',(0.,-1.,0.));
#1047 = ORIENTED_EDGE('',*,*,#1048,.T.);
#1048 = EDGE_CURVE('',#1041,#1049,#1051,.T.);
#1049 = VERTEX_POINT('',#1050);
#1050 = CARTESIAN_POINT('',(34.6,7.5,4.18));
#1051 = LINE('',#1052,#1053);
#1052 = CARTESIAN_POINT('',(34.6,7.5,1.325));
#1053 = VECTOR('',#1054,1.);
#1054 = DIRECTION('',(0.,0.,1.));
#1055 = ORIENTED_EDGE('',*,*,#1056,.F.);
#1056 = EDGE_CURVE('',#1017,#1049,#1057,.T.);
#1057 = LINE('',#1058,#1059);
#1058 = CARTESIAN_POINT('',(34.6,5.325,4.18));
#1059 = VECTOR('',#1060,1.);
#1060 = DIRECTION('',(0.,1.,0.));
#1061 = PLANE('',#1062);
#1062 = AXIS2_PLACEMENT_3D('',#1063,#1064,#1065);
#1063 = CARTESIAN_POINT('',(34.6,2.,0.2));
#1064 = DIRECTION('',(1.,0.,0.));
#1065 = DIRECTION('',(0.,0.,1.));
#1066 = ADVANCED_FACE('',(#1067),#1086,.F.);
#1067 = FACE_BOUND('',#1068,.F.);
#1068 = EDGE_LOOP('',(#1069,#1078,#1079,#1080));
#1069 = ORIENTED_EDGE('',*,*,#1070,.F.);
#1070 = EDGE_CURVE('',#1026,#1071,#1073,.T.);
#1071 = VERTEX_POINT('',#1072);
#1072 = CARTESIAN_POINT('',(33.5,16.4,4.18));
#1073 = CIRCLE('',#1074,1.1);
#1074 = AXIS2_PLACEMENT_3D('',#1075,#1076,#1077);
#1075 = CARTESIAN_POINT('',(33.5,15.3,4.18));
#1076 = DIRECTION('',(0.,0.,1.));
#1077 = DIRECTION('',(1.,0.,0.));
#1078 = ORIENTED_EDGE('',*,*,#1025,.F.);
#1079 = ORIENTED_EDGE('',*,*,#848,.T.);
#1080 = ORIENTED_EDGE('',*,*,#1081,.T.);
#1081 = EDGE_CURVE('',#849,#1071,#1082,.T.);
#1082 = LINE('',#1083,#1084);
#1083 = CARTESIAN_POINT('',(33.5,16.4,0.2));
#1084 = VECTOR('',#1085,1.);
#1085 = DIRECTION('',(0.,0.,1.));
#1086 = CYLINDRICAL_SURFACE('',#1087,1.1);
#1087 = AXIS2_PLACEMENT_3D('',#1088,#1089,#1090);
#1088 = CARTESIAN_POINT('',(33.5,15.3,0.2));
#1089 = DIRECTION('',(0.,0.,1.));
#1090 = DIRECTION('',(1.,0.,0.));
#1091 = ADVANCED_FACE('',(#1092),#1110,.F.);
#1092 = FACE_BOUND('',#1093,.F.);
#1093 = EDGE_LOOP('',(#1094,#1095,#1103,#1109));
#1094 = ORIENTED_EDGE('',*,*,#857,.F.);
#1095 = ORIENTED_EDGE('',*,*,#1096,.T.);
#1096 = EDGE_CURVE('',#858,#1097,#1099,.T.);
#1097 = VERTEX_POINT('',#1098);
#1098 = CARTESIAN_POINT('',(2.,16.4,4.18));
#1099 = LINE('',#1100,#1101);
#1100 = CARTESIAN_POINT('',(2.,16.4,0.2));
#1101 = VECTOR('',#1102,1.);
#1102 = DIRECTION('',(0.,0.,1.));
#1103 = ORIENTED_EDGE('',*,*,#1104,.F.);
#1104 = EDGE_CURVE('',#1071,#1097,#1105,.T.);
#1105 = LINE('',#1106,#1107);
#1106 = CARTESIAN_POINT('',(9.875,16.4,4.18));
#1107 = VECTOR('',#1108,1.);
#1108 = DIRECTION('',(-1.,0.,0.));
#1109 = ORIENTED_EDGE('',*,*,#1081,.F.);
#1110 = PLANE('',#1111);
#1111 = AXIS2_PLACEMENT_3D('',#1112,#1113,#1114);
#1112 = CARTESIAN_POINT('',(2.,16.4,0.2));
#1113 = DIRECTION('',(0.,1.,0.));
#1114 = DIRECTION('',(0.,0.,1.));
#1115 = ADVANCED_FACE('',(#1116),#1152,.T.);
#1116 = FACE_BOUND('',#1117,.T.);
#1117 = EDGE_LOOP('',(#1118,#1127,#1135,#1144,#1150,#1151));
#1118 = ORIENTED_EDGE('',*,*,#1119,.F.);
#1119 = EDGE_CURVE('',#1120,#930,#1122,.T.);
#1120 = VERTEX_POINT('',#1121);
#1121 = CARTESIAN_POINT('',(35.232050807569,1.,4.18));
#1122 = CIRCLE('',#1123,2.);
#1123 = AXIS2_PLACEMENT_3D('',#1124,#1125,#1126);
#1124 = CARTESIAN_POINT('',(33.5,2.,4.18));
#1125 = DIRECTION('',(0.,0.,1.));
#1126 = DIRECTION('',(1.,0.,0.));
#1127 = ORIENTED_EDGE('',*,*,#1128,.F.);
#1128 = EDGE_CURVE('',#1129,#1120,#1131,.T.);
#1129 = VERTEX_POINT('',#1130);
#1130 = CARTESIAN_POINT('',(35.232050807569,1.,1.33));
#1131 = LINE('',#1132,#1133);
#1132 = CARTESIAN_POINT('',(35.232050807569,1.,0.31));
#1133 = VECTOR('',#1134,1.);
#1134 = DIRECTION('',(0.,0.,1.));
#1135 = ORIENTED_EDGE('',*,*,#1136,.F.);
#1136 = EDGE_CURVE('',#1137,#1129,#1139,.T.);
#1137 = VERTEX_POINT('',#1138);
#1138 = CARTESIAN_POINT('',(33.5,0.,1.33));
#1139 = CIRCLE('',#1140,2.);
#1140 = AXIS2_PLACEMENT_3D('',#1141,#1142,#1143);
#1141 = CARTESIAN_POINT('',(33.5,2.,1.33));
#1142 = DIRECTION('',(0.,0.,1.));
#1143 = DIRECTION('',(1.,0.,0.));
#1144 = ORIENTED_EDGE('',*,*,#1145,.F.);
#1145 = EDGE_CURVE('',#788,#1137,#1146,.T.);
#1146 = LINE('',#1147,#1148);
#1147 = CARTESIAN_POINT('',(33.5,0.,0.31));
#1148 = VECTOR('',#1149,1.);
#1149 = DIRECTION('',(0.,0.,1.));
#1150 = ORIENTED_EDGE('',*,*,#787,.T.);
#1151 = ORIENTED_EDGE('',*,*,#929,.T.);
#1152 = CYLINDRICAL_SURFACE('',#1153,2.);
#1153 = AXIS2_PLACEMENT_3D('',#1154,#1155,#1156);
#1154 = CARTESIAN_POINT('',(33.5,2.,0.31));
#1155 = DIRECTION('',(0.,0.,1.));
#1156 = DIRECTION('',(1.,0.,0.));
#1157 = ADVANCED_FACE('',(#1158),#1174,.T.);
#1158 = FACE_BOUND('',#1159,.T.);
#1159 = EDGE_LOOP('',(#1160,#1166,#1167,#1173));
#1160 = ORIENTED_EDGE('',*,*,#1161,.F.);
#1161 = EDGE_CURVE('',#1041,#956,#1162,.T.);
#1162 = LINE('',#1163,#1164);
#1163 = CARTESIAN_POINT('',(34.,7.5,2.45));
#1164 = VECTOR('',#1165,1.);
#1165 = DIRECTION('',(1.,0.,0.));
#1166 = ORIENTED_EDGE('',*,*,#1048,.T.);
#1167 = ORIENTED_EDGE('',*,*,#1168,.F.);
#1168 = EDGE_CURVE('',#964,#1049,#1169,.T.);
#1169 = LINE('',#1170,#1171);
#1170 = CARTESIAN_POINT('',(25.875,7.5,4.18));
#1171 = VECTOR('',#1172,1.);
#1172 = DIRECTION('',(-1.,0.,0.));
#1173 = ORIENTED_EDGE('',*,*,#963,.F.);
#1174 = PLANE('',#1175);
#1175 = AXIS2_PLACEMENT_3D('',#1176,#1177,#1178);
#1176 = CARTESIAN_POINT('',(34.,7.5,2.45));
#1177 = DIRECTION('',(0.,1.,0.));
#1178 = DIRECTION('',(0.,0.,1.));
#1179 = ADVANCED_FACE('',(#1180),#1237,.T.);
#1180 = FACE_BOUND('',#1181,.T.);
#1181 = EDGE_LOOP('',(#1182,#1190,#1191,#1199,#1207,#1215,#1223,#1231));
#1182 = ORIENTED_EDGE('',*,*,#1183,.F.);
#1183 = EDGE_CURVE('',#1129,#1184,#1186,.T.);
#1184 = VERTEX_POINT('',#1185);
#1185 = CARTESIAN_POINT('',(43.4,1.,1.33));
#1186 = LINE('',#1187,#1188);
#1187 = CARTESIAN_POINT('',(22.,1.,1.33));
#1188 = VECTOR('',#1189,1.);
#1189 = DIRECTION('',(1.,0.,0.));
#1190 = ORIENTED_EDGE('',*,*,#1128,.T.);
#1191 = ORIENTED_EDGE('',*,*,#1192,.F.);
#1192 = EDGE_CURVE('',#1193,#1120,#1195,.T.);
#1193 = VERTEX_POINT('',#1194);
#1194 = CARTESIAN_POINT('',(39.318975032409,1.,4.18));
#1195 = LINE('',#1196,#1197);
#1196 = CARTESIAN_POINT('',(22.,1.,4.18));
#1197 = VECTOR('',#1198,1.);
#1198 = DIRECTION('',(-1.,0.,0.));
#1199 = ORIENTED_EDGE('',*,*,#1200,.F.);
#1200 = EDGE_CURVE('',#1201,#1193,#1203,.T.);
#1201 = VERTEX_POINT('',#1202);
#1202 = CARTESIAN_POINT('',(39.318975032409,1.,2.83));
#1203 = LINE('',#1204,#1205);
#1204 = CARTESIAN_POINT('',(39.318975032409,1.,2.83));
#1205 = VECTOR('',#1206,1.);
#1206 = DIRECTION('',(0.,0.,1.));
#1207 = ORIENTED_EDGE('',*,*,#1208,.T.);
#1208 = EDGE_CURVE('',#1201,#1209,#1211,.T.);
#1209 = VERTEX_POINT('',#1210);
#1210 = CARTESIAN_POINT('',(40.881024967591,1.,2.83));
#1211 = LINE('',#1212,#1213);
#1212 = CARTESIAN_POINT('',(21.05,1.,2.83));
#1213 = VECTOR('',#1214,1.);
#1214 = DIRECTION('',(1.,0.,0.));
#1215 = ORIENTED_EDGE('',*,*,#1216,.T.);
#1216 = EDGE_CURVE('',#1209,#1217,#1219,.T.);
#1217 = VERTEX_POINT('',#1218);
#1218 = CARTESIAN_POINT('',(40.881024967591,1.,4.18));
#1219 = LINE('',#1220,#1221);
#1220 = CARTESIAN_POINT('',(40.881024967591,1.,2.83));
#1221 = VECTOR('',#1222,1.);
#1222 = DIRECTION('',(0.,0.,1.));
#1223 = ORIENTED_EDGE('',*,*,#1224,.F.);
#1224 = EDGE_CURVE('',#1225,#1217,#1227,.T.);
#1225 = VERTEX_POINT('',#1226);
#1226 = CARTESIAN_POINT('',(43.4,1.,4.18));
#1227 = LINE('',#1228,#1229);
#1228 = CARTESIAN_POINT('',(22.,1.,4.18));
#1229 = VECTOR('',#1230,1.);
#1230 = DIRECTION('',(-1.,0.,0.));
#1231 = ORIENTED_EDGE('',*,*,#1232,.T.);
#1232 = EDGE_CURVE('',#1225,#1184,#1233,.T.);
#1233 = LINE('',#1234,#1235);
#1234 = CARTESIAN_POINT('',(43.4,1.,1.28));
#1235 = VECTOR('',#1236,1.);
#1236 = DIRECTION('',(0.,0.,-1.));
#1237 = PLANE('',#1238);
#1238 = AXIS2_PLACEMENT_3D('',#1239,#1240,#1241);
#1239 = CARTESIAN_POINT('',(2.,1.,1.23));
#1240 = DIRECTION('',(0.,1.,0.));
#1241 = DIRECTION('',(0.,0.,1.));
#1242 = ADVANCED_FACE('',(#1243),#1261,.F.);
#1243 = FACE_BOUND('',#1244,.F.);
#1244 = EDGE_LOOP('',(#1245,#1246,#1253,#1254));
#1245 = ORIENTED_EDGE('',*,*,#1200,.F.);
#1246 = ORIENTED_EDGE('',*,*,#1247,.T.);
#1247 = EDGE_CURVE('',#1201,#1209,#1248,.T.);
#1248 = CIRCLE('',#1249,3.1);
#1249 = AXIS2_PLACEMENT_3D('',#1250,#1251,#1252);
#1250 = CARTESIAN_POINT('',(40.1,4.,2.83));
#1251 = DIRECTION('',(0.,0.,1.));
#1252 = DIRECTION('',(1.,0.,0.));
#1253 = ORIENTED_EDGE('',*,*,#1216,.T.);
#1254 = ORIENTED_EDGE('',*,*,#1255,.F.);
#1255 = EDGE_CURVE('',#1193,#1217,#1256,.T.);
#1256 = CIRCLE('',#1257,3.1);
#1257 = AXIS2_PLACEMENT_3D('',#1258,#1259,#1260);
#1258 = CARTESIAN_POINT('',(40.1,4.,4.18));
#1259 = DIRECTION('',(0.,0.,1.));
#1260 = DIRECTION('',(1.,0.,0.));
#1261 = CYLINDRICAL_SURFACE('',#1262,3.1);
#1262 = AXIS2_PLACEMENT_3D('',#1263,#1264,#1265);
#1263 = CARTESIAN_POINT('',(40.1,4.,2.83));
#1264 = DIRECTION('',(0.,0.,1.));
#1265 = DIRECTION('',(1.,0.,0.));
#1266 = ADVANCED_FACE('',(#1267),#1283,.F.);
#1267 = FACE_BOUND('',#1268,.F.);
#1268 = EDGE_LOOP('',(#1269,#1275,#1276,#1282));
#1269 = ORIENTED_EDGE('',*,*,#1270,.F.);
#1270 = EDGE_CURVE('',#568,#609,#1271,.T.);
#1271 = LINE('',#1272,#1273);
#1272 = CARTESIAN_POINT('',(43.4,44.,4.18));
#1273 = VECTOR('',#1274,1.);
#1274 = DIRECTION('',(0.,1.,0.));
#1275 = ORIENTED_EDGE('',*,*,#567,.F.);
#1276 = ORIENTED_EDGE('',*,*,#1277,.T.);
#1277 = EDGE_CURVE('',#560,#593,#1278,.T.);
#1278 = LINE('',#1279,#1280);
#1279 = CARTESIAN_POINT('',(43.4,44.,1.33));
#1280 = VECTOR('',#1281,1.);
#1281 = DIRECTION('',(0.,1.,0.));
#1282 = ORIENTED_EDGE('',*,*,#616,.F.);
#1283 = PLANE('',#1284);
#1284 = AXIS2_PLACEMENT_3D('',#1285,#1286,#1287);
#1285 = CARTESIAN_POINT('',(43.4,44.,1.33));
#1286 = DIRECTION('',(1.,0.,0.));
#1287 = DIRECTION('',(0.,0.,1.));
#1288 = ADVANCED_FACE('',(#1289),#1295,.T.);
#1289 = FACE_BOUND('',#1290,.T.);
#1290 = EDGE_LOOP('',(#1291,#1292,#1293,#1294));
#1291 = ORIENTED_EDGE('',*,*,#985,.F.);
#1292 = ORIENTED_EDGE('',*,*,#1040,.T.);
#1293 = ORIENTED_EDGE('',*,*,#1161,.T.);
#1294 = ORIENTED_EDGE('',*,*,#955,.F.);
#1295 = PLANE('',#1296);
#1296 = AXIS2_PLACEMENT_3D('',#1297,#1298,#1299);
#1297 = CARTESIAN_POINT('',(34.,7.5,2.45));
#1298 = DIRECTION('',(0.,0.,1.));
#1299 = DIRECTION('',(1.,0.,0.));
#1300 = ADVANCED_FACE('',(#1301),#1374,.F.);
#1301 = FACE_BOUND('',#1302,.F.);
#1302 = EDGE_LOOP('',(#1303,#1311,#1312,#1320,#1328,#1336,#1344,#1352,
    #1360,#1368));
#1303 = ORIENTED_EDGE('',*,*,#1304,.F.);
#1304 = EDGE_CURVE('',#1225,#1305,#1307,.T.);
#1305 = VERTEX_POINT('',#1306);
#1306 = CARTESIAN_POINT('',(43.4,7.5,4.18));
#1307 = LINE('',#1308,#1309);
#1308 = CARTESIAN_POINT('',(43.4,0.,4.18));
#1309 = VECTOR('',#1310,1.);
#1310 = DIRECTION('',(0.,1.,0.));
#1311 = ORIENTED_EDGE('',*,*,#1232,.T.);
#1312 = ORIENTED_EDGE('',*,*,#1313,.T.);
#1313 = EDGE_CURVE('',#1184,#1314,#1316,.T.);
#1314 = VERTEX_POINT('',#1315);
#1315 = CARTESIAN_POINT('',(43.4,1.150134620269,1.33));
#1316 = LINE('',#1317,#1318);
#1317 = CARTESIAN_POINT('',(43.4,0.,1.33));
#1318 = VECTOR('',#1319,1.);
#1319 = DIRECTION('',(0.,1.,0.));
#1320 = ORIENTED_EDGE('',*,*,#1321,.T.);
#1321 = EDGE_CURVE('',#1314,#1322,#1324,.T.);
#1322 = VERTEX_POINT('',#1323);
#1323 = CARTESIAN_POINT('',(43.4,1.150134620269,3.070025400051));
#1324 = LINE('',#1325,#1326);
#1325 = CARTESIAN_POINT('',(43.4,1.150134620269,1.295));
#1326 = VECTOR('',#1327,1.);
#1327 = DIRECTION('',(0.,0.,1.));
#1328 = ORIENTED_EDGE('',*,*,#1329,.F.);
#1329 = EDGE_CURVE('',#1330,#1322,#1332,.T.);
#1330 = VERTEX_POINT('',#1331);
#1331 = CARTESIAN_POINT('',(43.4,6.850134620268,3.070025400051));
#1332 = LINE('',#1333,#1334);
#1333 = CARTESIAN_POINT('',(43.4,0.575067310134,3.070025400051));
#1334 = VECTOR('',#1335,1.);
#1335 = DIRECTION('',(0.,-1.,0.));
#1336 = ORIENTED_EDGE('',*,*,#1337,.F.);
#1337 = EDGE_CURVE('',#1338,#1330,#1340,.T.);
#1338 = VERTEX_POINT('',#1339);
#1339 = CARTESIAN_POINT('',(43.4,6.850134620268,1.33));
#1340 = LINE('',#1341,#1342);
#1341 = CARTESIAN_POINT('',(43.4,6.850134620268,1.295));
#1342 = VECTOR('',#1343,1.);
#1343 = DIRECTION('',(0.,0.,1.));
#1344 = ORIENTED_EDGE('',*,*,#1345,.T.);
#1345 = EDGE_CURVE('',#1338,#1346,#1348,.T.);
#1346 = VERTEX_POINT('',#1347);
#1347 = CARTESIAN_POINT('',(43.4,11.55015494031,1.33));
#1348 = LINE('',#1349,#1350);
#1349 = CARTESIAN_POINT('',(43.4,0.,1.33));
#1350 = VECTOR('',#1351,1.);
#1351 = DIRECTION('',(0.,1.,0.));
#1352 = ORIENTED_EDGE('',*,*,#1353,.T.);
#1353 = EDGE_CURVE('',#1346,#1354,#1356,.T.);
#1354 = VERTEX_POINT('',#1355);
#1355 = CARTESIAN_POINT('',(43.4,11.55015494031,2.45));
#1356 = LINE('',#1357,#1358);
#1357 = CARTESIAN_POINT('',(43.4,11.55015494031,1.295));
#1358 = VECTOR('',#1359,1.);
#1359 = DIRECTION('',(0.,0.,1.));
#1360 = ORIENTED_EDGE('',*,*,#1361,.T.);
#1361 = EDGE_CURVE('',#1354,#1362,#1364,.T.);
#1362 = VERTEX_POINT('',#1363);
#1363 = CARTESIAN_POINT('',(43.4,7.5,2.45));
#1364 = LINE('',#1365,#1366);
#1365 = CARTESIAN_POINT('',(43.4,3.75,2.45));
#1366 = VECTOR('',#1367,1.);
#1367 = DIRECTION('',(0.,-1.,0.));
#1368 = ORIENTED_EDGE('',*,*,#1369,.T.);
#1369 = EDGE_CURVE('',#1362,#1305,#1370,.T.);
#1370 = LINE('',#1371,#1372);
#1371 = CARTESIAN_POINT('',(43.4,7.5,1.89));
#1372 = VECTOR('',#1373,1.);
#1373 = DIRECTION('',(0.,0.,1.));
#1374 = PLANE('',#1375);
#1375 = AXIS2_PLACEMENT_3D('',#1376,#1377,#1378);
#1376 = CARTESIAN_POINT('',(43.4,0.,1.33));
#1377 = DIRECTION('',(1.,0.,0.));
#1378 = DIRECTION('',(0.,0.,1.));
#1379 = ADVANCED_FACE('',(#1380),#1384,.T.);
#1380 = FACE_BOUND('',#1381,.T.);
#1381 = EDGE_LOOP('',(#1382,#1383));
#1382 = ORIENTED_EDGE('',*,*,#1208,.F.);
#1383 = ORIENTED_EDGE('',*,*,#1247,.T.);
#1384 = PLANE('',#1385);
#1385 = AXIS2_PLACEMENT_3D('',#1386,#1387,#1388);
#1386 = CARTESIAN_POINT('',(40.1,4.,2.83));
#1387 = DIRECTION('',(0.,0.,1.));
#1388 = DIRECTION('',(1.,0.,0.));
#1389 = ADVANCED_FACE('',(#1390),#1415,.T.);
#1390 = FACE_BOUND('',#1391,.T.);
#1391 = EDGE_LOOP('',(#1392,#1400,#1401,#1409));
#1392 = ORIENTED_EDGE('',*,*,#1393,.F.);
#1393 = EDGE_CURVE('',#1362,#1394,#1396,.T.);
#1394 = VERTEX_POINT('',#1395);
#1395 = CARTESIAN_POINT('',(44.4,7.5,2.45));
#1396 = LINE('',#1397,#1398);
#1397 = CARTESIAN_POINT('',(34.,7.5,2.45));
#1398 = VECTOR('',#1399,1.);
#1399 = DIRECTION('',(1.,0.,0.));
#1400 = ORIENTED_EDGE('',*,*,#1369,.T.);
#1401 = ORIENTED_EDGE('',*,*,#1402,.F.);
#1402 = EDGE_CURVE('',#1403,#1305,#1405,.T.);
#1403 = VERTEX_POINT('',#1404);
#1404 = CARTESIAN_POINT('',(44.4,7.5,4.18));
#1405 = LINE('',#1406,#1407);
#1406 = CARTESIAN_POINT('',(38.7,7.5,4.18));
#1407 = VECTOR('',#1408,1.);
#1408 = DIRECTION('',(-1.,0.,0.));
#1409 = ORIENTED_EDGE('',*,*,#1410,.F.);
#1410 = EDGE_CURVE('',#1394,#1403,#1411,.T.);
#1411 = LINE('',#1412,#1413);
#1412 = CARTESIAN_POINT('',(44.4,7.5,1.89));
#1413 = VECTOR('',#1414,1.);
#1414 = DIRECTION('',(0.,0.,1.));
#1415 = PLANE('',#1416);
#1416 = AXIS2_PLACEMENT_3D('',#1417,#1418,#1419);
#1417 = CARTESIAN_POINT('',(34.,7.5,2.45));
#1418 = DIRECTION('',(0.,1.,0.));
#1419 = DIRECTION('',(0.,0.,1.));
#1420 = ADVANCED_FACE('',(#1421),#1446,.T.);
#1421 = FACE_BOUND('',#1422,.T.);
#1422 = EDGE_LOOP('',(#1423,#1433,#1439,#1440));
#1423 = ORIENTED_EDGE('',*,*,#1424,.F.);
#1424 = EDGE_CURVE('',#1425,#1427,#1429,.T.);
#1425 = VERTEX_POINT('',#1426);
#1426 = CARTESIAN_POINT('',(43.550081280163,11.55015494031,1.33));
#1427 = VERTEX_POINT('',#1428);
#1428 = CARTESIAN_POINT('',(43.550081280163,11.55015494031,2.45));
#1429 = LINE('',#1430,#1431);
#1430 = CARTESIAN_POINT('',(43.550081280163,11.55015494031,1.26));
#1431 = VECTOR('',#1432,1.);
#1432 = DIRECTION('',(0.,0.,1.));
#1433 = ORIENTED_EDGE('',*,*,#1434,.T.);
#1434 = EDGE_CURVE('',#1425,#1346,#1435,.T.);
#1435 = LINE('',#1436,#1437);
#1436 = CARTESIAN_POINT('',(40.025040640081,11.55015494031,1.33));
#1437 = VECTOR('',#1438,1.);
#1438 = DIRECTION('',(-1.,0.,0.));
#1439 = ORIENTED_EDGE('',*,*,#1353,.T.);
#1440 = ORIENTED_EDGE('',*,*,#1441,.T.);
#1441 = EDGE_CURVE('',#1354,#1427,#1442,.T.);
#1442 = LINE('',#1443,#1444);
#1443 = CARTESIAN_POINT('',(39.725040640082,11.55015494031,2.45));
#1444 = VECTOR('',#1445,1.);
#1445 = DIRECTION('',(1.,0.,0.));
#1446 = PLANE('',#1447);
#1447 = AXIS2_PLACEMENT_3D('',#1448,#1449,#1450);
#1448 = CARTESIAN_POINT('',(36.650081280163,11.55015494031,1.26));
#1449 = DIRECTION('',(0.,1.,0.));
#1450 = DIRECTION('',(0.,0.,1.));
#1451 = ADVANCED_FACE('',(#1452),#1477,.F.);
#1452 = FACE_BOUND('',#1453,.F.);
#1453 = EDGE_LOOP('',(#1454,#1464,#1470,#1471));
#1454 = ORIENTED_EDGE('',*,*,#1455,.F.);
#1455 = EDGE_CURVE('',#1456,#1458,#1460,.T.);
#1456 = VERTEX_POINT('',#1457);
#1457 = CARTESIAN_POINT('',(43.550081280163,6.850134620268,1.33));
#1458 = VERTEX_POINT('',#1459);
#1459 = CARTESIAN_POINT('',(43.550081280163,6.850134620268,
    3.070025400051));
#1460 = LINE('',#1461,#1462);
#1461 = CARTESIAN_POINT('',(43.550081280163,6.850134620268,1.26));
#1462 = VECTOR('',#1463,1.);
#1463 = DIRECTION('',(0.,0.,1.));
#1464 = ORIENTED_EDGE('',*,*,#1465,.T.);
#1465 = EDGE_CURVE('',#1456,#1338,#1466,.T.);
#1466 = LINE('',#1467,#1468);
#1467 = CARTESIAN_POINT('',(40.025040640081,6.850134620268,1.33));
#1468 = VECTOR('',#1469,1.);
#1469 = DIRECTION('',(-1.,0.,0.));
#1470 = ORIENTED_EDGE('',*,*,#1337,.T.);
#1471 = ORIENTED_EDGE('',*,*,#1472,.T.);
#1472 = EDGE_CURVE('',#1330,#1458,#1473,.T.);
#1473 = LINE('',#1474,#1475);
#1474 = CARTESIAN_POINT('',(36.650081280163,6.850134620268,
    3.070025400051));
#1475 = VECTOR('',#1476,1.);
#1476 = DIRECTION('',(1.,0.,0.));
#1477 = PLANE('',#1478);
#1478 = AXIS2_PLACEMENT_3D('',#1479,#1480,#1481);
#1479 = CARTESIAN_POINT('',(36.650081280163,6.850134620268,1.26));
#1480 = DIRECTION('',(0.,1.,0.));
#1481 = DIRECTION('',(0.,0.,1.));
#1482 = ADVANCED_FACE('',(#1483),#1501,.F.);
#1483 = FACE_BOUND('',#1484,.F.);
#1484 = EDGE_LOOP('',(#1485,#1486,#1487,#1495));
#1485 = ORIENTED_EDGE('',*,*,#1472,.F.);
#1486 = ORIENTED_EDGE('',*,*,#1329,.T.);
#1487 = ORIENTED_EDGE('',*,*,#1488,.T.);
#1488 = EDGE_CURVE('',#1322,#1489,#1491,.T.);
#1489 = VERTEX_POINT('',#1490);
#1490 = CARTESIAN_POINT('',(43.550081280163,1.150134620269,
    3.070025400051));
#1491 = LINE('',#1492,#1493);
#1492 = CARTESIAN_POINT('',(36.650081280163,1.150134620269,
    3.070025400051));
#1493 = VECTOR('',#1494,1.);
#1494 = DIRECTION('',(1.,0.,0.));
#1495 = ORIENTED_EDGE('',*,*,#1496,.T.);
#1496 = EDGE_CURVE('',#1489,#1458,#1497,.T.);
#1497 = LINE('',#1498,#1499);
#1498 = CARTESIAN_POINT('',(43.550081280163,1.150134620269,
    3.070025400051));
#1499 = VECTOR('',#1500,1.);
#1500 = DIRECTION('',(0.,1.,0.));
#1501 = PLANE('',#1502);
#1502 = AXIS2_PLACEMENT_3D('',#1503,#1504,#1505);
#1503 = CARTESIAN_POINT('',(36.650081280163,1.150134620269,
    3.070025400051));
#1504 = DIRECTION('',(0.,0.,1.));
#1505 = DIRECTION('',(1.,0.,0.));
#1506 = ADVANCED_FACE('',(#1507),#1525,.T.);
#1507 = FACE_BOUND('',#1508,.T.);
#1508 = EDGE_LOOP('',(#1509,#1517,#1523,#1524));
#1509 = ORIENTED_EDGE('',*,*,#1510,.F.);
#1510 = EDGE_CURVE('',#1511,#1489,#1513,.T.);
#1511 = VERTEX_POINT('',#1512);
#1512 = CARTESIAN_POINT('',(43.550081280163,1.150134620269,1.33));
#1513 = LINE('',#1514,#1515);
#1514 = CARTESIAN_POINT('',(43.550081280163,1.150134620269,1.26));
#1515 = VECTOR('',#1516,1.);
#1516 = DIRECTION('',(0.,0.,1.));
#1517 = ORIENTED_EDGE('',*,*,#1518,.T.);
#1518 = EDGE_CURVE('',#1511,#1314,#1519,.T.);
#1519 = LINE('',#1520,#1521);
#1520 = CARTESIAN_POINT('',(40.025040640081,1.150134620269,1.33));
#1521 = VECTOR('',#1522,1.);
#1522 = DIRECTION('',(-1.,0.,0.));
#1523 = ORIENTED_EDGE('',*,*,#1321,.T.);
#1524 = ORIENTED_EDGE('',*,*,#1488,.T.);
#1525 = PLANE('',#1526);
#1526 = AXIS2_PLACEMENT_3D('',#1527,#1528,#1529);
#1527 = CARTESIAN_POINT('',(36.650081280163,1.150134620269,1.26));
#1528 = DIRECTION('',(0.,1.,0.));
#1529 = DIRECTION('',(0.,0.,1.));
#1530 = ADVANCED_FACE('',(#1531),#1604,.T.);
#1531 = FACE_BOUND('',#1532,.T.);
#1532 = EDGE_LOOP('',(#1533,#1541,#1549,#1557,#1565,#1573,#1581,#1589,
    #1597,#1603));
#1533 = ORIENTED_EDGE('',*,*,#1534,.F.);
#1534 = EDGE_CURVE('',#1535,#1403,#1537,.T.);
#1535 = VERTEX_POINT('',#1536);
#1536 = CARTESIAN_POINT('',(44.4,1.,4.18));
#1537 = LINE('',#1538,#1539);
#1538 = CARTESIAN_POINT('',(44.4,0.,4.18));
#1539 = VECTOR('',#1540,1.);
#1540 = DIRECTION('',(0.,1.,0.));
#1541 = ORIENTED_EDGE('',*,*,#1542,.T.);
#1542 = EDGE_CURVE('',#1535,#1543,#1545,.T.);
#1543 = VERTEX_POINT('',#1544);
#1544 = CARTESIAN_POINT('',(44.4,1.,1.33));
#1545 = LINE('',#1546,#1547);
#1546 = CARTESIAN_POINT('',(44.4,1.,1.28));
#1547 = VECTOR('',#1548,1.);
#1548 = DIRECTION('',(0.,0.,-1.));
#1549 = ORIENTED_EDGE('',*,*,#1550,.T.);
#1550 = EDGE_CURVE('',#1543,#1551,#1553,.T.);
#1551 = VERTEX_POINT('',#1552);
#1552 = CARTESIAN_POINT('',(44.4,18.048987812808,1.33));
#1553 = LINE('',#1554,#1555);
#1554 = CARTESIAN_POINT('',(44.4,0.,1.33));
#1555 = VECTOR('',#1556,1.);
#1556 = DIRECTION('',(0.,1.,0.));
#1557 = ORIENTED_EDGE('',*,*,#1558,.T.);
#1558 = EDGE_CURVE('',#1551,#1559,#1561,.T.);
#1559 = VERTEX_POINT('',#1560);
#1560 = CARTESIAN_POINT('',(44.4,18.048987812808,2.320025399346));
#1561 = LINE('',#1562,#1563);
#1562 = CARTESIAN_POINT('',(44.4,18.048987812808,1.295));
#1563 = VECTOR('',#1564,1.);
#1564 = DIRECTION('',(0.,0.,1.));
#1565 = ORIENTED_EDGE('',*,*,#1566,.F.);
#1566 = EDGE_CURVE('',#1567,#1559,#1569,.T.);
#1567 = VERTEX_POINT('',#1568);
#1568 = CARTESIAN_POINT('',(44.4,20.558987812808,2.320025399346));
#1569 = LINE('',#1570,#1571);
#1570 = CARTESIAN_POINT('',(44.4,9.024493906404,2.320025399346));
#1571 = VECTOR('',#1572,1.);
#1572 = DIRECTION('',(0.,-1.,0.));
#1573 = ORIENTED_EDGE('',*,*,#1574,.F.);
#1574 = EDGE_CURVE('',#1575,#1567,#1577,.T.);
#1575 = VERTEX_POINT('',#1576);
#1576 = CARTESIAN_POINT('',(44.4,20.558987812808,1.33));
#1577 = LINE('',#1578,#1579);
#1578 = CARTESIAN_POINT('',(44.4,20.558987812808,1.295));
#1579 = VECTOR('',#1580,1.);
#1580 = DIRECTION('',(0.,0.,1.));
#1581 = ORIENTED_EDGE('',*,*,#1582,.T.);
#1582 = EDGE_CURVE('',#1575,#1583,#1585,.T.);
#1583 = VERTEX_POINT('',#1584);
#1584 = CARTESIAN_POINT('',(44.4,24.8,1.33));
#1585 = LINE('',#1586,#1587);
#1586 = CARTESIAN_POINT('',(44.4,0.,1.33));
#1587 = VECTOR('',#1588,1.);
#1588 = DIRECTION('',(0.,1.,0.));
#1589 = ORIENTED_EDGE('',*,*,#1590,.T.);
#1590 = EDGE_CURVE('',#1583,#1591,#1593,.T.);
#1591 = VERTEX_POINT('',#1592);
#1592 = CARTESIAN_POINT('',(44.4,24.8,2.45));
#1593 = LINE('',#1594,#1595);
#1594 = CARTESIAN_POINT('',(44.4,24.8,1.33));
#1595 = VECTOR('',#1596,1.);
#1596 = DIRECTION('',(0.,0.,1.));
#1597 = ORIENTED_EDGE('',*,*,#1598,.T.);
#1598 = EDGE_CURVE('',#1591,#1394,#1599,.T.);
#1599 = LINE('',#1600,#1601);
#1600 = CARTESIAN_POINT('',(44.4,10.75,2.45));
#1601 = VECTOR('',#1602,1.);
#1602 = DIRECTION('',(0.,-1.,0.));
#1603 = ORIENTED_EDGE('',*,*,#1410,.T.);
#1604 = PLANE('',#1605);
#1605 = AXIS2_PLACEMENT_3D('',#1606,#1607,#1608);
#1606 = CARTESIAN_POINT('',(44.4,0.,1.33));
#1607 = DIRECTION('',(1.,0.,0.));
#1608 = DIRECTION('',(0.,0.,1.));
#1609 = ADVANCED_FACE('',(#1610),#1635,.T.);
#1610 = FACE_BOUND('',#1611,.T.);
#1611 = EDGE_LOOP('',(#1612,#1620,#1621,#1629));
#1612 = ORIENTED_EDGE('',*,*,#1613,.F.);
#1613 = EDGE_CURVE('',#1543,#1614,#1616,.T.);
#1614 = VERTEX_POINT('',#1615);
#1615 = CARTESIAN_POINT('',(50.2,1.,1.33));
#1616 = LINE('',#1617,#1618);
#1617 = CARTESIAN_POINT('',(22.,1.,1.33));
#1618 = VECTOR('',#1619,1.);
#1619 = DIRECTION('',(1.,0.,0.));
#1620 = ORIENTED_EDGE('',*,*,#1542,.F.);
#1621 = ORIENTED_EDGE('',*,*,#1622,.F.);
#1622 = EDGE_CURVE('',#1623,#1535,#1625,.T.);
#1623 = VERTEX_POINT('',#1624);
#1624 = CARTESIAN_POINT('',(50.2,1.,4.18));
#1625 = LINE('',#1626,#1627);
#1626 = CARTESIAN_POINT('',(22.,1.,4.18));
#1627 = VECTOR('',#1628,1.);
#1628 = DIRECTION('',(-1.,0.,0.));
#1629 = ORIENTED_EDGE('',*,*,#1630,.T.);
#1630 = EDGE_CURVE('',#1623,#1614,#1631,.T.);
#1631 = LINE('',#1632,#1633);
#1632 = CARTESIAN_POINT('',(50.2,1.,1.28));
#1633 = VECTOR('',#1634,1.);
#1634 = DIRECTION('',(0.,0.,-1.));
#1635 = PLANE('',#1636);
#1636 = AXIS2_PLACEMENT_3D('',#1637,#1638,#1639);
#1637 = CARTESIAN_POINT('',(2.,1.,1.23));
#1638 = DIRECTION('',(0.,1.,0.));
#1639 = DIRECTION('',(0.,0.,1.));
#1640 = ADVANCED_FACE('',(#1641),#1721,.F.);
#1641 = FACE_BOUND('',#1642,.F.);
#1642 = EDGE_LOOP('',(#1643,#1651,#1652,#1660,#1668,#1676,#1684,#1690,
    #1691,#1699,#1707,#1715));
#1643 = ORIENTED_EDGE('',*,*,#1644,.F.);
#1644 = EDGE_CURVE('',#466,#1645,#1647,.T.);
#1645 = VERTEX_POINT('',#1646);
#1646 = CARTESIAN_POINT('',(59.,23.8,4.18));
#1647 = LINE('',#1648,#1649);
#1648 = CARTESIAN_POINT('',(59.,19.,4.18));
#1649 = VECTOR('',#1650,1.);
#1650 = DIRECTION('',(0.,1.,0.));
#1651 = ORIENTED_EDGE('',*,*,#465,.F.);
#1652 = ORIENTED_EDGE('',*,*,#1653,.T.);
#1653 = EDGE_CURVE('',#458,#1654,#1656,.T.);
#1654 = VERTEX_POINT('',#1655);
#1655 = CARTESIAN_POINT('',(59.,20.935043175303,1.33));
#1656 = LINE('',#1657,#1658);
#1657 = CARTESIAN_POINT('',(59.,19.,1.33));
#1658 = VECTOR('',#1659,1.);
#1659 = DIRECTION('',(0.,1.,0.));
#1660 = ORIENTED_EDGE('',*,*,#1661,.T.);
#1661 = EDGE_CURVE('',#1654,#1662,#1664,.T.);
#1662 = VERTEX_POINT('',#1663);
#1663 = CARTESIAN_POINT('',(59.,20.935043175303,1.970025399798));
#1664 = LINE('',#1665,#1666);
#1665 = CARTESIAN_POINT('',(59.,20.935043175303,1.295));
#1666 = VECTOR('',#1667,1.);
#1667 = DIRECTION('',(0.,0.,1.));
#1668 = ORIENTED_EDGE('',*,*,#1669,.F.);
#1669 = EDGE_CURVE('',#1670,#1662,#1672,.T.);
#1670 = VERTEX_POINT('',#1671);
#1671 = CARTESIAN_POINT('',(59.,22.245043175302,1.970025399798));
#1672 = LINE('',#1673,#1674);
#1673 = CARTESIAN_POINT('',(59.,19.967521587652,1.970025399798));
#1674 = VECTOR('',#1675,1.);
#1675 = DIRECTION('',(0.,-1.,0.));
#1676 = ORIENTED_EDGE('',*,*,#1677,.F.);
#1677 = EDGE_CURVE('',#1678,#1670,#1680,.T.);
#1678 = VERTEX_POINT('',#1679);
#1679 = CARTESIAN_POINT('',(59.,22.245043175302,1.33));
#1680 = LINE('',#1681,#1682);
#1681 = CARTESIAN_POINT('',(59.,22.245043175302,1.295));
#1682 = VECTOR('',#1683,1.);
#1683 = DIRECTION('',(0.,0.,1.));
#1684 = ORIENTED_EDGE('',*,*,#1685,.T.);
#1685 = EDGE_CURVE('',#1678,#491,#1686,.T.);
#1686 = LINE('',#1687,#1688);
#1687 = CARTESIAN_POINT('',(59.,19.,1.33));
#1688 = VECTOR('',#1689,1.);
#1689 = DIRECTION('',(0.,1.,0.));
#1690 = ORIENTED_EDGE('',*,*,#514,.F.);
#1691 = ORIENTED_EDGE('',*,*,#1692,.F.);
#1692 = EDGE_CURVE('',#1693,#507,#1695,.T.);
#1693 = VERTEX_POINT('',#1694);
#1694 = CARTESIAN_POINT('',(59.,24.8,4.18));
#1695 = LINE('',#1696,#1697);
#1696 = CARTESIAN_POINT('',(59.,19.,4.18));
#1697 = VECTOR('',#1698,1.);
#1698 = DIRECTION('',(0.,1.,0.));
#1699 = ORIENTED_EDGE('',*,*,#1700,.F.);
#1700 = EDGE_CURVE('',#1701,#1693,#1703,.T.);
#1701 = VERTEX_POINT('',#1702);
#1702 = CARTESIAN_POINT('',(59.,24.8,3.18));
#1703 = LINE('',#1704,#1705);
#1704 = CARTESIAN_POINT('',(59.,24.8,2.255));
#1705 = VECTOR('',#1706,1.);
#1706 = DIRECTION('',(0.,0.,1.));
#1707 = ORIENTED_EDGE('',*,*,#1708,.T.);
#1708 = EDGE_CURVE('',#1701,#1709,#1711,.T.);
#1709 = VERTEX_POINT('',#1710);
#1710 = CARTESIAN_POINT('',(59.,23.8,3.18));
#1711 = LINE('',#1712,#1713);
#1712 = CARTESIAN_POINT('',(59.,21.4,3.18));
#1713 = VECTOR('',#1714,1.);
#1714 = DIRECTION('',(0.,-1.,0.));
#1715 = ORIENTED_EDGE('',*,*,#1716,.T.);
#1716 = EDGE_CURVE('',#1709,#1645,#1717,.T.);
#1717 = LINE('',#1718,#1719);
#1718 = CARTESIAN_POINT('',(59.,23.8,2.255));
#1719 = VECTOR('',#1720,1.);
#1720 = DIRECTION('',(0.,0.,1.));
#1721 = PLANE('',#1722);
#1722 = AXIS2_PLACEMENT_3D('',#1723,#1724,#1725);
#1723 = CARTESIAN_POINT('',(59.,19.,1.33));
#1724 = DIRECTION('',(1.,0.,0.));
#1725 = DIRECTION('',(0.,0.,1.));
#1726 = ADVANCED_FACE('',(#1727),#1752,.F.);
#1727 = FACE_BOUND('',#1728,.F.);
#1728 = EDGE_LOOP('',(#1729,#1730,#1738,#1746));
#1729 = ORIENTED_EDGE('',*,*,#1424,.F.);
#1730 = ORIENTED_EDGE('',*,*,#1731,.T.);
#1731 = EDGE_CURVE('',#1425,#1732,#1734,.T.);
#1732 = VERTEX_POINT('',#1733);
#1733 = CARTESIAN_POINT('',(43.550081280163,17.250154940309,1.33));
#1734 = LINE('',#1735,#1736);
#1735 = CARTESIAN_POINT('',(43.550081280163,5.775077470155,1.33));
#1736 = VECTOR('',#1737,1.);
#1737 = DIRECTION('',(0.,1.,0.));
#1738 = ORIENTED_EDGE('',*,*,#1739,.T.);
#1739 = EDGE_CURVE('',#1732,#1740,#1742,.T.);
#1740 = VERTEX_POINT('',#1741);
#1741 = CARTESIAN_POINT('',(43.550081280163,17.250154940309,2.45));
#1742 = LINE('',#1743,#1744);
#1743 = CARTESIAN_POINT('',(43.550081280163,17.250154940309,1.26));
#1744 = VECTOR('',#1745,1.);
#1745 = DIRECTION('',(0.,0.,1.));
#1746 = ORIENTED_EDGE('',*,*,#1747,.T.);
#1747 = EDGE_CURVE('',#1740,#1427,#1748,.T.);
#1748 = LINE('',#1749,#1750);
#1749 = CARTESIAN_POINT('',(43.550081280163,10.525077470155,2.45));
#1750 = VECTOR('',#1751,1.);
#1751 = DIRECTION('',(0.,-1.,0.));
#1752 = PLANE('',#1753);
#1753 = AXIS2_PLACEMENT_3D('',#1754,#1755,#1756);
#1754 = CARTESIAN_POINT('',(43.550081280163,11.55015494031,1.26));
#1755 = DIRECTION('',(1.,0.,0.));
#1756 = DIRECTION('',(0.,0.,1.));
#1757 = ADVANCED_FACE('',(#1758),#1783,.F.);
#1758 = FACE_BOUND('',#1759,.F.);
#1759 = EDGE_LOOP('',(#1760,#1761,#1769,#1777));
#1760 = ORIENTED_EDGE('',*,*,#1739,.F.);
#1761 = ORIENTED_EDGE('',*,*,#1762,.T.);
#1762 = EDGE_CURVE('',#1732,#1763,#1765,.T.);
#1763 = VERTEX_POINT('',#1764);
#1764 = CARTESIAN_POINT('',(43.4,17.250154940309,1.33));
#1765 = LINE('',#1766,#1767);
#1766 = CARTESIAN_POINT('',(40.025040640081,17.250154940309,1.33));
#1767 = VECTOR('',#1768,1.);
#1768 = DIRECTION('',(-1.,0.,0.));
#1769 = ORIENTED_EDGE('',*,*,#1770,.T.);
#1770 = EDGE_CURVE('',#1763,#1771,#1773,.T.);
#1771 = VERTEX_POINT('',#1772);
#1772 = CARTESIAN_POINT('',(43.4,17.250154940309,2.45));
#1773 = LINE('',#1774,#1775);
#1774 = CARTESIAN_POINT('',(43.4,17.250154940309,1.295));
#1775 = VECTOR('',#1776,1.);
#1776 = DIRECTION('',(0.,0.,1.));
#1777 = ORIENTED_EDGE('',*,*,#1778,.T.);
#1778 = EDGE_CURVE('',#1771,#1740,#1779,.T.);
#1779 = LINE('',#1780,#1781);
#1780 = CARTESIAN_POINT('',(39.725040640082,17.250154940309,2.45));
#1781 = VECTOR('',#1782,1.);
#1782 = DIRECTION('',(1.,0.,0.));
#1783 = PLANE('',#1784);
#1784 = AXIS2_PLACEMENT_3D('',#1785,#1786,#1787);
#1785 = CARTESIAN_POINT('',(36.650081280163,17.250154940309,1.26));
#1786 = DIRECTION('',(0.,1.,0.));
#1787 = DIRECTION('',(0.,0.,1.));
#1788 = ADVANCED_FACE('',(#1789),#1814,.F.);
#1789 = FACE_BOUND('',#1790,.F.);
#1790 = EDGE_LOOP('',(#1791,#1801,#1807,#1808));
#1791 = ORIENTED_EDGE('',*,*,#1792,.T.);
#1792 = EDGE_CURVE('',#1793,#1795,#1797,.T.);
#1793 = VERTEX_POINT('',#1794);
#1794 = CARTESIAN_POINT('',(43.4,24.8,1.33));
#1795 = VERTEX_POINT('',#1796);
#1796 = CARTESIAN_POINT('',(43.4,24.8,2.45));
#1797 = LINE('',#1798,#1799);
#1798 = CARTESIAN_POINT('',(43.4,24.8,1.33));
#1799 = VECTOR('',#1800,1.);
#1800 = DIRECTION('',(0.,0.,1.));
#1801 = ORIENTED_EDGE('',*,*,#1802,.T.);
#1802 = EDGE_CURVE('',#1795,#1771,#1803,.T.);
#1803 = LINE('',#1804,#1805);
#1804 = CARTESIAN_POINT('',(43.4,4.75,2.45));
#1805 = VECTOR('',#1806,1.);
#1806 = DIRECTION('',(0.,-1.,0.));
#1807 = ORIENTED_EDGE('',*,*,#1770,.F.);
#1808 = ORIENTED_EDGE('',*,*,#1809,.T.);
#1809 = EDGE_CURVE('',#1763,#1793,#1810,.T.);
#1810 = LINE('',#1811,#1812);
#1811 = CARTESIAN_POINT('',(43.4,0.,1.33));
#1812 = VECTOR('',#1813,1.);
#1813 = DIRECTION('',(0.,1.,0.));
#1814 = PLANE('',#1815);
#1815 = AXIS2_PLACEMENT_3D('',#1816,#1817,#1818);
#1816 = CARTESIAN_POINT('',(43.4,0.,1.33));
#1817 = DIRECTION('',(1.,0.,0.));
#1818 = DIRECTION('',(0.,0.,1.));
#1819 = ADVANCED_FACE('',(#1820),#1831,.F.);
#1820 = FACE_BOUND('',#1821,.F.);
#1821 = EDGE_LOOP('',(#1822,#1823,#1829,#1830));
#1822 = ORIENTED_EDGE('',*,*,#1510,.F.);
#1823 = ORIENTED_EDGE('',*,*,#1824,.T.);
#1824 = EDGE_CURVE('',#1511,#1456,#1825,.T.);
#1825 = LINE('',#1826,#1827);
#1826 = CARTESIAN_POINT('',(43.550081280163,0.575067310134,1.33));
#1827 = VECTOR('',#1828,1.);
#1828 = DIRECTION('',(0.,1.,0.));
#1829 = ORIENTED_EDGE('',*,*,#1455,.T.);
#1830 = ORIENTED_EDGE('',*,*,#1496,.F.);
#1831 = PLANE('',#1832);
#1832 = AXIS2_PLACEMENT_3D('',#1833,#1834,#1835);
#1833 = CARTESIAN_POINT('',(43.550081280163,1.150134620269,1.26));
#1834 = DIRECTION('',(1.,0.,0.));
#1835 = DIRECTION('',(0.,0.,1.));
#1836 = ADVANCED_FACE('',(#1837),#1853,.T.);
#1837 = FACE_BOUND('',#1838,.T.);
#1838 = EDGE_LOOP('',(#1839,#1840,#1846,#1847));
#1839 = ORIENTED_EDGE('',*,*,#1590,.F.);
#1840 = ORIENTED_EDGE('',*,*,#1841,.F.);
#1841 = EDGE_CURVE('',#1793,#1583,#1842,.T.);
#1842 = LINE('',#1843,#1844);
#1843 = CARTESIAN_POINT('',(43.4,24.8,1.33));
#1844 = VECTOR('',#1845,1.);
#1845 = DIRECTION('',(1.,0.,0.));
#1846 = ORIENTED_EDGE('',*,*,#1792,.T.);
#1847 = ORIENTED_EDGE('',*,*,#1848,.T.);
#1848 = EDGE_CURVE('',#1795,#1591,#1849,.T.);
#1849 = LINE('',#1850,#1851);
#1850 = CARTESIAN_POINT('',(43.1,24.8,2.45));
#1851 = VECTOR('',#1852,1.);
#1852 = DIRECTION('',(1.,0.,0.));
#1853 = PLANE('',#1854);
#1854 = AXIS2_PLACEMENT_3D('',#1855,#1856,#1857);
#1855 = CARTESIAN_POINT('',(43.4,24.8,1.33));
#1856 = DIRECTION('',(0.,1.,0.));
#1857 = DIRECTION('',(0.,0.,1.));
#1858 = ADVANCED_FACE('',(#1859),#1884,.F.);
#1859 = FACE_BOUND('',#1860,.F.);
#1860 = EDGE_LOOP('',(#1861,#1869,#1877,#1883));
#1861 = ORIENTED_EDGE('',*,*,#1862,.T.);
#1862 = EDGE_CURVE('',#1575,#1863,#1865,.T.);
#1863 = VERTEX_POINT('',#1864);
#1864 = CARTESIAN_POINT('',(44.36001524003,20.558987812808,1.33));
#1865 = LINE('',#1866,#1867);
#1866 = CARTESIAN_POINT('',(43.880007620015,20.558987812808,1.33));
#1867 = VECTOR('',#1868,1.);
#1868 = DIRECTION('',(-1.,0.,0.));
#1869 = ORIENTED_EDGE('',*,*,#1870,.T.);
#1870 = EDGE_CURVE('',#1863,#1871,#1873,.T.);
#1871 = VERTEX_POINT('',#1872);
#1872 = CARTESIAN_POINT('',(44.36001524003,20.558987812808,
    2.320025399346));
#1873 = LINE('',#1874,#1875);
#1874 = CARTESIAN_POINT('',(44.36001524003,20.558987812808,1.26));
#1875 = VECTOR('',#1876,1.);
#1876 = DIRECTION('',(0.,0.,1.));
#1877 = ORIENTED_EDGE('',*,*,#1878,.T.);
#1878 = EDGE_CURVE('',#1871,#1567,#1879,.T.);
#1879 = LINE('',#1880,#1881);
#1880 = CARTESIAN_POINT('',(44.36001524003,20.558987812808,
    2.320025399346));
#1881 = VECTOR('',#1882,1.);
#1882 = DIRECTION('',(1.,0.,0.));
#1883 = ORIENTED_EDGE('',*,*,#1574,.F.);
#1884 = PLANE('',#1885);
#1885 = AXIS2_PLACEMENT_3D('',#1886,#1887,#1888);
#1886 = CARTESIAN_POINT('',(44.36001524003,20.558987812808,1.26));
#1887 = DIRECTION('',(0.,1.,0.));
#1888 = DIRECTION('',(0.,0.,1.));
#1889 = ADVANCED_FACE('',(#1890),#1915,.T.);
#1890 = FACE_BOUND('',#1891,.T.);
#1891 = EDGE_LOOP('',(#1892,#1902,#1908,#1909));
#1892 = ORIENTED_EDGE('',*,*,#1893,.F.);
#1893 = EDGE_CURVE('',#1894,#1896,#1898,.T.);
#1894 = VERTEX_POINT('',#1895);
#1895 = CARTESIAN_POINT('',(44.36001524003,18.048987812808,1.33));
#1896 = VERTEX_POINT('',#1897);
#1897 = CARTESIAN_POINT('',(44.36001524003,18.048987812808,
    2.320025399346));
#1898 = LINE('',#1899,#1900);
#1899 = CARTESIAN_POINT('',(44.36001524003,18.048987812808,1.26));
#1900 = VECTOR('',#1901,1.);
#1901 = DIRECTION('',(0.,0.,1.));
#1902 = ORIENTED_EDGE('',*,*,#1903,.T.);
#1903 = EDGE_CURVE('',#1894,#1863,#1904,.T.);
#1904 = LINE('',#1905,#1906);
#1905 = CARTESIAN_POINT('',(44.36001524003,9.024493906404,1.33));
#1906 = VECTOR('',#1907,1.);
#1907 = DIRECTION('',(0.,1.,0.));
#1908 = ORIENTED_EDGE('',*,*,#1870,.T.);
#1909 = ORIENTED_EDGE('',*,*,#1910,.F.);
#1910 = EDGE_CURVE('',#1896,#1871,#1911,.T.);
#1911 = LINE('',#1912,#1913);
#1912 = CARTESIAN_POINT('',(44.36001524003,18.048987812808,
    2.320025399346));
#1913 = VECTOR('',#1914,1.);
#1914 = DIRECTION('',(0.,1.,0.));
#1915 = PLANE('',#1916);
#1916 = AXIS2_PLACEMENT_3D('',#1917,#1918,#1919);
#1917 = CARTESIAN_POINT('',(44.36001524003,18.048987812808,1.26));
#1918 = DIRECTION('',(1.,0.,0.));
#1919 = DIRECTION('',(0.,0.,1.));
#1920 = ADVANCED_FACE('',(#1921),#1937,.T.);
#1921 = FACE_BOUND('',#1922,.T.);
#1922 = EDGE_LOOP('',(#1923,#1929,#1930,#1936));
#1923 = ORIENTED_EDGE('',*,*,#1924,.T.);
#1924 = EDGE_CURVE('',#1551,#1894,#1925,.T.);
#1925 = LINE('',#1926,#1927);
#1926 = CARTESIAN_POINT('',(43.880007620015,18.048987812808,1.33));
#1927 = VECTOR('',#1928,1.);
#1928 = DIRECTION('',(-1.,0.,0.));
#1929 = ORIENTED_EDGE('',*,*,#1893,.T.);
#1930 = ORIENTED_EDGE('',*,*,#1931,.T.);
#1931 = EDGE_CURVE('',#1896,#1559,#1932,.T.);
#1932 = LINE('',#1933,#1934);
#1933 = CARTESIAN_POINT('',(44.36001524003,18.048987812808,
    2.320025399346));
#1934 = VECTOR('',#1935,1.);
#1935 = DIRECTION('',(1.,0.,0.));
#1936 = ORIENTED_EDGE('',*,*,#1558,.F.);
#1937 = PLANE('',#1938);
#1938 = AXIS2_PLACEMENT_3D('',#1939,#1940,#1941);
#1939 = CARTESIAN_POINT('',(44.36001524003,18.048987812808,1.26));
#1940 = DIRECTION('',(0.,1.,0.));
#1941 = DIRECTION('',(0.,0.,1.));
#1942 = ADVANCED_FACE('',(#1943),#1949,.F.);
#1943 = FACE_BOUND('',#1944,.F.);
#1944 = EDGE_LOOP('',(#1945,#1946,#1947,#1948));
#1945 = ORIENTED_EDGE('',*,*,#1878,.F.);
#1946 = ORIENTED_EDGE('',*,*,#1910,.F.);
#1947 = ORIENTED_EDGE('',*,*,#1931,.T.);
#1948 = ORIENTED_EDGE('',*,*,#1566,.F.);
#1949 = PLANE('',#1950);
#1950 = AXIS2_PLACEMENT_3D('',#1951,#1952,#1953);
#1951 = CARTESIAN_POINT('',(44.36001524003,18.048987812808,
    2.320025399346));
#1952 = DIRECTION('',(0.,0.,1.));
#1953 = DIRECTION('',(1.,0.,0.));
#1954 = ADVANCED_FACE('',(#1955),#1996,.F.);
#1955 = FACE_BOUND('',#1956,.F.);
#1956 = EDGE_LOOP('',(#1957,#1965,#1966,#1974,#1982,#1990));
#1957 = ORIENTED_EDGE('',*,*,#1958,.F.);
#1958 = EDGE_CURVE('',#1623,#1959,#1961,.T.);
#1959 = VERTEX_POINT('',#1960);
#1960 = CARTESIAN_POINT('',(50.2,6.14482165053,4.18));
#1961 = LINE('',#1962,#1963);
#1962 = CARTESIAN_POINT('',(50.2,0.,4.18));
#1963 = VECTOR('',#1964,1.);
#1964 = DIRECTION('',(0.,1.,0.));
#1965 = ORIENTED_EDGE('',*,*,#1630,.T.);
#1966 = ORIENTED_EDGE('',*,*,#1967,.T.);
#1967 = EDGE_CURVE('',#1614,#1968,#1970,.T.);
#1968 = VERTEX_POINT('',#1969);
#1969 = CARTESIAN_POINT('',(50.2,5.9501498603,1.33));
#1970 = LINE('',#1971,#1972);
#1971 = CARTESIAN_POINT('',(50.2,0.,1.33));
#1972 = VECTOR('',#1973,1.);
#1973 = DIRECTION('',(0.,1.,0.));
#1974 = ORIENTED_EDGE('',*,*,#1975,.T.);
#1975 = EDGE_CURVE('',#1968,#1976,#1978,.T.);
#1976 = VERTEX_POINT('',#1977);
#1977 = CARTESIAN_POINT('',(50.2,5.9501498603,3.070025400051));
#1978 = LINE('',#1979,#1980);
#1979 = CARTESIAN_POINT('',(50.2,5.9501498603,1.295));
#1980 = VECTOR('',#1981,1.);
#1981 = DIRECTION('',(0.,0.,1.));
#1982 = ORIENTED_EDGE('',*,*,#1983,.F.);
#1983 = EDGE_CURVE('',#1984,#1976,#1986,.T.);
#1984 = VERTEX_POINT('',#1985);
#1985 = CARTESIAN_POINT('',(50.2,6.14482165053,3.070025400051));
#1986 = LINE('',#1987,#1988);
#1987 = CARTESIAN_POINT('',(50.2,2.97507493015,3.070025400051));
#1988 = VECTOR('',#1989,1.);
#1989 = DIRECTION('',(0.,-1.,0.));
#1990 = ORIENTED_EDGE('',*,*,#1991,.T.);
#1991 = EDGE_CURVE('',#1984,#1959,#1992,.T.);
#1992 = LINE('',#1993,#1994);
#1993 = CARTESIAN_POINT('',(50.2,6.14482165053,2.83));
#1994 = VECTOR('',#1995,1.);
#1995 = DIRECTION('',(0.,0.,1.));
#1996 = PLANE('',#1997);
#1997 = AXIS2_PLACEMENT_3D('',#1998,#1999,#2000);
#1998 = CARTESIAN_POINT('',(50.2,0.,1.33));
#1999 = DIRECTION('',(1.,0.,0.));
#2000 = DIRECTION('',(0.,0.,1.));
#2001 = ADVANCED_FACE('',(#2002),#2027,.F.);
#2002 = FACE_BOUND('',#2003,.F.);
#2003 = EDGE_LOOP('',(#2004,#2012,#2020,#2026));
#2004 = ORIENTED_EDGE('',*,*,#2005,.F.);
#2005 = EDGE_CURVE('',#2006,#1709,#2008,.T.);
#2006 = VERTEX_POINT('',#2007);
#2007 = CARTESIAN_POINT('',(51.2,23.8,3.18));
#2008 = LINE('',#2009,#2010);
#2009 = CARTESIAN_POINT('',(43.4,23.8,3.18));
#2010 = VECTOR('',#2011,1.);
#2011 = DIRECTION('',(1.,0.,0.));
#2012 = ORIENTED_EDGE('',*,*,#2013,.T.);
#2013 = EDGE_CURVE('',#2006,#2014,#2016,.T.);
#2014 = VERTEX_POINT('',#2015);
#2015 = CARTESIAN_POINT('',(51.2,23.8,4.18));
#2016 = LINE('',#2017,#2018);
#2017 = CARTESIAN_POINT('',(51.2,23.8,2.255));
#2018 = VECTOR('',#2019,1.);
#2019 = DIRECTION('',(0.,0.,1.));
#2020 = ORIENTED_EDGE('',*,*,#2021,.T.);
#2021 = EDGE_CURVE('',#2014,#1645,#2022,.T.);
#2022 = LINE('',#2023,#2024);
#2023 = CARTESIAN_POINT('',(43.4,23.8,4.18));
#2024 = VECTOR('',#2025,1.);
#2025 = DIRECTION('',(1.,0.,0.));
#2026 = ORIENTED_EDGE('',*,*,#1716,.F.);
#2027 = PLANE('',#2028);
#2028 = AXIS2_PLACEMENT_3D('',#2029,#2030,#2031);
#2029 = CARTESIAN_POINT('',(43.4,23.8,3.18));
#2030 = DIRECTION('',(0.,1.,0.));
#2031 = DIRECTION('',(0.,0.,1.));
#2032 = ADVANCED_FACE('',(#2033),#2051,.F.);
#2033 = FACE_BOUND('',#2034,.F.);
#2034 = EDGE_LOOP('',(#2035,#2043,#2044,#2045));
#2035 = ORIENTED_EDGE('',*,*,#2036,.T.);
#2036 = EDGE_CURVE('',#2037,#2006,#2039,.T.);
#2037 = VERTEX_POINT('',#2038);
#2038 = CARTESIAN_POINT('',(51.2,24.8,3.18));
#2039 = LINE('',#2040,#2041);
#2040 = CARTESIAN_POINT('',(51.2,11.9,3.18));
#2041 = VECTOR('',#2042,1.);
#2042 = DIRECTION('',(0.,-1.,0.));
#2043 = ORIENTED_EDGE('',*,*,#2005,.T.);
#2044 = ORIENTED_EDGE('',*,*,#1708,.F.);
#2045 = ORIENTED_EDGE('',*,*,#2046,.F.);
#2046 = EDGE_CURVE('',#2037,#1701,#2047,.T.);
#2047 = LINE('',#2048,#2049);
#2048 = CARTESIAN_POINT('',(43.4,24.8,3.18));
#2049 = VECTOR('',#2050,1.);
#2050 = DIRECTION('',(1.,0.,0.));
#2051 = PLANE('',#2052);
#2052 = AXIS2_PLACEMENT_3D('',#2053,#2054,#2055);
#2053 = CARTESIAN_POINT('',(43.4,23.8,3.18));
#2054 = DIRECTION('',(0.,0.,1.));
#2055 = DIRECTION('',(1.,0.,0.));
#2056 = ADVANCED_FACE('',(#2057),#2082,.F.);
#2057 = FACE_BOUND('',#2058,.F.);
#2058 = EDGE_LOOP('',(#2059,#2069,#2075,#2076));
#2059 = ORIENTED_EDGE('',*,*,#2060,.F.);
#2060 = EDGE_CURVE('',#2061,#2063,#2065,.T.);
#2061 = VERTEX_POINT('',#2062);
#2062 = CARTESIAN_POINT('',(59.480116840234,22.245043175302,1.33));
#2063 = VERTEX_POINT('',#2064);
#2064 = CARTESIAN_POINT('',(59.480116840234,22.245043175302,
    1.970025399798));
#2065 = LINE('',#2066,#2067);
#2066 = CARTESIAN_POINT('',(59.480116840234,22.245043175302,1.26));
#2067 = VECTOR('',#2068,1.);
#2068 = DIRECTION('',(0.,0.,1.));
#2069 = ORIENTED_EDGE('',*,*,#2070,.T.);
#2070 = EDGE_CURVE('',#2061,#1678,#2071,.T.);
#2071 = LINE('',#2072,#2073);
#2072 = CARTESIAN_POINT('',(58.180058420117,22.245043175302,1.33));
#2073 = VECTOR('',#2074,1.);
#2074 = DIRECTION('',(-1.,0.,0.));
#2075 = ORIENTED_EDGE('',*,*,#1677,.T.);
#2076 = ORIENTED_EDGE('',*,*,#2077,.T.);
#2077 = EDGE_CURVE('',#1670,#2063,#2078,.T.);
#2078 = LINE('',#2079,#2080);
#2079 = CARTESIAN_POINT('',(57.360116840234,22.245043175302,
    1.970025399798));
#2080 = VECTOR('',#2081,1.);
#2081 = DIRECTION('',(1.,0.,0.));
#2082 = PLANE('',#2083);
#2083 = AXIS2_PLACEMENT_3D('',#2084,#2085,#2086);
#2084 = CARTESIAN_POINT('',(57.360116840234,22.245043175302,1.26));
#2085 = DIRECTION('',(0.,1.,0.));
#2086 = DIRECTION('',(0.,0.,1.));
#2087 = ADVANCED_FACE('',(#2088),#2106,.F.);
#2088 = FACE_BOUND('',#2089,.F.);
#2089 = EDGE_LOOP('',(#2090,#2091,#2092,#2100));
#2090 = ORIENTED_EDGE('',*,*,#2077,.F.);
#2091 = ORIENTED_EDGE('',*,*,#1669,.T.);
#2092 = ORIENTED_EDGE('',*,*,#2093,.T.);
#2093 = EDGE_CURVE('',#1662,#2094,#2096,.T.);
#2094 = VERTEX_POINT('',#2095);
#2095 = CARTESIAN_POINT('',(59.480116840234,20.935043175303,
    1.970025399798));
#2096 = LINE('',#2097,#2098);
#2097 = CARTESIAN_POINT('',(57.360116840234,20.935043175303,
    1.970025399798));
#2098 = VECTOR('',#2099,1.);
#2099 = DIRECTION('',(1.,0.,0.));
#2100 = ORIENTED_EDGE('',*,*,#2101,.T.);
#2101 = EDGE_CURVE('',#2094,#2063,#2102,.T.);
#2102 = LINE('',#2103,#2104);
#2103 = CARTESIAN_POINT('',(59.480116840234,20.935043175303,
    1.970025399798));
#2104 = VECTOR('',#2105,1.);
#2105 = DIRECTION('',(0.,1.,0.));
#2106 = PLANE('',#2107);
#2107 = AXIS2_PLACEMENT_3D('',#2108,#2109,#2110);
#2108 = CARTESIAN_POINT('',(57.360116840234,20.935043175303,
    1.970025399798));
#2109 = DIRECTION('',(0.,0.,1.));
#2110 = DIRECTION('',(1.,0.,0.));
#2111 = ADVANCED_FACE('',(#2112),#2130,.T.);
#2112 = FACE_BOUND('',#2113,.T.);
#2113 = EDGE_LOOP('',(#2114,#2122,#2128,#2129));
#2114 = ORIENTED_EDGE('',*,*,#2115,.F.);
#2115 = EDGE_CURVE('',#2116,#2094,#2118,.T.);
#2116 = VERTEX_POINT('',#2117);
#2117 = CARTESIAN_POINT('',(59.480116840234,20.935043175303,1.33));
#2118 = LINE('',#2119,#2120);
#2119 = CARTESIAN_POINT('',(59.480116840234,20.935043175303,1.26));
#2120 = VECTOR('',#2121,1.);
#2121 = DIRECTION('',(0.,0.,1.));
#2122 = ORIENTED_EDGE('',*,*,#2123,.T.);
#2123 = EDGE_CURVE('',#2116,#1654,#2124,.T.);
#2124 = LINE('',#2125,#2126);
#2125 = CARTESIAN_POINT('',(58.180058420117,20.935043175303,1.33));
#2126 = VECTOR('',#2127,1.);
#2127 = DIRECTION('',(-1.,0.,0.));
#2128 = ORIENTED_EDGE('',*,*,#1661,.T.);
#2129 = ORIENTED_EDGE('',*,*,#2093,.T.);
#2130 = PLANE('',#2131);
#2131 = AXIS2_PLACEMENT_3D('',#2132,#2133,#2134);
#2132 = CARTESIAN_POINT('',(57.360116840234,20.935043175303,1.26));
#2133 = DIRECTION('',(0.,1.,0.));
#2134 = DIRECTION('',(0.,0.,1.));
#2135 = ADVANCED_FACE('',(#2136),#2163,.F.);
#2136 = FACE_BOUND('',#2137,.F.);
#2137 = EDGE_LOOP('',(#2138,#2139,#2148,#2156));
#2138 = ORIENTED_EDGE('',*,*,#1991,.F.);
#2139 = ORIENTED_EDGE('',*,*,#2140,.T.);
#2140 = EDGE_CURVE('',#1984,#2141,#2143,.T.);
#2141 = VERTEX_POINT('',#2142);
#2142 = CARTESIAN_POINT('',(51.2,7.111810958387,3.070025400051));
#2143 = CIRCLE('',#2144,3.1);
#2144 = AXIS2_PLACEMENT_3D('',#2145,#2146,#2147);
#2145 = CARTESIAN_POINT('',(48.6,8.80000526,3.070025400051));
#2146 = DIRECTION('',(0.,0.,1.));
#2147 = DIRECTION('',(1.,0.,0.));
#2148 = ORIENTED_EDGE('',*,*,#2149,.T.);
#2149 = EDGE_CURVE('',#2141,#2150,#2152,.T.);
#2150 = VERTEX_POINT('',#2151);
#2151 = CARTESIAN_POINT('',(51.2,7.111810958387,4.18));
#2152 = LINE('',#2153,#2154);
#2153 = CARTESIAN_POINT('',(51.2,7.111810958387,2.83));
#2154 = VECTOR('',#2155,1.);
#2155 = DIRECTION('',(0.,0.,1.));
#2156 = ORIENTED_EDGE('',*,*,#2157,.F.);
#2157 = EDGE_CURVE('',#1959,#2150,#2158,.T.);
#2158 = CIRCLE('',#2159,3.1);
#2159 = AXIS2_PLACEMENT_3D('',#2160,#2161,#2162);
#2160 = CARTESIAN_POINT('',(48.6,8.80000526,4.18));
#2161 = DIRECTION('',(0.,0.,1.));
#2162 = DIRECTION('',(1.,0.,0.));
#2163 = CYLINDRICAL_SURFACE('',#2164,3.1);
#2164 = AXIS2_PLACEMENT_3D('',#2165,#2166,#2167);
#2165 = CARTESIAN_POINT('',(48.6,8.80000526,2.83));
#2166 = DIRECTION('',(0.,0.,1.));
#2167 = DIRECTION('',(1.,0.,0.));
#2168 = ADVANCED_FACE('',(#2169),#2187,.F.);
#2169 = FACE_BOUND('',#2170,.F.);
#2170 = EDGE_LOOP('',(#2171,#2172,#2173,#2181));
#2171 = ORIENTED_EDGE('',*,*,#2140,.F.);
#2172 = ORIENTED_EDGE('',*,*,#1983,.T.);
#2173 = ORIENTED_EDGE('',*,*,#2174,.T.);
#2174 = EDGE_CURVE('',#1976,#2175,#2177,.T.);
#2175 = VERTEX_POINT('',#2176);
#2176 = CARTESIAN_POINT('',(51.2,5.9501498603,3.070025400051));
#2177 = LINE('',#2178,#2179);
#2178 = CARTESIAN_POINT('',(45.150096520193,5.9501498603,3.070025400051)
  );
#2179 = VECTOR('',#2180,1.);
#2180 = DIRECTION('',(1.,0.,0.));
#2181 = ORIENTED_EDGE('',*,*,#2182,.F.);
#2182 = EDGE_CURVE('',#2141,#2175,#2183,.T.);
#2183 = LINE('',#2184,#2185);
#2184 = CARTESIAN_POINT('',(51.2,2.97507493015,3.070025400051));
#2185 = VECTOR('',#2186,1.);
#2186 = DIRECTION('',(0.,-1.,0.));
#2187 = PLANE('',#2188);
#2188 = AXIS2_PLACEMENT_3D('',#2189,#2190,#2191);
#2189 = CARTESIAN_POINT('',(45.150096520193,5.9501498603,3.070025400051)
  );
#2190 = DIRECTION('',(0.,0.,1.));
#2191 = DIRECTION('',(1.,0.,0.));
#2192 = ADVANCED_FACE('',(#2193),#2211,.T.);
#2193 = FACE_BOUND('',#2194,.T.);
#2194 = EDGE_LOOP('',(#2195,#2196,#2204,#2210));
#2195 = ORIENTED_EDGE('',*,*,#2174,.T.);
#2196 = ORIENTED_EDGE('',*,*,#2197,.F.);
#2197 = EDGE_CURVE('',#2198,#2175,#2200,.T.);
#2198 = VERTEX_POINT('',#2199);
#2199 = CARTESIAN_POINT('',(51.2,5.9501498603,1.33));
#2200 = LINE('',#2201,#2202);
#2201 = CARTESIAN_POINT('',(51.2,5.9501498603,1.295));
#2202 = VECTOR('',#2203,1.);
#2203 = DIRECTION('',(0.,0.,1.));
#2204 = ORIENTED_EDGE('',*,*,#2205,.T.);
#2205 = EDGE_CURVE('',#2198,#1968,#2206,.T.);
#2206 = LINE('',#2207,#2208);
#2207 = CARTESIAN_POINT('',(47.675048260097,5.9501498603,1.33));
#2208 = VECTOR('',#2209,1.);
#2209 = DIRECTION('',(-1.,0.,0.));
#2210 = ORIENTED_EDGE('',*,*,#1975,.T.);
#2211 = PLANE('',#2212);
#2212 = AXIS2_PLACEMENT_3D('',#2213,#2214,#2215);
#2213 = CARTESIAN_POINT('',(45.150096520193,5.9501498603,1.26));
#2214 = DIRECTION('',(0.,1.,0.));
#2215 = DIRECTION('',(0.,0.,1.));
#2216 = ADVANCED_FACE('',(#2217),#2244,.T.);
#2217 = FACE_BOUND('',#2218,.T.);
#2218 = EDGE_LOOP('',(#2219,#2227,#2235,#2241,#2242,#2243));
#2219 = ORIENTED_EDGE('',*,*,#2220,.F.);
#2220 = EDGE_CURVE('',#2221,#2150,#2223,.T.);
#2221 = VERTEX_POINT('',#2222);
#2222 = CARTESIAN_POINT('',(51.2,1.,4.18));
#2223 = LINE('',#2224,#2225);
#2224 = CARTESIAN_POINT('',(51.2,0.,4.18));
#2225 = VECTOR('',#2226,1.);
#2226 = DIRECTION('',(0.,1.,0.));
#2227 = ORIENTED_EDGE('',*,*,#2228,.T.);
#2228 = EDGE_CURVE('',#2221,#2229,#2231,.T.);
#2229 = VERTEX_POINT('',#2230);
#2230 = CARTESIAN_POINT('',(51.2,1.,1.33));
#2231 = LINE('',#2232,#2233);
#2232 = CARTESIAN_POINT('',(51.2,1.,1.28));
#2233 = VECTOR('',#2234,1.);
#2234 = DIRECTION('',(0.,0.,-1.));
#2235 = ORIENTED_EDGE('',*,*,#2236,.T.);
#2236 = EDGE_CURVE('',#2229,#2198,#2237,.T.);
#2237 = LINE('',#2238,#2239);
#2238 = CARTESIAN_POINT('',(51.2,0.,1.33));
#2239 = VECTOR('',#2240,1.);
#2240 = DIRECTION('',(0.,1.,0.));
#2241 = ORIENTED_EDGE('',*,*,#2197,.T.);
#2242 = ORIENTED_EDGE('',*,*,#2182,.F.);
#2243 = ORIENTED_EDGE('',*,*,#2149,.T.);
#2244 = PLANE('',#2245);
#2245 = AXIS2_PLACEMENT_3D('',#2246,#2247,#2248);
#2246 = CARTESIAN_POINT('',(51.2,0.,1.33));
#2247 = DIRECTION('',(1.,0.,0.));
#2248 = DIRECTION('',(0.,0.,1.));
#2249 = ADVANCED_FACE('',(#2250),#2275,.T.);
#2250 = FACE_BOUND('',#2251,.T.);
#2251 = EDGE_LOOP('',(#2252,#2260,#2261,#2269));
#2252 = ORIENTED_EDGE('',*,*,#2253,.F.);
#2253 = EDGE_CURVE('',#2229,#2254,#2256,.T.);
#2254 = VERTEX_POINT('',#2255);
#2255 = CARTESIAN_POINT('',(56.5,1.,1.33));
#2256 = LINE('',#2257,#2258);
#2257 = CARTESIAN_POINT('',(22.,1.,1.33));
#2258 = VECTOR('',#2259,1.);
#2259 = DIRECTION('',(1.,0.,0.));
#2260 = ORIENTED_EDGE('',*,*,#2228,.F.);
#2261 = ORIENTED_EDGE('',*,*,#2262,.F.);
#2262 = EDGE_CURVE('',#2263,#2221,#2265,.T.);
#2263 = VERTEX_POINT('',#2264);
#2264 = CARTESIAN_POINT('',(56.5,1.,4.18));
#2265 = LINE('',#2266,#2267);
#2266 = CARTESIAN_POINT('',(22.,1.,4.18));
#2267 = VECTOR('',#2268,1.);
#2268 = DIRECTION('',(-1.,0.,0.));
#2269 = ORIENTED_EDGE('',*,*,#2270,.T.);
#2270 = EDGE_CURVE('',#2263,#2254,#2271,.T.);
#2271 = LINE('',#2272,#2273);
#2272 = CARTESIAN_POINT('',(56.5,1.,1.23));
#2273 = VECTOR('',#2274,1.);
#2274 = DIRECTION('',(0.,0.,-1.));
#2275 = PLANE('',#2276);
#2276 = AXIS2_PLACEMENT_3D('',#2277,#2278,#2279);
#2277 = CARTESIAN_POINT('',(2.,1.,1.23));
#2278 = DIRECTION('',(0.,1.,0.));
#2279 = DIRECTION('',(0.,0.,1.));
#2280 = ADVANCED_FACE('',(#2281),#2306,.T.);
#2281 = FACE_BOUND('',#2282,.T.);
#2282 = EDGE_LOOP('',(#2283,#2291,#2299,#2305));
#2283 = ORIENTED_EDGE('',*,*,#2284,.F.);
#2284 = EDGE_CURVE('',#2285,#2263,#2287,.T.);
#2285 = VERTEX_POINT('',#2286);
#2286 = CARTESIAN_POINT('',(56.5,0.,4.18));
#2287 = LINE('',#2288,#2289);
#2288 = CARTESIAN_POINT('',(56.5,12.95,4.18));
#2289 = VECTOR('',#2290,1.);
#2290 = DIRECTION('',(0.,1.,0.));
#2291 = ORIENTED_EDGE('',*,*,#2292,.T.);
#2292 = EDGE_CURVE('',#2285,#2293,#2295,.T.);
#2293 = VERTEX_POINT('',#2294);
#2294 = CARTESIAN_POINT('',(56.5,0.,1.33));
#2295 = LINE('',#2296,#2297);
#2296 = CARTESIAN_POINT('',(56.5,0.,1.28));
#2297 = VECTOR('',#2298,1.);
#2298 = DIRECTION('',(0.,0.,-1.));
#2299 = ORIENTED_EDGE('',*,*,#2300,.F.);
#2300 = EDGE_CURVE('',#2254,#2293,#2301,.T.);
#2301 = LINE('',#2302,#2303);
#2302 = CARTESIAN_POINT('',(56.5,12.95,1.33));
#2303 = VECTOR('',#2304,1.);
#2304 = DIRECTION('',(0.,-1.,0.));
#2305 = ORIENTED_EDGE('',*,*,#2270,.F.);
#2306 = PLANE('',#2307);
#2307 = AXIS2_PLACEMENT_3D('',#2308,#2309,#2310);
#2308 = CARTESIAN_POINT('',(56.5,-0.1,1.23));
#2309 = DIRECTION('',(1.,0.,0.));
#2310 = DIRECTION('',(0.,0.,1.));
#2311 = ADVANCED_FACE('',(#2312),#2337,.F.);
#2312 = FACE_BOUND('',#2313,.F.);
#2313 = EDGE_LOOP('',(#2314,#2322,#2330,#2336));
#2314 = ORIENTED_EDGE('',*,*,#2315,.F.);
#2315 = EDGE_CURVE('',#2316,#301,#2318,.T.);
#2316 = VERTEX_POINT('',#2317);
#2317 = CARTESIAN_POINT('',(70.4,23.8,3.18));
#2318 = LINE('',#2319,#2320);
#2319 = CARTESIAN_POINT('',(43.4,23.8,3.18));
#2320 = VECTOR('',#2321,1.);
#2321 = DIRECTION('',(1.,0.,0.));
#2322 = ORIENTED_EDGE('',*,*,#2323,.T.);
#2323 = EDGE_CURVE('',#2316,#2324,#2326,.T.);
#2324 = VERTEX_POINT('',#2325);
#2325 = CARTESIAN_POINT('',(70.4,23.8,4.18));
#2326 = LINE('',#2327,#2328);
#2327 = CARTESIAN_POINT('',(70.4,23.8,2.255));
#2328 = VECTOR('',#2329,1.);
#2329 = DIRECTION('',(0.,0.,1.));
#2330 = ORIENTED_EDGE('',*,*,#2331,.T.);
#2331 = EDGE_CURVE('',#2324,#309,#2332,.T.);
#2332 = LINE('',#2333,#2334);
#2333 = CARTESIAN_POINT('',(43.4,23.8,4.18));
#2334 = VECTOR('',#2335,1.);
#2335 = DIRECTION('',(1.,0.,0.));
#2336 = ORIENTED_EDGE('',*,*,#308,.F.);
#2337 = PLANE('',#2338);
#2338 = AXIS2_PLACEMENT_3D('',#2339,#2340,#2341);
#2339 = CARTESIAN_POINT('',(43.4,23.8,3.18));
#2340 = DIRECTION('',(0.,1.,0.));
#2341 = DIRECTION('',(0.,0.,1.));
#2342 = ADVANCED_FACE('',(#2343),#2361,.F.);
#2343 = FACE_BOUND('',#2344,.F.);
#2344 = EDGE_LOOP('',(#2345,#2353,#2354,#2355));
#2345 = ORIENTED_EDGE('',*,*,#2346,.T.);
#2346 = EDGE_CURVE('',#2347,#2316,#2349,.T.);
#2347 = VERTEX_POINT('',#2348);
#2348 = CARTESIAN_POINT('',(70.4,24.8,3.18));
#2349 = LINE('',#2350,#2351);
#2350 = CARTESIAN_POINT('',(70.4,11.9,3.18));
#2351 = VECTOR('',#2352,1.);
#2352 = DIRECTION('',(0.,-1.,0.));
#2353 = ORIENTED_EDGE('',*,*,#2315,.T.);
#2354 = ORIENTED_EDGE('',*,*,#300,.T.);
#2355 = ORIENTED_EDGE('',*,*,#2356,.F.);
#2356 = EDGE_CURVE('',#2347,#293,#2357,.T.);
#2357 = LINE('',#2358,#2359);
#2358 = CARTESIAN_POINT('',(43.4,24.8,3.18));
#2359 = VECTOR('',#2360,1.);
#2360 = DIRECTION('',(1.,0.,0.));
#2361 = PLANE('',#2362);
#2362 = AXIS2_PLACEMENT_3D('',#2363,#2364,#2365);
#2363 = CARTESIAN_POINT('',(43.4,23.8,3.18));
#2364 = DIRECTION('',(0.,0.,1.));
#2365 = DIRECTION('',(1.,0.,0.));
#2366 = ADVANCED_FACE('',(#2367),#2392,.F.);
#2367 = FACE_BOUND('',#2368,.F.);
#2368 = EDGE_LOOP('',(#2369,#2377,#2378,#2386));
#2369 = ORIENTED_EDGE('',*,*,#2370,.F.);
#2370 = EDGE_CURVE('',#436,#2371,#2373,.T.);
#2371 = VERTEX_POINT('',#2372);
#2372 = CARTESIAN_POINT('',(69.4,23.8,3.18));
#2373 = LINE('',#2374,#2375);
#2374 = CARTESIAN_POINT('',(43.4,23.8,3.18));
#2375 = VECTOR('',#2376,1.);
#2376 = DIRECTION('',(1.,0.,0.));
#2377 = ORIENTED_EDGE('',*,*,#443,.T.);
#2378 = ORIENTED_EDGE('',*,*,#2379,.T.);
#2379 = EDGE_CURVE('',#397,#2380,#2382,.T.);
#2380 = VERTEX_POINT('',#2381);
#2381 = CARTESIAN_POINT('',(69.4,23.8,4.18));
#2382 = LINE('',#2383,#2384);
#2383 = CARTESIAN_POINT('',(43.4,23.8,4.18));
#2384 = VECTOR('',#2385,1.);
#2385 = DIRECTION('',(1.,0.,0.));
#2386 = ORIENTED_EDGE('',*,*,#2387,.F.);
#2387 = EDGE_CURVE('',#2371,#2380,#2388,.T.);
#2388 = LINE('',#2389,#2390);
#2389 = CARTESIAN_POINT('',(69.4,23.8,2.255));
#2390 = VECTOR('',#2391,1.);
#2391 = DIRECTION('',(0.,0.,1.));
#2392 = PLANE('',#2393);
#2393 = AXIS2_PLACEMENT_3D('',#2394,#2395,#2396);
#2394 = CARTESIAN_POINT('',(43.4,23.8,3.18));
#2395 = DIRECTION('',(0.,1.,0.));
#2396 = DIRECTION('',(0.,0.,1.));
#2397 = ADVANCED_FACE('',(#2398),#2416,.F.);
#2398 = FACE_BOUND('',#2399,.F.);
#2399 = EDGE_LOOP('',(#2400,#2401,#2402,#2410));
#2400 = ORIENTED_EDGE('',*,*,#435,.T.);
#2401 = ORIENTED_EDGE('',*,*,#2370,.T.);
#2402 = ORIENTED_EDGE('',*,*,#2403,.F.);
#2403 = EDGE_CURVE('',#2404,#2371,#2406,.T.);
#2404 = VERTEX_POINT('',#2405);
#2405 = CARTESIAN_POINT('',(69.4,24.8,3.18));
#2406 = LINE('',#2407,#2408);
#2407 = CARTESIAN_POINT('',(69.4,11.9,3.18));
#2408 = VECTOR('',#2409,1.);
#2409 = DIRECTION('',(0.,-1.,0.));
#2410 = ORIENTED_EDGE('',*,*,#2411,.F.);
#2411 = EDGE_CURVE('',#428,#2404,#2412,.T.);
#2412 = LINE('',#2413,#2414);
#2413 = CARTESIAN_POINT('',(43.4,24.8,3.18));
#2414 = VECTOR('',#2415,1.);
#2415 = DIRECTION('',(1.,0.,0.));
#2416 = PLANE('',#2417);
#2417 = AXIS2_PLACEMENT_3D('',#2418,#2419,#2420);
#2418 = CARTESIAN_POINT('',(43.4,23.8,3.18));
#2419 = DIRECTION('',(0.,0.,1.));
#2420 = DIRECTION('',(1.,0.,0.));
#2421 = ADVANCED_FACE('',(#2422),#2472,.T.);
#2422 = FACE_BOUND('',#2423,.T.);
#2423 = EDGE_LOOP('',(#2424,#2432,#2440,#2448,#2456,#2464,#2470,#2471));
#2424 = ORIENTED_EDGE('',*,*,#2425,.F.);
#2425 = EDGE_CURVE('',#2426,#2014,#2428,.T.);
#2426 = VERTEX_POINT('',#2427);
#2427 = CARTESIAN_POINT('',(51.2,10.488199561613,4.18));
#2428 = LINE('',#2429,#2430);
#2429 = CARTESIAN_POINT('',(51.2,0.,4.18));
#2430 = VECTOR('',#2431,1.);
#2431 = DIRECTION('',(0.,1.,0.));
#2432 = ORIENTED_EDGE('',*,*,#2433,.F.);
#2433 = EDGE_CURVE('',#2434,#2426,#2436,.T.);
#2434 = VERTEX_POINT('',#2435);
#2435 = CARTESIAN_POINT('',(51.2,10.488199561613,3.070025400051));
#2436 = LINE('',#2437,#2438);
#2437 = CARTESIAN_POINT('',(51.2,10.488199561613,2.83));
#2438 = VECTOR('',#2439,1.);
#2439 = DIRECTION('',(0.,0.,1.));
#2440 = ORIENTED_EDGE('',*,*,#2441,.F.);
#2441 = EDGE_CURVE('',#2442,#2434,#2444,.T.);
#2442 = VERTEX_POINT('',#2443);
#2443 = CARTESIAN_POINT('',(51.2,11.650149860299,3.070025400051));
#2444 = LINE('',#2445,#2446);
#2445 = CARTESIAN_POINT('',(51.2,2.97507493015,3.070025400051));
#2446 = VECTOR('',#2447,1.);
#2447 = DIRECTION('',(0.,-1.,0.));
#2448 = ORIENTED_EDGE('',*,*,#2449,.F.);
#2449 = EDGE_CURVE('',#2450,#2442,#2452,.T.);
#2450 = VERTEX_POINT('',#2451);
#2451 = CARTESIAN_POINT('',(51.2,11.650149860299,1.33));
#2452 = LINE('',#2453,#2454);
#2453 = CARTESIAN_POINT('',(51.2,11.650149860299,1.295));
#2454 = VECTOR('',#2455,1.);
#2455 = DIRECTION('',(0.,0.,1.));
#2456 = ORIENTED_EDGE('',*,*,#2457,.T.);
#2457 = EDGE_CURVE('',#2450,#2458,#2460,.T.);
#2458 = VERTEX_POINT('',#2459);
#2459 = CARTESIAN_POINT('',(51.2,24.8,1.33));
#2460 = LINE('',#2461,#2462);
#2461 = CARTESIAN_POINT('',(51.2,0.,1.33));
#2462 = VECTOR('',#2463,1.);
#2463 = DIRECTION('',(0.,1.,0.));
#2464 = ORIENTED_EDGE('',*,*,#2465,.T.);
#2465 = EDGE_CURVE('',#2458,#2037,#2466,.T.);
#2466 = LINE('',#2467,#2468);
#2467 = CARTESIAN_POINT('',(51.2,24.8,1.33));
#2468 = VECTOR('',#2469,1.);
#2469 = DIRECTION('',(0.,0.,1.));
#2470 = ORIENTED_EDGE('',*,*,#2036,.T.);
#2471 = ORIENTED_EDGE('',*,*,#2013,.T.);
#2472 = PLANE('',#2473);
#2473 = AXIS2_PLACEMENT_3D('',#2474,#2475,#2476);
#2474 = CARTESIAN_POINT('',(51.2,0.,1.33));
#2475 = DIRECTION('',(1.,0.,0.));
#2476 = DIRECTION('',(0.,0.,1.));
#2477 = ADVANCED_FACE('',(#2478),#2489,.F.);
#2478 = FACE_BOUND('',#2479,.F.);
#2479 = EDGE_LOOP('',(#2480,#2481,#2487,#2488));
#2480 = ORIENTED_EDGE('',*,*,#2115,.F.);
#2481 = ORIENTED_EDGE('',*,*,#2482,.T.);
#2482 = EDGE_CURVE('',#2116,#2061,#2483,.T.);
#2483 = LINE('',#2484,#2485);
#2484 = CARTESIAN_POINT('',(59.480116840234,19.967521587652,1.33));
#2485 = VECTOR('',#2486,1.);
#2486 = DIRECTION('',(0.,1.,0.));
#2487 = ORIENTED_EDGE('',*,*,#2060,.T.);
#2488 = ORIENTED_EDGE('',*,*,#2101,.F.);
#2489 = PLANE('',#2490);
#2490 = AXIS2_PLACEMENT_3D('',#2491,#2492,#2493);
#2491 = CARTESIAN_POINT('',(59.480116840234,20.935043175303,1.26));
#2492 = DIRECTION('',(1.,0.,0.));
#2493 = DIRECTION('',(0.,0.,1.));
#2494 = ADVANCED_FACE('',(#2495),#2529,.T.);
#2495 = FACE_BOUND('',#2496,.T.);
#2496 = EDGE_LOOP('',(#2497,#2505,#2513,#2521,#2527,#2528));
#2497 = ORIENTED_EDGE('',*,*,#2498,.F.);
#2498 = EDGE_CURVE('',#2499,#2324,#2501,.T.);
#2499 = VERTEX_POINT('',#2500);
#2500 = CARTESIAN_POINT('',(70.4,1.,4.18));
#2501 = LINE('',#2502,#2503);
#2502 = CARTESIAN_POINT('',(70.4,0.,4.18));
#2503 = VECTOR('',#2504,1.);
#2504 = DIRECTION('',(0.,1.,0.));
#2505 = ORIENTED_EDGE('',*,*,#2506,.T.);
#2506 = EDGE_CURVE('',#2499,#2507,#2509,.T.);
#2507 = VERTEX_POINT('',#2508);
#2508 = CARTESIAN_POINT('',(70.4,1.,1.33));
#2509 = LINE('',#2510,#2511);
#2510 = CARTESIAN_POINT('',(70.4,1.,1.28));
#2511 = VECTOR('',#2512,1.);
#2512 = DIRECTION('',(0.,0.,-1.));
#2513 = ORIENTED_EDGE('',*,*,#2514,.T.);
#2514 = EDGE_CURVE('',#2507,#2515,#2517,.T.);
#2515 = VERTEX_POINT('',#2516);
#2516 = CARTESIAN_POINT('',(70.4,24.8,1.33));
#2517 = LINE('',#2518,#2519);
#2518 = CARTESIAN_POINT('',(70.4,0.,1.33));
#2519 = VECTOR('',#2520,1.);
#2520 = DIRECTION('',(0.,1.,0.));
#2521 = ORIENTED_EDGE('',*,*,#2522,.T.);
#2522 = EDGE_CURVE('',#2515,#2347,#2523,.T.);
#2523 = LINE('',#2524,#2525);
#2524 = CARTESIAN_POINT('',(70.4,24.8,1.33));
#2525 = VECTOR('',#2526,1.);
#2526 = DIRECTION('',(0.,0.,1.));
#2527 = ORIENTED_EDGE('',*,*,#2346,.T.);
#2528 = ORIENTED_EDGE('',*,*,#2323,.T.);
#2529 = PLANE('',#2530);
#2530 = AXIS2_PLACEMENT_3D('',#2531,#2532,#2533);
#2531 = CARTESIAN_POINT('',(70.4,0.,1.33));
#2532 = DIRECTION('',(1.,0.,0.));
#2533 = DIRECTION('',(0.,0.,1.));
#2534 = ADVANCED_FACE('',(#2535),#2560,.F.);
#2535 = FACE_BOUND('',#2536,.F.);
#2536 = EDGE_LOOP('',(#2537,#2543,#2544,#2552,#2558,#2559));
#2537 = ORIENTED_EDGE('',*,*,#2538,.F.);
#2538 = EDGE_CURVE('',#142,#2380,#2539,.T.);
#2539 = LINE('',#2540,#2541);
#2540 = CARTESIAN_POINT('',(69.4,0.,4.18));
#2541 = VECTOR('',#2542,1.);
#2542 = DIRECTION('',(0.,1.,0.));
#2543 = ORIENTED_EDGE('',*,*,#141,.F.);
#2544 = ORIENTED_EDGE('',*,*,#2545,.T.);
#2545 = EDGE_CURVE('',#134,#2546,#2548,.T.);
#2546 = VERTEX_POINT('',#2547);
#2547 = CARTESIAN_POINT('',(69.4,24.8,1.33));
#2548 = LINE('',#2549,#2550);
#2549 = CARTESIAN_POINT('',(69.4,0.,1.33));
#2550 = VECTOR('',#2551,1.);
#2551 = DIRECTION('',(0.,1.,0.));
#2552 = ORIENTED_EDGE('',*,*,#2553,.T.);
#2553 = EDGE_CURVE('',#2546,#2404,#2554,.T.);
#2554 = LINE('',#2555,#2556);
#2555 = CARTESIAN_POINT('',(69.4,24.8,1.33));
#2556 = VECTOR('',#2557,1.);
#2557 = DIRECTION('',(0.,0.,1.));
#2558 = ORIENTED_EDGE('',*,*,#2403,.T.);
#2559 = ORIENTED_EDGE('',*,*,#2387,.T.);
#2560 = PLANE('',#2561);
#2561 = AXIS2_PLACEMENT_3D('',#2562,#2563,#2564);
#2562 = CARTESIAN_POINT('',(69.4,0.,1.33));
#2563 = DIRECTION('',(1.,0.,0.));
#2564 = DIRECTION('',(0.,0.,1.));
#2565 = ADVANCED_FACE('',(#2566),#2607,.F.);
#2566 = FACE_BOUND('',#2567,.F.);
#2567 = EDGE_LOOP('',(#2568,#2578,#2584,#2585,#2593,#2601));
#2568 = ORIENTED_EDGE('',*,*,#2569,.F.);
#2569 = EDGE_CURVE('',#2570,#2572,#2574,.T.);
#2570 = VERTEX_POINT('',#2571);
#2571 = CARTESIAN_POINT('',(50.2,11.650149860299,1.33));
#2572 = VERTEX_POINT('',#2573);
#2573 = CARTESIAN_POINT('',(50.2,24.237049779316,1.33));
#2574 = LINE('',#2575,#2576);
#2575 = CARTESIAN_POINT('',(50.2,0.,1.33));
#2576 = VECTOR('',#2577,1.);
#2577 = DIRECTION('',(0.,1.,0.));
#2578 = ORIENTED_EDGE('',*,*,#2579,.F.);
#2579 = EDGE_CURVE('',#2450,#2570,#2580,.T.);
#2580 = LINE('',#2581,#2582);
#2581 = CARTESIAN_POINT('',(47.675048260097,11.650149860299,1.33));
#2582 = VECTOR('',#2583,1.);
#2583 = DIRECTION('',(-1.,0.,0.));
#2584 = ORIENTED_EDGE('',*,*,#2457,.T.);
#2585 = ORIENTED_EDGE('',*,*,#2586,.F.);
#2586 = EDGE_CURVE('',#2587,#2458,#2589,.T.);
#2587 = VERTEX_POINT('',#2588);
#2588 = CARTESIAN_POINT('',(50.590099060198,24.8,1.33));
#2589 = LINE('',#2590,#2591);
#2590 = CARTESIAN_POINT('',(50.2,24.8,1.33));
#2591 = VECTOR('',#2592,1.);
#2592 = DIRECTION('',(1.,0.,0.));
#2593 = ORIENTED_EDGE('',*,*,#2594,.F.);
#2594 = EDGE_CURVE('',#2595,#2587,#2597,.T.);
#2595 = VERTEX_POINT('',#2596);
#2596 = CARTESIAN_POINT('',(50.590099060198,24.237049779316,1.33));
#2597 = LINE('',#2598,#2599);
#2598 = CARTESIAN_POINT('',(50.590099060198,12.118524889658,1.33));
#2599 = VECTOR('',#2600,1.);
#2600 = DIRECTION('',(0.,1.,0.));
#2601 = ORIENTED_EDGE('',*,*,#2602,.T.);
#2602 = EDGE_CURVE('',#2595,#2572,#2603,.T.);
#2603 = LINE('',#2604,#2605);
#2604 = CARTESIAN_POINT('',(49.335049530099,24.237049779316,1.33));
#2605 = VECTOR('',#2606,1.);
#2606 = DIRECTION('',(-1.,0.,0.));
#2607 = PLANE('',#2608);
#2608 = AXIS2_PLACEMENT_3D('',#2609,#2610,#2611);
#2609 = CARTESIAN_POINT('',(50.2,0.,1.33));
#2610 = DIRECTION('',(0.,0.,1.));
#2611 = DIRECTION('',(1.,0.,0.));
#2612 = ADVANCED_FACE('',(#2613),#2631,.F.);
#2613 = FACE_BOUND('',#2614,.F.);
#2614 = EDGE_LOOP('',(#2615,#2623,#2624,#2625));
#2615 = ORIENTED_EDGE('',*,*,#2616,.T.);
#2616 = EDGE_CURVE('',#2617,#2442,#2619,.T.);
#2617 = VERTEX_POINT('',#2618);
#2618 = CARTESIAN_POINT('',(50.2,11.650149860299,3.070025400051));
#2619 = LINE('',#2620,#2621);
#2620 = CARTESIAN_POINT('',(45.150096520193,11.650149860299,
    3.070025400051));
#2621 = VECTOR('',#2622,1.);
#2622 = DIRECTION('',(1.,0.,0.));
#2623 = ORIENTED_EDGE('',*,*,#2449,.F.);
#2624 = ORIENTED_EDGE('',*,*,#2579,.T.);
#2625 = ORIENTED_EDGE('',*,*,#2626,.T.);
#2626 = EDGE_CURVE('',#2570,#2617,#2627,.T.);
#2627 = LINE('',#2628,#2629);
#2628 = CARTESIAN_POINT('',(50.2,11.650149860299,1.295));
#2629 = VECTOR('',#2630,1.);
#2630 = DIRECTION('',(0.,0.,1.));
#2631 = PLANE('',#2632);
#2632 = AXIS2_PLACEMENT_3D('',#2633,#2634,#2635);
#2633 = CARTESIAN_POINT('',(45.150096520193,11.650149860299,1.26));
#2634 = DIRECTION('',(0.,1.,0.));
#2635 = DIRECTION('',(0.,0.,1.));
#2636 = ADVANCED_FACE('',(#2637),#2656,.F.);
#2637 = FACE_BOUND('',#2638,.F.);
#2638 = EDGE_LOOP('',(#2639,#2640,#2648,#2655));
#2639 = ORIENTED_EDGE('',*,*,#2616,.F.);
#2640 = ORIENTED_EDGE('',*,*,#2641,.T.);
#2641 = EDGE_CURVE('',#2617,#2642,#2644,.T.);
#2642 = VERTEX_POINT('',#2643);
#2643 = CARTESIAN_POINT('',(50.2,11.45518886947,3.070025400051));
#2644 = LINE('',#2645,#2646);
#2645 = CARTESIAN_POINT('',(50.2,2.97507493015,3.070025400051));
#2646 = VECTOR('',#2647,1.);
#2647 = DIRECTION('',(0.,-1.,0.));
#2648 = ORIENTED_EDGE('',*,*,#2649,.F.);
#2649 = EDGE_CURVE('',#2434,#2642,#2650,.T.);
#2650 = CIRCLE('',#2651,3.1);
#2651 = AXIS2_PLACEMENT_3D('',#2652,#2653,#2654);
#2652 = CARTESIAN_POINT('',(48.6,8.80000526,3.070025400051));
#2653 = DIRECTION('',(0.,0.,1.));
#2654 = DIRECTION('',(1.,0.,0.));
#2655 = ORIENTED_EDGE('',*,*,#2441,.F.);
#2656 = PLANE('',#2657);
#2657 = AXIS2_PLACEMENT_3D('',#2658,#2659,#2660);
#2658 = CARTESIAN_POINT('',(45.150096520193,5.9501498603,3.070025400051)
  );
#2659 = DIRECTION('',(0.,0.,1.));
#2660 = DIRECTION('',(1.,0.,0.));
#2661 = ADVANCED_FACE('',(#2662),#2681,.F.);
#2662 = FACE_BOUND('',#2663,.F.);
#2663 = EDGE_LOOP('',(#2664,#2665,#2673,#2680));
#2664 = ORIENTED_EDGE('',*,*,#2649,.T.);
#2665 = ORIENTED_EDGE('',*,*,#2666,.T.);
#2666 = EDGE_CURVE('',#2642,#2667,#2669,.T.);
#2667 = VERTEX_POINT('',#2668);
#2668 = CARTESIAN_POINT('',(50.2,11.45518886947,4.18));
#2669 = LINE('',#2670,#2671);
#2670 = CARTESIAN_POINT('',(50.2,11.45518886947,2.83));
#2671 = VECTOR('',#2672,1.);
#2672 = DIRECTION('',(0.,0.,1.));
#2673 = ORIENTED_EDGE('',*,*,#2674,.F.);
#2674 = EDGE_CURVE('',#2426,#2667,#2675,.T.);
#2675 = CIRCLE('',#2676,3.1);
#2676 = AXIS2_PLACEMENT_3D('',#2677,#2678,#2679);
#2677 = CARTESIAN_POINT('',(48.6,8.80000526,4.18));
#2678 = DIRECTION('',(0.,0.,1.));
#2679 = DIRECTION('',(1.,0.,0.));
#2680 = ORIENTED_EDGE('',*,*,#2433,.F.);
#2681 = CYLINDRICAL_SURFACE('',#2682,3.1);
#2682 = AXIS2_PLACEMENT_3D('',#2683,#2684,#2685);
#2683 = CARTESIAN_POINT('',(48.6,8.80000526,2.83));
#2684 = DIRECTION('',(0.,0.,1.));
#2685 = DIRECTION('',(1.,0.,0.));
#2686 = ADVANCED_FACE('',(#2687),#2712,.T.);
#2687 = FACE_BOUND('',#2688,.T.);
#2688 = EDGE_LOOP('',(#2689,#2697,#2698,#2706));
#2689 = ORIENTED_EDGE('',*,*,#2690,.F.);
#2690 = EDGE_CURVE('',#2507,#2691,#2693,.T.);
#2691 = VERTEX_POINT('',#2692);
#2692 = CARTESIAN_POINT('',(82.,1.,1.33));
#2693 = LINE('',#2694,#2695);
#2694 = CARTESIAN_POINT('',(22.,1.,1.33));
#2695 = VECTOR('',#2696,1.);
#2696 = DIRECTION('',(1.,0.,0.));
#2697 = ORIENTED_EDGE('',*,*,#2506,.F.);
#2698 = ORIENTED_EDGE('',*,*,#2699,.F.);
#2699 = EDGE_CURVE('',#2700,#2499,#2702,.T.);
#2700 = VERTEX_POINT('',#2701);
#2701 = CARTESIAN_POINT('',(82.,1.,4.18));
#2702 = LINE('',#2703,#2704);
#2703 = CARTESIAN_POINT('',(22.,1.,4.18));
#2704 = VECTOR('',#2705,1.);
#2705 = DIRECTION('',(-1.,0.,0.));
#2706 = ORIENTED_EDGE('',*,*,#2707,.F.);
#2707 = EDGE_CURVE('',#2691,#2700,#2708,.T.);
#2708 = LINE('',#2709,#2710);
#2709 = CARTESIAN_POINT('',(82.,1.,1.23));
#2710 = VECTOR('',#2711,1.);
#2711 = DIRECTION('',(0.,0.,1.));
#2712 = PLANE('',#2713);
#2713 = AXIS2_PLACEMENT_3D('',#2714,#2715,#2716);
#2714 = CARTESIAN_POINT('',(2.,1.,1.23));
#2715 = DIRECTION('',(0.,1.,0.));
#2716 = DIRECTION('',(0.,0.,1.));
#2717 = ADVANCED_FACE('',(#2718),#2761,.F.);
#2718 = FACE_BOUND('',#2719,.F.);
#2719 = EDGE_LOOP('',(#2720,#2726,#2727,#2728,#2729,#2730,#2738,#2746,
    #2754,#2760));
#2720 = ORIENTED_EDGE('',*,*,#2721,.F.);
#2721 = EDGE_CURVE('',#2667,#70,#2722,.T.);
#2722 = LINE('',#2723,#2724);
#2723 = CARTESIAN_POINT('',(50.2,0.,4.18));
#2724 = VECTOR('',#2725,1.);
#2725 = DIRECTION('',(0.,1.,0.));
#2726 = ORIENTED_EDGE('',*,*,#2666,.F.);
#2727 = ORIENTED_EDGE('',*,*,#2641,.F.);
#2728 = ORIENTED_EDGE('',*,*,#2626,.F.);
#2729 = ORIENTED_EDGE('',*,*,#2569,.T.);
#2730 = ORIENTED_EDGE('',*,*,#2731,.T.);
#2731 = EDGE_CURVE('',#2572,#2732,#2734,.T.);
#2732 = VERTEX_POINT('',#2733);
#2733 = CARTESIAN_POINT('',(50.2,24.237049779316,1.970025399798));
#2734 = LINE('',#2735,#2736);
#2735 = CARTESIAN_POINT('',(50.2,24.237049779316,1.295));
#2736 = VECTOR('',#2737,1.);
#2737 = DIRECTION('',(0.,0.,1.));
#2738 = ORIENTED_EDGE('',*,*,#2739,.F.);
#2739 = EDGE_CURVE('',#2740,#2732,#2742,.T.);
#2740 = VERTEX_POINT('',#2741);
#2741 = CARTESIAN_POINT('',(50.2,24.8,1.970025399798));
#2742 = LINE('',#2743,#2744);
#2743 = CARTESIAN_POINT('',(50.2,12.118524889658,1.970025399798));
#2744 = VECTOR('',#2745,1.);
#2745 = DIRECTION('',(0.,-1.,0.));
#2746 = ORIENTED_EDGE('',*,*,#2747,.T.);
#2747 = EDGE_CURVE('',#2740,#2748,#2750,.T.);
#2748 = VERTEX_POINT('',#2749);
#2749 = CARTESIAN_POINT('',(50.2,24.8,2.45));
#2750 = LINE('',#2751,#2752);
#2751 = CARTESIAN_POINT('',(50.2,24.8,1.33));
#2752 = VECTOR('',#2753,1.);
#2753 = DIRECTION('',(0.,0.,1.));
#2754 = ORIENTED_EDGE('',*,*,#2755,.T.);
#2755 = EDGE_CURVE('',#2748,#62,#2756,.T.);
#2756 = LINE('',#2757,#2758);
#2757 = CARTESIAN_POINT('',(50.2,10.75,2.45));
#2758 = VECTOR('',#2759,1.);
#2759 = DIRECTION('',(0.,-1.,0.));
#2760 = ORIENTED_EDGE('',*,*,#69,.T.);
#2761 = PLANE('',#2762);
#2762 = AXIS2_PLACEMENT_3D('',#2763,#2764,#2765);
#2763 = CARTESIAN_POINT('',(50.2,0.,1.33));
#2764 = DIRECTION('',(1.,0.,0.));
#2765 = DIRECTION('',(0.,0.,1.));
#2766 = ADVANCED_FACE('',(#2767),#2778,.T.);
#2767 = FACE_BOUND('',#2768,.T.);
#2768 = EDGE_LOOP('',(#2769,#2770,#2776,#2777));
#2769 = ORIENTED_EDGE('',*,*,#31,.T.);
#2770 = ORIENTED_EDGE('',*,*,#2771,.F.);
#2771 = EDGE_CURVE('',#2748,#32,#2772,.T.);
#2772 = LINE('',#2773,#2774);
#2773 = CARTESIAN_POINT('',(46.5,24.8,2.45));
#2774 = VECTOR('',#2775,1.);
#2775 = DIRECTION('',(1.,0.,0.));
#2776 = ORIENTED_EDGE('',*,*,#2755,.T.);
#2777 = ORIENTED_EDGE('',*,*,#61,.T.);
#2778 = PLANE('',#2779);
#2779 = AXIS2_PLACEMENT_3D('',#2780,#2781,#2782);
#2780 = CARTESIAN_POINT('',(42.8,21.5,2.45));
#2781 = DIRECTION('',(0.,0.,1.));
#2782 = DIRECTION('',(1.,0.,0.));
#2783 = ADVANCED_FACE('',(#2784),#2809,.F.);
#2784 = FACE_BOUND('',#2785,.F.);
#2785 = EDGE_LOOP('',(#2786,#2787,#2795,#2803));
#2786 = ORIENTED_EDGE('',*,*,#2739,.T.);
#2787 = ORIENTED_EDGE('',*,*,#2788,.T.);
#2788 = EDGE_CURVE('',#2732,#2789,#2791,.T.);
#2789 = VERTEX_POINT('',#2790);
#2790 = CARTESIAN_POINT('',(50.590099060198,24.237049779316,
    1.970025399798));
#2791 = LINE('',#2792,#2793);
#2792 = CARTESIAN_POINT('',(48.470099060198,24.237049779316,
    1.970025399798));
#2793 = VECTOR('',#2794,1.);
#2794 = DIRECTION('',(1.,0.,0.));
#2795 = ORIENTED_EDGE('',*,*,#2796,.T.);
#2796 = EDGE_CURVE('',#2789,#2797,#2799,.T.);
#2797 = VERTEX_POINT('',#2798);
#2798 = CARTESIAN_POINT('',(50.590099060198,24.8,1.970025399798));
#2799 = LINE('',#2800,#2801);
#2800 = CARTESIAN_POINT('',(50.590099060198,24.237049779316,
    1.970025399798));
#2801 = VECTOR('',#2802,1.);
#2802 = DIRECTION('',(0.,1.,0.));
#2803 = ORIENTED_EDGE('',*,*,#2804,.F.);
#2804 = EDGE_CURVE('',#2740,#2797,#2805,.T.);
#2805 = LINE('',#2806,#2807);
#2806 = CARTESIAN_POINT('',(49.335049530099,24.8,1.970025399798));
#2807 = VECTOR('',#2808,1.);
#2808 = DIRECTION('',(1.,0.,0.));
#2809 = PLANE('',#2810);
#2810 = AXIS2_PLACEMENT_3D('',#2811,#2812,#2813);
#2811 = CARTESIAN_POINT('',(48.470099060198,24.237049779316,
    1.970025399798));
#2812 = DIRECTION('',(0.,0.,1.));
#2813 = DIRECTION('',(1.,0.,0.));
#2814 = ADVANCED_FACE('',(#2815),#2831,.F.);
#2815 = FACE_BOUND('',#2816,.F.);
#2816 = EDGE_LOOP('',(#2817,#2823,#2824,#2830));
#2817 = ORIENTED_EDGE('',*,*,#2818,.F.);
#2818 = EDGE_CURVE('',#2595,#2789,#2819,.T.);
#2819 = LINE('',#2820,#2821);
#2820 = CARTESIAN_POINT('',(50.590099060198,24.237049779316,1.26));
#2821 = VECTOR('',#2822,1.);
#2822 = DIRECTION('',(0.,0.,1.));
#2823 = ORIENTED_EDGE('',*,*,#2594,.T.);
#2824 = ORIENTED_EDGE('',*,*,#2825,.F.);
#2825 = EDGE_CURVE('',#2797,#2587,#2826,.T.);
#2826 = LINE('',#2827,#2828);
#2827 = CARTESIAN_POINT('',(50.590099060198,24.8,1.295));
#2828 = VECTOR('',#2829,1.);
#2829 = DIRECTION('',(0.,0.,-1.));
#2830 = ORIENTED_EDGE('',*,*,#2796,.F.);
#2831 = PLANE('',#2832);
#2832 = AXIS2_PLACEMENT_3D('',#2833,#2834,#2835);
#2833 = CARTESIAN_POINT('',(50.590099060198,24.237049779316,1.26));
#2834 = DIRECTION('',(1.,0.,0.));
#2835 = DIRECTION('',(0.,0.,1.));
#2836 = ADVANCED_FACE('',(#2837),#2843,.T.);
#2837 = FACE_BOUND('',#2838,.T.);
#2838 = EDGE_LOOP('',(#2839,#2840,#2841,#2842));
#2839 = ORIENTED_EDGE('',*,*,#2818,.F.);
#2840 = ORIENTED_EDGE('',*,*,#2602,.T.);
#2841 = ORIENTED_EDGE('',*,*,#2731,.T.);
#2842 = ORIENTED_EDGE('',*,*,#2788,.T.);
#2843 = PLANE('',#2844);
#2844 = AXIS2_PLACEMENT_3D('',#2845,#2846,#2847);
#2845 = CARTESIAN_POINT('',(48.470099060198,24.237049779316,1.26));
#2846 = DIRECTION('',(0.,1.,0.));
#2847 = DIRECTION('',(0.,0.,1.));
#2848 = ADVANCED_FACE('',(#2849),#2876,.F.);
#2849 = FACE_BOUND('',#2850,.F.);
#2850 = EDGE_LOOP('',(#2851,#2860,#2861,#2870));
#2851 = ORIENTED_EDGE('',*,*,#2852,.F.);
#2852 = EDGE_CURVE('',#2700,#2853,#2855,.T.);
#2853 = VERTEX_POINT('',#2854);
#2854 = CARTESIAN_POINT('',(83.,2.,4.18));
#2855 = CIRCLE('',#2856,1.);
#2856 = AXIS2_PLACEMENT_3D('',#2857,#2858,#2859);
#2857 = CARTESIAN_POINT('',(82.,2.,4.18));
#2858 = DIRECTION('',(0.,0.,1.));
#2859 = DIRECTION('',(1.,0.,0.));
#2860 = ORIENTED_EDGE('',*,*,#2707,.F.);
#2861 = ORIENTED_EDGE('',*,*,#2862,.T.);
#2862 = EDGE_CURVE('',#2691,#2863,#2865,.T.);
#2863 = VERTEX_POINT('',#2864);
#2864 = CARTESIAN_POINT('',(83.,2.,1.33));
#2865 = CIRCLE('',#2866,1.);
#2866 = AXIS2_PLACEMENT_3D('',#2867,#2868,#2869);
#2867 = CARTESIAN_POINT('',(82.,2.,1.33));
#2868 = DIRECTION('',(0.,0.,1.));
#2869 = DIRECTION('',(1.,0.,0.));
#2870 = ORIENTED_EDGE('',*,*,#2871,.T.);
#2871 = EDGE_CURVE('',#2863,#2853,#2872,.T.);
#2872 = LINE('',#2873,#2874);
#2873 = CARTESIAN_POINT('',(83.,2.,1.23));
#2874 = VECTOR('',#2875,1.);
#2875 = DIRECTION('',(0.,0.,1.));
#2876 = CYLINDRICAL_SURFACE('',#2877,1.);
#2877 = AXIS2_PLACEMENT_3D('',#2878,#2879,#2880);
#2878 = CARTESIAN_POINT('',(82.,2.,1.23));
#2879 = DIRECTION('',(0.,0.,1.));
#2880 = DIRECTION('',(1.,0.,0.));
#2881 = ADVANCED_FACE('',(#2882),#2907,.F.);
#2882 = FACE_BOUND('',#2883,.F.);
#2883 = EDGE_LOOP('',(#2884,#2885,#2893,#2901));
#2884 = ORIENTED_EDGE('',*,*,#2871,.F.);
#2885 = ORIENTED_EDGE('',*,*,#2886,.F.);
#2886 = EDGE_CURVE('',#2887,#2863,#2889,.T.);
#2887 = VERTEX_POINT('',#2888);
#2888 = CARTESIAN_POINT('',(83.,9.9,1.33));
#2889 = LINE('',#2890,#2891);
#2890 = CARTESIAN_POINT('',(83.,14.,1.33));
#2891 = VECTOR('',#2892,1.);
#2892 = DIRECTION('',(0.,-1.,0.));
#2893 = ORIENTED_EDGE('',*,*,#2894,.T.);
#2894 = EDGE_CURVE('',#2887,#2895,#2897,.T.);
#2895 = VERTEX_POINT('',#2896);
#2896 = CARTESIAN_POINT('',(83.,9.9,4.18));
#2897 = LINE('',#2898,#2899);
#2898 = CARTESIAN_POINT('',(83.,9.9,0.565));
#2899 = VECTOR('',#2900,1.);
#2900 = DIRECTION('',(0.,0.,1.));
#2901 = ORIENTED_EDGE('',*,*,#2902,.F.);
#2902 = EDGE_CURVE('',#2853,#2895,#2903,.T.);
#2903 = LINE('',#2904,#2905);
#2904 = CARTESIAN_POINT('',(83.,14.,4.18));
#2905 = VECTOR('',#2906,1.);
#2906 = DIRECTION('',(0.,1.,0.));
#2907 = PLANE('',#2908);
#2908 = AXIS2_PLACEMENT_3D('',#2909,#2910,#2911);
#2909 = CARTESIAN_POINT('',(83.,2.,1.23));
#2910 = DIRECTION('',(1.,0.,0.));
#2911 = DIRECTION('',(0.,0.,1.));
#2912 = ADVANCED_FACE('',(#2913),#2938,.T.);
#2913 = FACE_BOUND('',#2914,.T.);
#2914 = EDGE_LOOP('',(#2915,#2923,#2931,#2937));
#2915 = ORIENTED_EDGE('',*,*,#2916,.F.);
#2916 = EDGE_CURVE('',#2917,#2895,#2919,.T.);
#2917 = VERTEX_POINT('',#2918);
#2918 = CARTESIAN_POINT('',(84.,9.9,4.18));
#2919 = LINE('',#2920,#2921);
#2920 = CARTESIAN_POINT('',(59.325,9.9,4.18));
#2921 = VECTOR('',#2922,1.);
#2922 = DIRECTION('',(-1.,0.,0.));
#2923 = ORIENTED_EDGE('',*,*,#2924,.F.);
#2924 = EDGE_CURVE('',#2925,#2917,#2927,.T.);
#2925 = VERTEX_POINT('',#2926);
#2926 = CARTESIAN_POINT('',(84.,9.9,1.33));
#2927 = LINE('',#2928,#2929);
#2928 = CARTESIAN_POINT('',(84.,9.9,0.615));
#2929 = VECTOR('',#2930,1.);
#2930 = DIRECTION('',(0.,0.,1.));
#2931 = ORIENTED_EDGE('',*,*,#2932,.F.);
#2932 = EDGE_CURVE('',#2887,#2925,#2933,.T.);
#2933 = LINE('',#2934,#2935);
#2934 = CARTESIAN_POINT('',(59.325,9.9,1.33));
#2935 = VECTOR('',#2936,1.);
#2936 = DIRECTION('',(1.,0.,0.));
#2937 = ORIENTED_EDGE('',*,*,#2894,.T.);
#2938 = PLANE('',#2939);
#2939 = AXIS2_PLACEMENT_3D('',#2940,#2941,#2942);
#2940 = CARTESIAN_POINT('',(76.65,9.9,-0.1));
#2941 = DIRECTION('',(0.,1.,0.));
#2942 = DIRECTION('',(0.,0.,1.));
#2943 = ADVANCED_FACE('',(#2944),#2980,.T.);
#2944 = FACE_BOUND('',#2945,.T.);
#2945 = EDGE_LOOP('',(#2946,#2957,#2965,#2974));
#2946 = ORIENTED_EDGE('',*,*,#2947,.F.);
#2947 = EDGE_CURVE('',#2948,#2950,#2952,.T.);
#2948 = VERTEX_POINT('',#2949);
#2949 = CARTESIAN_POINT('',(82.,0.,4.18));
#2950 = VERTEX_POINT('',#2951);
#2951 = CARTESIAN_POINT('',(84.,2.,4.18));
#2952 = CIRCLE('',#2953,2.);
#2953 = AXIS2_PLACEMENT_3D('',#2954,#2955,#2956);
#2954 = CARTESIAN_POINT('',(82.,2.,4.18));
#2955 = DIRECTION('',(0.,0.,1.));
#2956 = DIRECTION('',(1.,0.,0.));
#2957 = ORIENTED_EDGE('',*,*,#2958,.F.);
#2958 = EDGE_CURVE('',#2959,#2948,#2961,.T.);
#2959 = VERTEX_POINT('',#2960);
#2960 = CARTESIAN_POINT('',(82.,0.,1.33));
#2961 = LINE('',#2962,#2963);
#2962 = CARTESIAN_POINT('',(82.,0.,1.33));
#2963 = VECTOR('',#2964,1.);
#2964 = DIRECTION('',(0.,0.,1.));
#2965 = ORIENTED_EDGE('',*,*,#2966,.T.);
#2966 = EDGE_CURVE('',#2959,#2967,#2969,.T.);
#2967 = VERTEX_POINT('',#2968);
#2968 = CARTESIAN_POINT('',(84.,2.,1.33));
#2969 = CIRCLE('',#2970,2.);
#2970 = AXIS2_PLACEMENT_3D('',#2971,#2972,#2973);
#2971 = CARTESIAN_POINT('',(82.,2.,1.33));
#2972 = DIRECTION('',(0.,0.,1.));
#2973 = DIRECTION('',(1.,0.,0.));
#2974 = ORIENTED_EDGE('',*,*,#2975,.T.);
#2975 = EDGE_CURVE('',#2967,#2950,#2976,.T.);
#2976 = LINE('',#2977,#2978);
#2977 = CARTESIAN_POINT('',(84.,2.,1.33));
#2978 = VECTOR('',#2979,1.);
#2979 = DIRECTION('',(0.,0.,1.));
#2980 = CYLINDRICAL_SURFACE('',#2981,2.);
#2981 = AXIS2_PLACEMENT_3D('',#2982,#2983,#2984);
#2982 = CARTESIAN_POINT('',(82.,2.,1.33));
#2983 = DIRECTION('',(0.,0.,1.));
#2984 = DIRECTION('',(1.,0.,0.));
#2985 = ADVANCED_FACE('',(#2986),#3002,.T.);
#2986 = FACE_BOUND('',#2987,.T.);
#2987 = EDGE_LOOP('',(#2988,#2989,#2995,#2996));
#2988 = ORIENTED_EDGE('',*,*,#2975,.F.);
#2989 = ORIENTED_EDGE('',*,*,#2990,.T.);
#2990 = EDGE_CURVE('',#2967,#2925,#2991,.T.);
#2991 = LINE('',#2992,#2993);
#2992 = CARTESIAN_POINT('',(84.,2.,1.33));
#2993 = VECTOR('',#2994,1.);
#2994 = DIRECTION('',(0.,1.,0.));
#2995 = ORIENTED_EDGE('',*,*,#2924,.T.);
#2996 = ORIENTED_EDGE('',*,*,#2997,.F.);
#2997 = EDGE_CURVE('',#2950,#2917,#2998,.T.);
#2998 = LINE('',#2999,#3000);
#2999 = CARTESIAN_POINT('',(84.,2.,4.18));
#3000 = VECTOR('',#3001,1.);
#3001 = DIRECTION('',(0.,1.,0.));
#3002 = PLANE('',#3003);
#3003 = AXIS2_PLACEMENT_3D('',#3004,#3005,#3006);
#3004 = CARTESIAN_POINT('',(84.,2.,1.33));
#3005 = DIRECTION('',(1.,0.,0.));
#3006 = DIRECTION('',(0.,0.,1.));
#3007 = ADVANCED_FACE('',(#3008,#3178),#3190,.T.);
#3008 = FACE_BOUND('',#3009,.T.);
#3009 = EDGE_LOOP('',(#3010,#3021,#3027,#3028,#3029,#3030,#3031,#3032,
    #3033,#3034,#3035,#3036,#3037,#3038,#3039,#3040,#3041,#3042,#3043,
    #3052,#3061,#3069,#3078,#3086,#3095,#3102,#3103,#3104,#3105,#3106,
    #3107,#3108,#3109,#3110,#3111,#3112,#3113,#3114,#3115,#3116,#3117,
    #3118,#3124,#3125,#3126,#3127,#3128,#3129,#3130,#3131,#3132,#3133,
    #3134,#3135,#3136,#3137,#3143,#3144,#3145,#3146,#3147,#3148,#3149,
    #3150,#3151,#3152,#3153,#3154,#3155,#3163,#3172));
#3010 = ORIENTED_EDGE('',*,*,#3011,.T.);
#3011 = EDGE_CURVE('',#3012,#3014,#3016,.T.);
#3012 = VERTEX_POINT('',#3013);
#3013 = CARTESIAN_POINT('',(0.,2.,4.18));
#3014 = VERTEX_POINT('',#3015);
#3015 = CARTESIAN_POINT('',(2.,0.,4.18));
#3016 = CIRCLE('',#3017,2.);
#3017 = AXIS2_PLACEMENT_3D('',#3018,#3019,#3020);
#3018 = CARTESIAN_POINT('',(2.,2.,4.18));
#3019 = DIRECTION('',(0.,0.,1.));
#3020 = DIRECTION('',(1.,0.,0.));
#3021 = ORIENTED_EDGE('',*,*,#3022,.T.);
#3022 = EDGE_CURVE('',#3014,#2285,#3023,.T.);
#3023 = LINE('',#3024,#3025);
#3024 = CARTESIAN_POINT('',(2.,0.,4.18));
#3025 = VECTOR('',#3026,1.);
#3026 = DIRECTION('',(1.,0.,0.));
#3027 = ORIENTED_EDGE('',*,*,#2284,.T.);
#3028 = ORIENTED_EDGE('',*,*,#2262,.T.);
#3029 = ORIENTED_EDGE('',*,*,#2220,.T.);
#3030 = ORIENTED_EDGE('',*,*,#2157,.F.);
#3031 = ORIENTED_EDGE('',*,*,#1958,.F.);
#3032 = ORIENTED_EDGE('',*,*,#1622,.T.);
#3033 = ORIENTED_EDGE('',*,*,#1534,.T.);
#3034 = ORIENTED_EDGE('',*,*,#1402,.T.);
#3035 = ORIENTED_EDGE('',*,*,#1304,.F.);
#3036 = ORIENTED_EDGE('',*,*,#1224,.T.);
#3037 = ORIENTED_EDGE('',*,*,#1255,.F.);
#3038 = ORIENTED_EDGE('',*,*,#1192,.T.);
#3039 = ORIENTED_EDGE('',*,*,#1119,.T.);
#3040 = ORIENTED_EDGE('',*,*,#971,.T.);
#3041 = ORIENTED_EDGE('',*,*,#1168,.T.);
#3042 = ORIENTED_EDGE('',*,*,#1056,.F.);
#3043 = ORIENTED_EDGE('',*,*,#3044,.F.);
#3044 = EDGE_CURVE('',#3045,#1017,#3047,.T.);
#3045 = VERTEX_POINT('',#3046);
#3046 = CARTESIAN_POINT('',(33.958257569495,1.,4.18));
#3047 = CIRCLE('',#3048,1.1);
#3048 = AXIS2_PLACEMENT_3D('',#3049,#3050,#3051);
#3049 = CARTESIAN_POINT('',(33.5,2.,4.18));
#3050 = DIRECTION('',(0.,0.,1.));
#3051 = DIRECTION('',(1.,0.,0.));
#3052 = ORIENTED_EDGE('',*,*,#3053,.F.);
#3053 = EDGE_CURVE('',#3054,#3045,#3056,.T.);
#3054 = VERTEX_POINT('',#3055);
#3055 = CARTESIAN_POINT('',(33.5,0.9,4.18));
#3056 = CIRCLE('',#3057,1.1);
#3057 = AXIS2_PLACEMENT_3D('',#3058,#3059,#3060);
#3058 = CARTESIAN_POINT('',(33.5,2.,4.18));
#3059 = DIRECTION('',(0.,0.,1.));
#3060 = DIRECTION('',(1.,0.,0.));
#3061 = ORIENTED_EDGE('',*,*,#3062,.T.);
#3062 = EDGE_CURVE('',#3054,#3063,#3065,.T.);
#3063 = VERTEX_POINT('',#3064);
#3064 = CARTESIAN_POINT('',(2.,0.9,4.18));
#3065 = LINE('',#3066,#3067);
#3066 = CARTESIAN_POINT('',(9.875,0.9,4.18));
#3067 = VECTOR('',#3068,1.);
#3068 = DIRECTION('',(-1.,0.,0.));
#3069 = ORIENTED_EDGE('',*,*,#3070,.F.);
#3070 = EDGE_CURVE('',#3071,#3063,#3073,.T.);
#3071 = VERTEX_POINT('',#3072);
#3072 = CARTESIAN_POINT('',(0.9,2.,4.18));
#3073 = CIRCLE('',#3074,1.1);
#3074 = AXIS2_PLACEMENT_3D('',#3075,#3076,#3077);
#3075 = CARTESIAN_POINT('',(2.,2.,4.18));
#3076 = DIRECTION('',(0.,0.,1.));
#3077 = DIRECTION('',(1.,0.,0.));
#3078 = ORIENTED_EDGE('',*,*,#3079,.T.);
#3079 = EDGE_CURVE('',#3071,#3080,#3082,.T.);
#3080 = VERTEX_POINT('',#3081);
#3081 = CARTESIAN_POINT('',(0.9,15.3,4.18));
#3082 = LINE('',#3083,#3084);
#3083 = CARTESIAN_POINT('',(0.9,5.325,4.18));
#3084 = VECTOR('',#3085,1.);
#3085 = DIRECTION('',(0.,1.,0.));
#3086 = ORIENTED_EDGE('',*,*,#3087,.F.);
#3087 = EDGE_CURVE('',#3088,#3080,#3090,.T.);
#3088 = VERTEX_POINT('',#3089);
#3089 = CARTESIAN_POINT('',(1.,15.758257569495,4.18));
#3090 = CIRCLE('',#3091,1.1);
#3091 = AXIS2_PLACEMENT_3D('',#3092,#3093,#3094);
#3092 = CARTESIAN_POINT('',(2.,15.3,4.18));
#3093 = DIRECTION('',(0.,0.,1.));
#3094 = DIRECTION('',(1.,0.,0.));
#3095 = ORIENTED_EDGE('',*,*,#3096,.F.);
#3096 = EDGE_CURVE('',#1097,#3088,#3097,.T.);
#3097 = CIRCLE('',#3098,1.1);
#3098 = AXIS2_PLACEMENT_3D('',#3099,#3100,#3101);
#3099 = CARTESIAN_POINT('',(2.,15.3,4.18));
#3100 = DIRECTION('',(0.,0.,1.));
#3101 = DIRECTION('',(1.,0.,0.));
#3102 = ORIENTED_EDGE('',*,*,#1104,.F.);
#3103 = ORIENTED_EDGE('',*,*,#1070,.F.);
#3104 = ORIENTED_EDGE('',*,*,#1033,.F.);
#3105 = ORIENTED_EDGE('',*,*,#1001,.F.);
#3106 = ORIENTED_EDGE('',*,*,#939,.T.);
#3107 = ORIENTED_EDGE('',*,*,#904,.T.);
#3108 = ORIENTED_EDGE('',*,*,#882,.F.);
#3109 = ORIENTED_EDGE('',*,*,#694,.T.);
#3110 = ORIENTED_EDGE('',*,*,#680,.T.);
#3111 = ORIENTED_EDGE('',*,*,#630,.F.);
#3112 = ORIENTED_EDGE('',*,*,#608,.F.);
#3113 = ORIENTED_EDGE('',*,*,#1270,.F.);
#3114 = ORIENTED_EDGE('',*,*,#575,.T.);
#3115 = ORIENTED_EDGE('',*,*,#528,.T.);
#3116 = ORIENTED_EDGE('',*,*,#506,.F.);
#3117 = ORIENTED_EDGE('',*,*,#1692,.F.);
#3118 = ORIENTED_EDGE('',*,*,#3119,.F.);
#3119 = EDGE_CURVE('',#40,#1693,#3120,.T.);
#3120 = LINE('',#3121,#3122);
#3121 = CARTESIAN_POINT('',(43.4,24.8,4.18));
#3122 = VECTOR('',#3123,1.);
#3123 = DIRECTION('',(1.,0.,0.));
#3124 = ORIENTED_EDGE('',*,*,#47,.F.);
#3125 = ORIENTED_EDGE('',*,*,#77,.T.);
#3126 = ORIENTED_EDGE('',*,*,#2721,.F.);
#3127 = ORIENTED_EDGE('',*,*,#2674,.F.);
#3128 = ORIENTED_EDGE('',*,*,#2425,.T.);
#3129 = ORIENTED_EDGE('',*,*,#2021,.T.);
#3130 = ORIENTED_EDGE('',*,*,#1644,.F.);
#3131 = ORIENTED_EDGE('',*,*,#473,.T.);
#3132 = ORIENTED_EDGE('',*,*,#394,.T.);
#3133 = ORIENTED_EDGE('',*,*,#2379,.T.);
#3134 = ORIENTED_EDGE('',*,*,#2538,.F.);
#3135 = ORIENTED_EDGE('',*,*,#149,.F.);
#3136 = ORIENTED_EDGE('',*,*,#102,.F.);
#3137 = ORIENTED_EDGE('',*,*,#3138,.T.);
#3138 = EDGE_CURVE('',#103,#2948,#3139,.T.);
#3139 = LINE('',#3140,#3141);
#3140 = CARTESIAN_POINT('',(2.,0.,4.18));
#3141 = VECTOR('',#3142,1.);
#3142 = DIRECTION('',(1.,0.,0.));
#3143 = ORIENTED_EDGE('',*,*,#2947,.T.);
#3144 = ORIENTED_EDGE('',*,*,#2997,.T.);
#3145 = ORIENTED_EDGE('',*,*,#2916,.T.);
#3146 = ORIENTED_EDGE('',*,*,#2902,.F.);
#3147 = ORIENTED_EDGE('',*,*,#2852,.F.);
#3148 = ORIENTED_EDGE('',*,*,#2699,.T.);
#3149 = ORIENTED_EDGE('',*,*,#2498,.T.);
#3150 = ORIENTED_EDGE('',*,*,#2331,.T.);
#3151 = ORIENTED_EDGE('',*,*,#316,.F.);
#3152 = ORIENTED_EDGE('',*,*,#236,.F.);
#3153 = ORIENTED_EDGE('',*,*,#222,.T.);
#3154 = ORIENTED_EDGE('',*,*,#163,.T.);
#3155 = ORIENTED_EDGE('',*,*,#3156,.F.);
#3156 = EDGE_CURVE('',#3157,#166,#3159,.T.);
#3157 = VERTEX_POINT('',#3158);
#3158 = CARTESIAN_POINT('',(2.,52.,4.18));
#3159 = LINE('',#3160,#3161);
#3160 = CARTESIAN_POINT('',(2.,52.,4.18));
#3161 = VECTOR('',#3162,1.);
#3162 = DIRECTION('',(1.,0.,0.));
#3163 = ORIENTED_EDGE('',*,*,#3164,.T.);
#3164 = EDGE_CURVE('',#3157,#3165,#3167,.T.);
#3165 = VERTEX_POINT('',#3166);
#3166 = CARTESIAN_POINT('',(0.,50.,4.18));
#3167 = CIRCLE('',#3168,2.);
#3168 = AXIS2_PLACEMENT_3D('',#3169,#3170,#3171);
#3169 = CARTESIAN_POINT('',(2.,50.,4.18));
#3170 = DIRECTION('',(0.,0.,1.));
#3171 = DIRECTION('',(1.,0.,0.));
#3172 = ORIENTED_EDGE('',*,*,#3173,.F.);
#3173 = EDGE_CURVE('',#3012,#3165,#3174,.T.);
#3174 = LINE('',#3175,#3176);
#3175 = CARTESIAN_POINT('',(0.,2.,4.18));
#3176 = VECTOR('',#3177,1.);
#3177 = DIRECTION('',(0.,1.,0.));
#3178 = FACE_BOUND('',#3179,.T.);
#3179 = EDGE_LOOP('',(#3180,#3181,#3187,#3188,#3189));
#3180 = ORIENTED_EDGE('',*,*,#284,.F.);
#3181 = ORIENTED_EDGE('',*,*,#3182,.F.);
#3182 = EDGE_CURVE('',#420,#285,#3183,.T.);
#3183 = LINE('',#3184,#3185);
#3184 = CARTESIAN_POINT('',(43.4,24.8,4.18));
#3185 = VECTOR('',#3186,1.);
#3186 = DIRECTION('',(1.,0.,0.));
#3187 = ORIENTED_EDGE('',*,*,#419,.T.);
#3188 = ORIENTED_EDGE('',*,*,#379,.F.);
#3189 = ORIENTED_EDGE('',*,*,#330,.F.);
#3190 = PLANE('',#3191);
#3191 = AXIS2_PLACEMENT_3D('',#3192,#3193,#3194);
#3192 = CARTESIAN_POINT('',(39.393785366581,23.176369500724,4.18));
#3193 = DIRECTION('',(0.,0.,1.));
#3194 = DIRECTION('',(1.,0.,0.));
#3195 = ADVANCED_FACE('',(#3196),#3222,.T.);
#3196 = FACE_BOUND('',#3197,.T.);
#3197 = EDGE_LOOP('',(#3198,#3199,#3207,#3216));
#3198 = ORIENTED_EDGE('',*,*,#3164,.F.);
#3199 = ORIENTED_EDGE('',*,*,#3200,.F.);
#3200 = EDGE_CURVE('',#3201,#3157,#3203,.T.);
#3201 = VERTEX_POINT('',#3202);
#3202 = CARTESIAN_POINT('',(2.,52.,1.33));
#3203 = LINE('',#3204,#3205);
#3204 = CARTESIAN_POINT('',(2.,52.,1.33));
#3205 = VECTOR('',#3206,1.);
#3206 = DIRECTION('',(0.,0.,1.));
#3207 = ORIENTED_EDGE('',*,*,#3208,.T.);
#3208 = EDGE_CURVE('',#3201,#3209,#3211,.T.);
#3209 = VERTEX_POINT('',#3210);
#3210 = CARTESIAN_POINT('',(0.,50.,1.33));
#3211 = CIRCLE('',#3212,2.);
#3212 = AXIS2_PLACEMENT_3D('',#3213,#3214,#3215);
#3213 = CARTESIAN_POINT('',(2.,50.,1.33));
#3214 = DIRECTION('',(0.,0.,1.));
#3215 = DIRECTION('',(1.,0.,0.));
#3216 = ORIENTED_EDGE('',*,*,#3217,.T.);
#3217 = EDGE_CURVE('',#3209,#3165,#3218,.T.);
#3218 = LINE('',#3219,#3220);
#3219 = CARTESIAN_POINT('',(0.,50.,1.33));
#3220 = VECTOR('',#3221,1.);
#3221 = DIRECTION('',(0.,0.,1.));
#3222 = CYLINDRICAL_SURFACE('',#3223,2.);
#3223 = AXIS2_PLACEMENT_3D('',#3224,#3225,#3226);
#3224 = CARTESIAN_POINT('',(2.,50.,1.33));
#3225 = DIRECTION('',(0.,0.,1.));
#3226 = DIRECTION('',(1.,0.,0.));
#3227 = ADVANCED_FACE('',(#3228),#3246,.T.);
#3228 = FACE_BOUND('',#3229,.T.);
#3229 = EDGE_LOOP('',(#3230,#3231,#3237,#3238,#3239,#3245));
#3230 = ORIENTED_EDGE('',*,*,#3022,.F.);
#3231 = ORIENTED_EDGE('',*,*,#3232,.F.);
#3232 = EDGE_CURVE('',#747,#3014,#3233,.T.);
#3233 = LINE('',#3234,#3235);
#3234 = CARTESIAN_POINT('',(2.,0.,1.33));
#3235 = VECTOR('',#3236,1.);
#3236 = DIRECTION('',(0.,0.,1.));
#3237 = ORIENTED_EDGE('',*,*,#796,.T.);
#3238 = ORIENTED_EDGE('',*,*,#1145,.T.);
#3239 = ORIENTED_EDGE('',*,*,#3240,.T.);
#3240 = EDGE_CURVE('',#1137,#2293,#3241,.T.);
#3241 = LINE('',#3242,#3243);
#3242 = CARTESIAN_POINT('',(2.,0.,1.33));
#3243 = VECTOR('',#3244,1.);
#3244 = DIRECTION('',(1.,0.,0.));
#3245 = ORIENTED_EDGE('',*,*,#2292,.F.);
#3246 = PLANE('',#3247);
#3247 = AXIS2_PLACEMENT_3D('',#3248,#3249,#3250);
#3248 = CARTESIAN_POINT('',(29.049040603049,0.,2.44595939695));
#3249 = DIRECTION('',(-0.,-1.,-0.));
#3250 = DIRECTION('',(0.,0.,-1.));
#3251 = ADVANCED_FACE('',(#3252),#3263,.F.);
#3252 = FACE_BOUND('',#3253,.T.);
#3253 = EDGE_LOOP('',(#3254,#3260,#3261,#3262));
#3254 = ORIENTED_EDGE('',*,*,#3255,.T.);
#3255 = EDGE_CURVE('',#111,#2959,#3256,.T.);
#3256 = LINE('',#3257,#3258);
#3257 = CARTESIAN_POINT('',(2.,0.,1.33));
#3258 = VECTOR('',#3259,1.);
#3259 = DIRECTION('',(1.,0.,0.));
#3260 = ORIENTED_EDGE('',*,*,#2958,.T.);
#3261 = ORIENTED_EDGE('',*,*,#3138,.F.);
#3262 = ORIENTED_EDGE('',*,*,#110,.T.);
#3263 = PLANE('',#3264);
#3264 = AXIS2_PLACEMENT_3D('',#3265,#3266,#3267);
#3265 = CARTESIAN_POINT('',(2.,0.,1.33));
#3266 = DIRECTION('',(0.,1.,0.));
#3267 = DIRECTION('',(0.,0.,1.));
#3268 = ADVANCED_FACE('',(#3269),#3287,.T.);
#3269 = FACE_BOUND('',#3270,.T.);
#3270 = EDGE_LOOP('',(#3271,#3272,#3273,#3279,#3280,#3281));
#3271 = ORIENTED_EDGE('',*,*,#3173,.T.);
#3272 = ORIENTED_EDGE('',*,*,#3217,.F.);
#3273 = ORIENTED_EDGE('',*,*,#3274,.F.);
#3274 = EDGE_CURVE('',#721,#3209,#3275,.T.);
#3275 = LINE('',#3276,#3277);
#3276 = CARTESIAN_POINT('',(0.,2.,1.33));
#3277 = VECTOR('',#3278,1.);
#3278 = DIRECTION('',(0.,1.,0.));
#3279 = ORIENTED_EDGE('',*,*,#720,.F.);
#3280 = ORIENTED_EDGE('',*,*,#755,.F.);
#3281 = ORIENTED_EDGE('',*,*,#3282,.T.);
#3282 = EDGE_CURVE('',#745,#3012,#3283,.T.);
#3283 = LINE('',#3284,#3285);
#3284 = CARTESIAN_POINT('',(0.,2.,0.31));
#3285 = VECTOR('',#3286,1.);
#3286 = DIRECTION('',(0.,0.,1.));
#3287 = PLANE('',#3288);
#3288 = AXIS2_PLACEMENT_3D('',#3289,#3290,#3291);
#3289 = CARTESIAN_POINT('',(0.,25.658820127241,2.586179872759));
#3290 = DIRECTION('',(-1.,-0.,-0.));
#3291 = DIRECTION('',(0.,0.,-1.));
#3292 = ADVANCED_FACE('',(#3293),#3309,.T.);
#3293 = FACE_BOUND('',#3294,.T.);
#3294 = EDGE_LOOP('',(#3295,#3301,#3302,#3308));
#3295 = ORIENTED_EDGE('',*,*,#3296,.F.);
#3296 = EDGE_CURVE('',#807,#3071,#3297,.T.);
#3297 = LINE('',#3298,#3299);
#3298 = CARTESIAN_POINT('',(0.9,2.,0.31));
#3299 = VECTOR('',#3300,1.);
#3300 = DIRECTION('',(0.,0.,1.));
#3301 = ORIENTED_EDGE('',*,*,#804,.F.);
#3302 = ORIENTED_EDGE('',*,*,#3303,.T.);
#3303 = EDGE_CURVE('',#805,#3080,#3304,.T.);
#3304 = LINE('',#3305,#3306);
#3305 = CARTESIAN_POINT('',(0.9,15.3,0.2));
#3306 = VECTOR('',#3307,1.);
#3307 = DIRECTION('',(0.,0.,1.));
#3308 = ORIENTED_EDGE('',*,*,#3079,.F.);
#3309 = PLANE('',#3310);
#3310 = AXIS2_PLACEMENT_3D('',#3311,#3312,#3313);
#3311 = CARTESIAN_POINT('',(0.9,8.65,2.245));
#3312 = DIRECTION('',(1.,0.,0.));
#3313 = DIRECTION('',(0.,0.,1.));
#3314 = ADVANCED_FACE('',(#3315),#3331,.T.);
#3315 = FACE_BOUND('',#3316,.T.);
#3316 = EDGE_LOOP('',(#3317,#3323,#3324,#3330));
#3317 = ORIENTED_EDGE('',*,*,#3318,.F.);
#3318 = EDGE_CURVE('',#824,#3054,#3319,.T.);
#3319 = LINE('',#3320,#3321);
#3320 = CARTESIAN_POINT('',(33.5,0.9,0.31));
#3321 = VECTOR('',#3322,1.);
#3322 = DIRECTION('',(0.,0.,1.));
#3323 = ORIENTED_EDGE('',*,*,#823,.F.);
#3324 = ORIENTED_EDGE('',*,*,#3325,.T.);
#3325 = EDGE_CURVE('',#815,#3063,#3326,.T.);
#3326 = LINE('',#3327,#3328);
#3327 = CARTESIAN_POINT('',(2.,0.9,0.2));
#3328 = VECTOR('',#3329,1.);
#3329 = DIRECTION('',(0.,0.,1.));
#3330 = ORIENTED_EDGE('',*,*,#3062,.F.);
#3331 = PLANE('',#3332);
#3332 = AXIS2_PLACEMENT_3D('',#3333,#3334,#3335);
#3333 = CARTESIAN_POINT('',(17.75,0.9,2.245));
#3334 = DIRECTION('',(0.,1.,0.));
#3335 = DIRECTION('',(0.,0.,1.));
#3336 = ADVANCED_FACE('',(#3337),#3348,.T.);
#3337 = FACE_BOUND('',#3338,.T.);
#3338 = EDGE_LOOP('',(#3339,#3340,#3341,#3342));
#3339 = ORIENTED_EDGE('',*,*,#3200,.T.);
#3340 = ORIENTED_EDGE('',*,*,#3156,.T.);
#3341 = ORIENTED_EDGE('',*,*,#191,.F.);
#3342 = ORIENTED_EDGE('',*,*,#3343,.F.);
#3343 = EDGE_CURVE('',#3201,#183,#3344,.T.);
#3344 = LINE('',#3345,#3346);
#3345 = CARTESIAN_POINT('',(2.,52.,1.33));
#3346 = VECTOR('',#3347,1.);
#3347 = DIRECTION('',(1.,0.,0.));
#3348 = PLANE('',#3349);
#3349 = AXIS2_PLACEMENT_3D('',#3350,#3351,#3352);
#3350 = CARTESIAN_POINT('',(2.,52.,1.33));
#3351 = DIRECTION('',(0.,1.,0.));
#3352 = DIRECTION('',(0.,0.,1.));
#3353 = ADVANCED_FACE('',(#3354),#3380,.T.);
#3354 = FACE_BOUND('',#3355,.T.);
#3355 = EDGE_LOOP('',(#3356,#3357,#3358,#3359,#3360,#3361,#3362,#3363,
    #3364,#3365,#3366,#3367,#3368,#3369,#3370,#3371,#3372,#3373,#3374,
    #3375,#3376,#3377,#3378,#3379));
#3356 = ORIENTED_EDGE('',*,*,#1183,.T.);
#3357 = ORIENTED_EDGE('',*,*,#1313,.T.);
#3358 = ORIENTED_EDGE('',*,*,#1518,.F.);
#3359 = ORIENTED_EDGE('',*,*,#1824,.T.);
#3360 = ORIENTED_EDGE('',*,*,#1465,.T.);
#3361 = ORIENTED_EDGE('',*,*,#1345,.T.);
#3362 = ORIENTED_EDGE('',*,*,#1434,.F.);
#3363 = ORIENTED_EDGE('',*,*,#1731,.T.);
#3364 = ORIENTED_EDGE('',*,*,#1762,.T.);
#3365 = ORIENTED_EDGE('',*,*,#1809,.T.);
#3366 = ORIENTED_EDGE('',*,*,#1841,.T.);
#3367 = ORIENTED_EDGE('',*,*,#1582,.F.);
#3368 = ORIENTED_EDGE('',*,*,#1862,.T.);
#3369 = ORIENTED_EDGE('',*,*,#1903,.F.);
#3370 = ORIENTED_EDGE('',*,*,#1924,.F.);
#3371 = ORIENTED_EDGE('',*,*,#1550,.F.);
#3372 = ORIENTED_EDGE('',*,*,#1613,.T.);
#3373 = ORIENTED_EDGE('',*,*,#1967,.T.);
#3374 = ORIENTED_EDGE('',*,*,#2205,.F.);
#3375 = ORIENTED_EDGE('',*,*,#2236,.F.);
#3376 = ORIENTED_EDGE('',*,*,#2253,.T.);
#3377 = ORIENTED_EDGE('',*,*,#2300,.T.);
#3378 = ORIENTED_EDGE('',*,*,#3240,.F.);
#3379 = ORIENTED_EDGE('',*,*,#1136,.T.);
#3380 = PLANE('',#3381);
#3381 = AXIS2_PLACEMENT_3D('',#3382,#3383,#3384);
#3382 = CARTESIAN_POINT('',(45.11979242399,6.697334635715,1.33));
#3383 = DIRECTION('',(-0.,-0.,-1.));
#3384 = DIRECTION('',(-1.,0.,0.));
#3385 = ADVANCED_FACE('',(#3386),#3412,.T.);
#3386 = FACE_BOUND('',#3387,.T.);
#3387 = EDGE_LOOP('',(#3388,#3389,#3390,#3391,#3392,#3393,#3394,#3395,
    #3396,#3397,#3398,#3399,#3400,#3401,#3402,#3403,#3404,#3405,#3406,
    #3407,#3408,#3409,#3410,#3411));
#3388 = ORIENTED_EDGE('',*,*,#640,.T.);
#3389 = ORIENTED_EDGE('',*,*,#673,.T.);
#3390 = ORIENTED_EDGE('',*,*,#728,.T.);
#3391 = ORIENTED_EDGE('',*,*,#3274,.T.);
#3392 = ORIENTED_EDGE('',*,*,#3208,.F.);
#3393 = ORIENTED_EDGE('',*,*,#3343,.T.);
#3394 = ORIENTED_EDGE('',*,*,#182,.F.);
#3395 = ORIENTED_EDGE('',*,*,#215,.F.);
#3396 = ORIENTED_EDGE('',*,*,#245,.F.);
#3397 = ORIENTED_EDGE('',*,*,#268,.F.);
#3398 = ORIENTED_EDGE('',*,*,#340,.T.);
#3399 = ORIENTED_EDGE('',*,*,#363,.F.);
#3400 = ORIENTED_EDGE('',*,*,#412,.F.);
#3401 = ORIENTED_EDGE('',*,*,#457,.F.);
#3402 = ORIENTED_EDGE('',*,*,#1653,.T.);
#3403 = ORIENTED_EDGE('',*,*,#2123,.F.);
#3404 = ORIENTED_EDGE('',*,*,#2482,.T.);
#3405 = ORIENTED_EDGE('',*,*,#2070,.T.);
#3406 = ORIENTED_EDGE('',*,*,#1685,.T.);
#3407 = ORIENTED_EDGE('',*,*,#488,.F.);
#3408 = ORIENTED_EDGE('',*,*,#544,.F.);
#3409 = ORIENTED_EDGE('',*,*,#559,.F.);
#3410 = ORIENTED_EDGE('',*,*,#1277,.T.);
#3411 = ORIENTED_EDGE('',*,*,#590,.F.);
#3412 = PLANE('',#3413);
#3413 = AXIS2_PLACEMENT_3D('',#3414,#3415,#3416);
#3414 = CARTESIAN_POINT('',(43.667784980967,42.439878223867,1.33));
#3415 = DIRECTION('',(-0.,-0.,-1.));
#3416 = DIRECTION('',(-1.,0.,0.));
#3417 = ADVANCED_FACE('',(#3418),#3437,.T.);
#3418 = FACE_BOUND('',#3419,.T.);
#3419 = EDGE_LOOP('',(#3420,#3421,#3427,#3428,#3429,#3430,#3431,#3432,
    #3433,#3434,#3435,#3436));
#3420 = ORIENTED_EDGE('',*,*,#2545,.T.);
#3421 = ORIENTED_EDGE('',*,*,#3422,.T.);
#3422 = EDGE_CURVE('',#2546,#2515,#3423,.T.);
#3423 = LINE('',#3424,#3425);
#3424 = CARTESIAN_POINT('',(69.4,24.8,1.33));
#3425 = VECTOR('',#3426,1.);
#3426 = DIRECTION('',(1.,0.,0.));
#3427 = ORIENTED_EDGE('',*,*,#2514,.F.);
#3428 = ORIENTED_EDGE('',*,*,#2690,.T.);
#3429 = ORIENTED_EDGE('',*,*,#2862,.T.);
#3430 = ORIENTED_EDGE('',*,*,#2886,.F.);
#3431 = ORIENTED_EDGE('',*,*,#2932,.T.);
#3432 = ORIENTED_EDGE('',*,*,#2990,.F.);
#3433 = ORIENTED_EDGE('',*,*,#2966,.F.);
#3434 = ORIENTED_EDGE('',*,*,#3255,.F.);
#3435 = ORIENTED_EDGE('',*,*,#118,.T.);
#3436 = ORIENTED_EDGE('',*,*,#133,.T.);
#3437 = PLANE('',#3438);
#3438 = AXIS2_PLACEMENT_3D('',#3439,#3440,#3441);
#3439 = CARTESIAN_POINT('',(74.474492632298,7.975728359054,1.33));
#3440 = DIRECTION('',(-0.,-0.,-1.));
#3441 = DIRECTION('',(-1.,0.,0.));
#3442 = ADVANCED_FACE('',(#3443),#3453,.T.);
#3443 = FACE_BOUND('',#3444,.T.);
#3444 = EDGE_LOOP('',(#3445,#3446,#3447,#3448,#3449,#3450,#3451,#3452));
#3445 = ORIENTED_EDGE('',*,*,#1598,.F.);
#3446 = ORIENTED_EDGE('',*,*,#1848,.F.);
#3447 = ORIENTED_EDGE('',*,*,#1802,.T.);
#3448 = ORIENTED_EDGE('',*,*,#1778,.T.);
#3449 = ORIENTED_EDGE('',*,*,#1747,.T.);
#3450 = ORIENTED_EDGE('',*,*,#1441,.F.);
#3451 = ORIENTED_EDGE('',*,*,#1361,.T.);
#3452 = ORIENTED_EDGE('',*,*,#1393,.T.);
#3453 = PLANE('',#3454);
#3454 = AXIS2_PLACEMENT_3D('',#3455,#3456,#3457);
#3455 = CARTESIAN_POINT('',(43.919726374003,16.13576597129,2.45));
#3456 = DIRECTION('',(0.,0.,1.));
#3457 = DIRECTION('',(1.,0.,0.));
#3458 = ADVANCED_FACE('',(#3459),#3471,.T.);
#3459 = FACE_BOUND('',#3460,.T.);
#3460 = EDGE_LOOP('',(#3461,#3462,#3463,#3464,#3465,#3466,#3467,#3468,
    #3469,#3470));
#3461 = ORIENTED_EDGE('',*,*,#2046,.F.);
#3462 = ORIENTED_EDGE('',*,*,#2465,.F.);
#3463 = ORIENTED_EDGE('',*,*,#2586,.F.);
#3464 = ORIENTED_EDGE('',*,*,#2825,.F.);
#3465 = ORIENTED_EDGE('',*,*,#2804,.F.);
#3466 = ORIENTED_EDGE('',*,*,#2747,.T.);
#3467 = ORIENTED_EDGE('',*,*,#2771,.T.);
#3468 = ORIENTED_EDGE('',*,*,#39,.F.);
#3469 = ORIENTED_EDGE('',*,*,#3119,.T.);
#3470 = ORIENTED_EDGE('',*,*,#1700,.F.);
#3471 = PLANE('',#3472);
#3472 = AXIS2_PLACEMENT_3D('',#3473,#3474,#3475);
#3473 = CARTESIAN_POINT('',(54.035951644076,24.8,3.340479541071));
#3474 = DIRECTION('',(0.,1.,0.));
#3475 = DIRECTION('',(0.,0.,1.));
#3476 = ADVANCED_FACE('',(#3477),#3487,.T.);
#3477 = FACE_BOUND('',#3478,.T.);
#3478 = EDGE_LOOP('',(#3479,#3480,#3481,#3482,#3483,#3484,#3485,#3486));
#3479 = ORIENTED_EDGE('',*,*,#2356,.F.);
#3480 = ORIENTED_EDGE('',*,*,#2522,.F.);
#3481 = ORIENTED_EDGE('',*,*,#3422,.F.);
#3482 = ORIENTED_EDGE('',*,*,#2553,.T.);
#3483 = ORIENTED_EDGE('',*,*,#2411,.F.);
#3484 = ORIENTED_EDGE('',*,*,#427,.T.);
#3485 = ORIENTED_EDGE('',*,*,#3182,.T.);
#3486 = ORIENTED_EDGE('',*,*,#292,.F.);
#3487 = PLANE('',#3488);
#3488 = AXIS2_PLACEMENT_3D('',#3489,#3490,#3491);
#3489 = CARTESIAN_POINT('',(71.385493230174,24.8,3.542234042553));
#3490 = DIRECTION('',(0.,1.,0.));
#3491 = DIRECTION('',(0.,0.,1.));
#3492 = ADVANCED_FACE('',(#3493),#3499,.T.);
#3493 = FACE_BOUND('',#3494,.T.);
#3494 = EDGE_LOOP('',(#3495,#3496,#3497,#3498));
#3495 = ORIENTED_EDGE('',*,*,#3282,.F.);
#3496 = ORIENTED_EDGE('',*,*,#744,.T.);
#3497 = ORIENTED_EDGE('',*,*,#3232,.T.);
#3498 = ORIENTED_EDGE('',*,*,#3011,.F.);
#3499 = CYLINDRICAL_SURFACE('',#3500,2.);
#3500 = AXIS2_PLACEMENT_3D('',#3501,#3502,#3503);
#3501 = CARTESIAN_POINT('',(2.,2.,1.33));
#3502 = DIRECTION('',(0.,0.,1.));
#3503 = DIRECTION('',(1.,0.,0.));
#3504 = ADVANCED_FACE('',(#3505),#3512,.F.);
#3505 = FACE_BOUND('',#3506,.T.);
#3506 = EDGE_LOOP('',(#3507,#3508,#3509,#3510,#3511));
#3507 = ORIENTED_EDGE('',*,*,#1096,.T.);
#3508 = ORIENTED_EDGE('',*,*,#3096,.T.);
#3509 = ORIENTED_EDGE('',*,*,#3087,.T.);
#3510 = ORIENTED_EDGE('',*,*,#3303,.F.);
#3511 = ORIENTED_EDGE('',*,*,#865,.F.);
#3512 = CYLINDRICAL_SURFACE('',#3513,1.1);
#3513 = AXIS2_PLACEMENT_3D('',#3514,#3515,#3516);
#3514 = CARTESIAN_POINT('',(2.,15.3,0.31));
#3515 = DIRECTION('',(0.,0.,1.));
#3516 = DIRECTION('',(1.,0.,0.));
#3517 = ADVANCED_FACE('',(#3518),#3524,.F.);
#3518 = FACE_BOUND('',#3519,.T.);
#3519 = EDGE_LOOP('',(#3520,#3521,#3522,#3523));
#3520 = ORIENTED_EDGE('',*,*,#3296,.T.);
#3521 = ORIENTED_EDGE('',*,*,#3070,.T.);
#3522 = ORIENTED_EDGE('',*,*,#3325,.F.);
#3523 = ORIENTED_EDGE('',*,*,#814,.F.);
#3524 = CYLINDRICAL_SURFACE('',#3525,1.1);
#3525 = AXIS2_PLACEMENT_3D('',#3526,#3527,#3528);
#3526 = CARTESIAN_POINT('',(2.,2.,0.31));
#3527 = DIRECTION('',(0.,0.,1.));
#3528 = DIRECTION('',(1.,0.,0.));
#3529 = ADVANCED_FACE('',(#3530),#3537,.F.);
#3530 = FACE_BOUND('',#3531,.F.);
#3531 = EDGE_LOOP('',(#3532,#3533,#3534,#3535,#3536));
#3532 = ORIENTED_EDGE('',*,*,#831,.T.);
#3533 = ORIENTED_EDGE('',*,*,#1016,.T.);
#3534 = ORIENTED_EDGE('',*,*,#3044,.F.);
#3535 = ORIENTED_EDGE('',*,*,#3053,.F.);
#3536 = ORIENTED_EDGE('',*,*,#3318,.F.);
#3537 = CYLINDRICAL_SURFACE('',#3538,1.1);
#3538 = AXIS2_PLACEMENT_3D('',#3539,#3540,#3541);
#3539 = CARTESIAN_POINT('',(33.5,2.,0.31));
#3540 = DIRECTION('',(0.,0.,1.));
#3541 = DIRECTION('',(1.,0.,0.));
#3542 = ( GEOMETRIC_REPRESENTATION_CONTEXT(3) 
GLOBAL_UNCERTAINTY_ASSIGNED_CONTEXT((#3546)) 
GLOBAL_UNIT_ASSIGNED_CONTEXT((#3543,#3544,#3545)) REPRESENTATION_CONTEXT
('Context #1','3D Context with UNIT and UNCERTAINTY') );
#3543 = ( LENGTH_UNIT() NAMED_UNIT(*) SI_UNIT(.MILLI.,.METRE.) );
#3544 = ( NAMED_UNIT(*) PLANE_ANGLE_UNIT() SI_UNIT($,.RADIAN.) );
#3545 = ( NAMED_UNIT(*) SI_UNIT($,.STERADIAN.) SOLID_ANGLE_UNIT() );
#3546 = UNCERTAINTY_MEASURE_WITH_UNIT(LENGTH_MEASURE(2.E-07),#3543,
  'distance_accuracy_value','confusion accuracy');
#3547 = PRODUCT_RELATED_PRODUCT_CATEGORY('part',$,(#7));
ENDSEC;
END-ISO-10303-21;
